Address,Token,Symbol,HumanReadableBalance,RawBalance,Decimals,LastUpdated
BjuD62v9RysrburpKb65UKeaAWRSFyi7pFLLxdE3dPv,11111111111111111111111111111111,SOL,40.144985049,40144985049,9,1744882873
GHRvDXj9BfACkJ9CoLWbpi2UkMVti9DwXJGsaFT9XDcD,11111111111111111111111111111111,SOL,1.258483236,1258483236,9,1744882873
Vote111111111111111111111111111111111111111,11111111111111111111111111111111,SOL,1e-09,1,9,1744882885
AfJiK5fnCNAkSiepu1wS5MJQWZ3qBEJwxDqJsrFC4bBU,11111111111111111111111111111111,SOL,0.0,0,9,1744882873
7XvJgtkq9dhPhTw9tcvNamtpDkFLc3mCphRfQSLMgBgA,11111111111111111111111111111111,SOL,0.633254204,633254204,9,1744882873
11111111111111111111111111111111,11111111111111111111111111111111,SOL,1e-09,1,9,1744882885
ComputeBudget111111111111111111111111111111,11111111111111111111111111111111,SOL,1e-09,1,9,1744882885
oQPnhXAbLbMuKHESaGrbXT17CyvWCpLyERSJA9HCYd7,11111111111111111111111111111111,SOL,499.187469998,499187469998,9,1744882885
7NbPAgjn6W9xH6G1opqYAXVVuJBAtn67DDbD5PTCbA3o,11111111111111111111111111111111,SOL,0.02037888,20378880,9,1744882873
HVLty4D2aHRgeFWjCdpXPorFoEwh37Smuwp4xs4ANNKQ,11111111111111111111111111111111,SOL,0.0015,1500000,9,1744882873
SoLFiHG9TfgtdUXUjWAxi3LtvYuFyDLVhBWxdMZxyCe,11111111111111111111111111111111,SOL,0.00114144,1141440,9,1744882885
SysvarRecentB1ockHashes11111111111111111111,11111111111111111111111111111111,SOL,0.04270656,42706560,9,1744882885
2y51bo8nuGLGzGCV4zr2zJuD2Ddu7myaRV3bjjw6GP9y,11111111111111111111111111111111,SOL,0.003342801,3342801,9,1744882885
Ag3Gao5hvTPDsHLBf5SBDse8wQwBrMcgE6ox1GoKgTuh,11111111111111111111111111111111,SOL,1.051468882,1051468882,9,1744882873
BVC7ziMZ5aSUpB2Ew1FHFdE7EK43hsNLmGzriY9SwjrH,11111111111111111111111111111111,SOL,0.0239424,23942400,9,1744882873
PHRKR9MUv8ir41y89cdTkARDMXQ2g7JAkEyf32xmqN4,11111111111111111111111111111111,SOL,0.00114144,1141440,9,1744882885
DEALVwKJrYswMvZAwPP5DpaN7epa6VXn16ondftGY1cB,11111111111111111111111111111111,SOL,22.76982413,22769824130,9,1744882873
9PKoSP4k2uzkCCWMi1x6iUzPPBsK5RZbVpEaz1CS2Vnk,11111111111111111111111111111111,SOL,0.03839832,38398320,9,1744882873
DEALERKFspSo5RoXNnKAhRPhTcvJeqeEgAgZsNSjCx5E,11111111111111111111111111111111,SOL,0.00114144,1141440,9,1744882873
AjAubETeBLhebBxLcErmzbavZfqF9bCxkpRAdyJtoi9G,11111111111111111111111111111111,SOL,2.788930381,2788930381,9,1744882873
FLASH6Lo6h3iasJKWDs2F8TkW2UKf3s15C8PMGuVfgBn,11111111111111111111111111111111,SOL,0.00114144,1141440,9,1744882873
DXqtMo8qRBfHcK11kBnSaCSXkWKk1huMf94R6sAxLHtf,11111111111111111111111111111111,SOL,0.00122496,1224960,9,1744882873
BYj2rSPK5JcvvVZGBN88j1TmW7mmtf1Rx3GMTqvdwB5c,11111111111111111111111111111111,SOL,0.00122496,1224960,9,1744882873
31QzXaaxY3XTfLM6QmSfELLFowQaNe6ytiT3GXpxBcbh,11111111111111111111111111111111,SOL,0.00122496,1224960,9,1744882873
65cokPf6QQmNpdwurPQu1s1QWPdumMX8iJYjdhALsbGW,11111111111111111111111111111111,SOL,0.00122496,1224960,9,1744882873
72rMJMG5jyAsiVXkxde2zWgELXj1yfqc3sYgAj1ENYns,11111111111111111111111111111111,SOL,0.00122496,1224960,9,1744882873
7HWfFZn87wBjpexboZBcV35UjTYmeaS9Kdg5jcHsbqdr,11111111111111111111111111111111,SOL,0.00122496,1224960,9,1744882873
E2jXqDkASx9njXWhnnjDGxefcEw8LoeyD3We2g3Ja5pX,11111111111111111111111111111111,SOL,0.00122496,1224960,9,1744882873
F1xtMtakpmtDvtrGs7YXeJHAmQi4owUxNns5P5qsZN35,11111111111111111111111111111111,SOL,0.00122496,1224960,9,1744882873
4RBgyAzw964UJa7QTjpq52h29YrBuyCrkfYAXbWzgV5v,11111111111111111111111111111111,SOL,0.00122496,1224960,9,1744882873
4tNprL7ziCzxHotNnuNWE8Z8znvQbg2irng4SEyjy9rs,11111111111111111111111111111111,SOL,0.00122496,1224960,9,1744882873
J7ruj3xnMc3etbcPxRoTTaHBpDCwF8LeA73k3TidKXCK,11111111111111111111111111111111,SOL,0.00122496,1224960,9,1744882873
HkbXAhndY1nErJ176ncjSYait341g23mBLcsRpFSM4QP,11111111111111111111111111111111,SOL,0.00122496,1224960,9,1744882873
4jibMQPD7xKhsU8tsrMcbKLrd7ADdRJDLr61CG4NGvQm,11111111111111111111111111111111,SOL,0.00122496,1224960,9,1744882873
7SMPa7rEnjgeDjp8S6i9yH522SXK2vQwNModGxcA5U8Y,11111111111111111111111111111111,SOL,0.00122496,1224960,9,1744882873
Dku3XJ6sFEpoQtN1JYYgY64EtMMWEsz448Z4j1XPfcad,11111111111111111111111111111111,SOL,0.00122496,1224960,9,1744882873
7DWCtB5Z8rPiyBMKUwqyC95R9tJpbhoQhLM9LbK3Z5QZ,11111111111111111111111111111111,SOL,0.00439872,4398720,9,1744882873
HfF7GCcEc76xubFCHLLXRdYcgRzwjEPdfKWqzRS8Ncog,11111111111111111111111111111111,SOL,0.00829632,8296320,9,1744882873
BjzZ33nMnbXZ7rw3Uy9Uu1W7BDCzzugqkiZoamJHRKF7,11111111111111111111111111111111,SOL,0.00579072,5790720,9,1744882873
7UVimffxr9ow1uXYxsr4LHAcV58mLzhmwaeKvJ1pjLiE,11111111111111111111111111111111,SOL,0.00182502,1825020,9,1744882873
Ghi8YvZeDEzPAGvve7we3Rthquk84CULra6ERkGQF1Rv,11111111111111111111111111111111,SOL,0.00579072,5790720,9,1744882873
4cSM2e6rvbGQUFiJbqytoVMi5GgghSMr8LwVrT9VPSPo,11111111111111111111111111111111,SOL,0.00182412,1824120,9,1744882873
4oX9yQW5oW4MEjphzMuUV9gn5VQvjCL1LwkBqrSLscQ9,11111111111111111111111111111111,SOL,0.00579072,5790720,9,1744882873
42amVS4KgzR9rA28tkVYqVXjq9Qa8dcZQMbH5EYFX6XC,11111111111111111111111111111111,SOL,0.00182382,1823820,9,1744882873
BA4Au3RCBQyZf3f55RQBsxbaHpE32qLnoGoYJYwkCQPg,11111111111111111111111111111111,SOL,0.00579072,5790720,9,1744882873
AxaxyeDT8JnWERSaTKvFXvPKkEdxnamKSqpWbsSjYg1g,11111111111111111111111111111111,SOL,0.00182352,1823520,9,1744882873
D6bfytnxoZBSzJM7fcixg5sgWJ2hj8SbwkPvb2r8XpbH,11111111111111111111111111111111,SOL,0.01018944,10189440,9,1744882873
GvxrQuz7tHxqiyfJNnGKh4GAPYycZ3cvqgmwifduiBCf,11111111111111111111111111111111,SOL,0.00579072,5790720,9,1744882873
7dbob1psH1iZBS7qPsm3Kwbf5DzSXK8Jyg31CTgTnxH5,11111111111111111111111111111111,SOL,0.04182352,41823520,9,1744882873
A8SKWb3pwbFUtxLQhnpUTfy7CkxBpWGvTLYyJyWHCMWv,11111111111111111111111111111111,SOL,0.00579072,5790720,9,1744882873
8vjchtMuJNY4oFQdTi8yCe6mhCaNBFaUbktT482TpLPS,11111111111111111111111111111111,SOL,0.00182352,1823520,9,1744882873
43f5Y7ysVysbkwqnRSjggCPPj4gvuaVnmgz9MkPUk88L,11111111111111111111111111111111,SOL,0.00579072,5790720,9,1744882873
7ajR2zA4MGMMTqRAVjghTKqPPn4kbrj3pYkAVRVwTGzP,11111111111111111111111111111111,SOL,0.00182352,1823520,9,1744882873
58NxGYaVq1CXpNJUsvUDGgBeBtMcoGHP8u58KSk2bagE,11111111111111111111111111111111,SOL,0.00579072,5790720,9,1744882873
BEMsCSQEGi2kwPA4mKnGjxnreijhMki7L4eeb96ypzF9,11111111111111111111111111111111,SOL,0.00182352,1823520,9,1744882873
AuzpQGWBNTYKXj4pe5WPoT95dc2T7ouMWpjcriF9t4XS,11111111111111111111111111111111,SOL,0.00579072,5790720,9,1744882873
Hhipna3EoWR7u8pDruUg8RxhP5F6XLh6SEHMVDmZhWi8,11111111111111111111111111111111,SOL,0.00182352,1823520,9,1744882873
5JtPiHFmkb1nv1Qvs3sryLgXmjs8p5iQexAseC2Ljjzg,11111111111111111111111111111111,SOL,0.00579072,5790720,9,1744882873
ArjngUHXrQPr1wH9Bqrji9hdDQirM6ijbzc1Jj1fXUk7,11111111111111111111111111111111,SOL,0.00182352,1823520,9,1744882873
6HukhSeVVLQekKaGJYkwztBacjhKLKywVPrmcvccaYMz,11111111111111111111111111111111,SOL,0.00684864,6848640,9,1744882873
7gfDTeMREaKcg3SMfrgVP7fjrstmrzzAeYCAcVaHTV9h,11111111111111111111111111111111,SOL,0.00579072,5790720,9,1744882873
DBE3N8uNjhKPRHfANdwGvCZghWXyLPdqdSbEW2XFwBiX,11111111111111111111111111111111,SOL,0.00182352,1823520,9,1744882873
Gw81Uk5LarYkoCtwY95b1uT8tqTyzYQf3WM3yvgi9N43,11111111111111111111111111111111,SOL,0.00579072,5790720,9,1744882873
27zzC5wXCeZeuJ3h9uAJzV5tGn6r5Tzo98S1ZceYKEb8,11111111111111111111111111111111,SOL,0.00182352,1823520,9,1744882873
DP1FnZjWzDjSMQA64BcMzUdpDpyAQ6723d5fpX4yTk5G,11111111111111111111111111111111,SOL,0.00601344,6013440,9,1744882873
AMAea38ijDJuoq14mwxzQkGEyZEnjw69eqrMQ9uHPdyP,11111111111111111111111111111111,SOL,0.00579072,5790720,9,1744882873
6B23K3tkb51vLZA14jcEQVCA1pfHptzEHFA93V5dYwbT,11111111111111111111111111111111,SOL,0.00182352,1823520,9,1744882873
F8qWvHm5F288VodQ7zGLhnrbbRR3zDbae6aNE53HQ98f,11111111111111111111111111111111,SOL,0.00601344,6013440,9,1744882873
ArnD1faZVVkkewX4HUSoDuht46egAtVvhDTFMJn3DkFo,11111111111111111111111111111111,SOL,0.00579072,5790720,9,1744882873
2eUVzcYccqXzsDU1iBuatUaDCbRKBjegEaPPeChzfocG,11111111111111111111111111111111,SOL,0.00182352,1823520,9,1744882873
Crk3yzGpPCt9thXmV9wCkBM9nBq8EHhBct71ArkKY9wA,11111111111111111111111111111111,SOL,0.00601344,6013440,9,1744882873
Ckt7Bzzq5S1aKukXZqMZov9i2gxJGAT2Yn4AunqkKdDP,11111111111111111111111111111111,SOL,0.00579072,5790720,9,1744882873
9vNb2tQoZ8bB4vzMbQLWViGwNaDJVtct13AGgno1wazp,11111111111111111111111111111111,SOL,0.00182352,1823520,9,1744882873
8c8inJVLSSvF9Kgxm4YJ88v5bNUS3wDRX23GFgbVjXxU,11111111111111111111111111111111,SOL,9.738858864,9738858864,9,1744882873
4NSNfkSgEdAtD8AKyyiu7QsavyR3GSXLXecwDEFbZCZ3,11111111111111111111111111111111,SOL,0.04905408,49054080,9,1744882873
Cv4T27XbjVoKUYwP72NQQanvZeA7W4YF9L4EnYT9kx5o,11111111111111111111111111111111,SOL,0.00261696,2616960,9,1744882873
HEvSKofvBgfaexv23kMabbYqxasxU3mQ4ibBMEmJWHny,11111111111111111111111111111111,SOL,0.00114144,1141440,9,1744882873
CMW9ZcuQzZuXACfSZAveQdq8JSwVQPyvnj9aay8v18dn,11111111111111111111111111111111,SOL,0.0,0,9,1744882873
Sysvar1nstructions1111111111111111111111111,11111111111111111111111111111111,SOL,0.0,0,9,1744882885
cjg3oHmg9uuPsP8D6g29NWvhySJkdYdAo9D25PRbKXJ,11111111111111111111111111111111,SOL,0.00114144,1141440,9,1744882873
G56X7SbZ6DsyEb4sahyeDeKA5vrz4ffZYPMhiPPBgY6F,11111111111111111111111111111111,SOL,0.04905408,49054080,9,1744882873
4GJ7cT98QfGMeLsDX4VQQ4nQdLMmtfNVeDYNx6aBEsCd,11111111111111111111111111111111,SOL,0.00261696,2616960,9,1744882873
FkWonejogWVU6JuaHrkiY4x7tcDKAN984zF29wUffqGm,11111111111111111111111111111111,SOL,0.0,0,9,1744882873
6Wzuv7vLc6Vq8HJcHwwSCE9SKcdJiuoJmJm3EMFkWERN,So11111111111111111111111111111111111111112,WSOL,18012.555772536,18012555772536,9,1744882885
6Wzuv7vLc6Vq8HJcHwwSCE9SKcdJiuoJmJm3EMFkWERN,11111111111111111111111111111111,SOL,18012.557811817,18012557811817,9,1744882885
7rt3KbWd3KQEJxP5pPfUBumfUKCo9uNDNos3XbpXPRpu,11111111111111111111111111111111,SOL,0.561784644,561784644,9,1744882873
7xQYoUjUJF1Kg6WVczoTAkaNhn5syQYcbvjmFrhjWpx,11111111111111111111111111111111,SOL,3123.517122496,3123517122496,9,1744882885
7xQYoUjUJF1Kg6WVczoTAkaNhn5syQYcbvjmFrhjWpx,So11111111111111111111111111111111111111112,WSOL,3123.515083216,3123515083216,9,1744882885
DbYLwjDEuxtETV2bfHNpyZMyZx7oXN7VWbzvx4BvdUip,11111111111111111111111111111111,SOL,0.0,0,9,1744882873
GhtwrWafaTyFJHQC6a59aXQu6dk1vpvbuRqwwPeW1Ys4,11111111111111111111111111111111,SOL,0.0,0,9,1744882873
JUP6LkbZbjS1jKKwapdHNy74zcZ3tLUZoi5QNyVTaV4,11111111111111111111111111111111,SOL,0.00114144,1141440,9,1744882885
TokenkegQfeZyiNwAJbNbGKPFXCWuBvf9Ss623VQ5DA,11111111111111111111111111111111,SOL,0.93408768,934087680,9,1744882885
jitonobundLe1111111111111111111111111111123,11111111111111111111111111111111,SOL,0.0,0,9,1744882885
ATokenGPvbdGVxr1b2hvZbsiqW5xWH25efTNsLJA8knL,11111111111111111111111111111111,SOL,0.7319136,731913600,9,1744882885
D8cy77BBepLMngZx6ZukaTff5hCt1HrWyKk3Hnd9oitf,11111111111111111111111111111111,SOL,0.0,0,9,1744882885
FWsW1xNtWscwNmKv6wVsU1iTzRN6wmmk3MjxRP5tT7hz,11111111111111111111111111111111,SOL,8882.155428733,8882155428733,9,1744882885
J56q6nX15WHRLJcsGB6s1bjaiywrn8DqLLvLccz61cYx,11111111111111111111111111111111,SOL,0.0,0,9,1744882885
3q1nvcumJweikw5NVBCnAwenUbRZssNJT8nHNHqm7Jqa,11111111111111111111111111111111,SOL,0.00203928,2039280,9,1744882885
3q1nvcumJweikw5NVBCnAwenUbRZssNJT8nHNHqm7Jqa,GAQfmVvFbTatc4gdKFXk2Aa2T2iFN35Azx8R1LZppump,Brian,140763745.581039,140763745581039,6,1744882885
96jzZ4JQybo5mUwhBb4D4mrxsnLXsVw6mdL9x9MkzD5d,11111111111111111111111111111111,SOL,135.700904965,135700904965,9,1744882885
96jzZ4JQybo5mUwhBb4D4mrxsnLXsVw6mdL9x9MkzD5d,So11111111111111111111111111111111111111112,WSOL,135.698865685,135698865685,9,1744882885
So11111111111111111111111111111111111111112,11111111111111111111111111111111,SOL,1019.894057534,1019894057534,9,1744882885
pAMMBay6oceH9fJKBRHGP5D4bD4sWpmSwMn52FMfXEA,11111111111111111111111111111111,SOL,0.00114144,1141440,9,1744882885
ADyA8hdefvWN2dbGGWFotbzWxrAvLW83WG6QCVXvJKqw,11111111111111111111111111111111,SOL,0.00306936,3069360,9,1744882885
AFu4ca3BBjD7LY8Mu2iMsEpWKJfhyQbojfiPPrHdtAPr,11111111111111111111111111111111,SOL,0.00235944,2359440,9,1744882885
GAQfmVvFbTatc4gdKFXk2Aa2T2iFN35Azx8R1LZppump,11111111111111111111111111111111,SOL,0.0014616,1461600,9,1744882885
GS4CU59F31iL7aR2Q8zVS8DRrcRnXX1yjQ66TqNVQnaR,11111111111111111111111111111111,SOL,0.0,0,9,1744882885
7uhiFHKK7XXtKkE2wU2Hr9GQ4kZZxEnUU85SMnhRcnw2,11111111111111111111111111111111,SOL,4.61981405,4619814050,9,1744882873
Nwy4aJN3RnDxycTVZXTMYDvDeErNXL9TLK1x6U13xXo,11111111111111111111111111111111,SOL,0.0015,1500000,9,1744882873
C13FZykQfLXKuMAMh2iuG7JxhQqd8otujNRAgVETU6id,11111111111111111111111111111111,SOL,0.03134784,31347840,9,1744882873
8Gucvca1cCAaQRfHFEcjiUeJ8aG2TUGj2hgY5cpupcDR,11111111111111111111111111111111,SOL,0.00256128,2561280,9,1744882873
6qCruDeg5veRnQCXCPHArPNkLoMQ5sLKijxmWdfuKXrz,11111111111111111111111111111111,SOL,0.03134784,31347840,9,1744882873
C8rb72UYR9EFmcmGboYbxCqq97wQGzj2qDDnxjk7c3Zn,11111111111111111111111111111111,SOL,0.00256128,2561280,9,1744882873
BuByMGQuKXScN466zNRzbz68SKw2kbLdfmByrxJfC8Hd,11111111111111111111111111111111,SOL,0.00114144,1141440,9,1744882873
dRiftyHA39MWEi3m9aunc5MzRF1JYuBsbn6VPcn33UH,11111111111111111111111111111111,SOL,0.00114144,1141440,9,1744882885
MemoSq4gqABAXKb96qnH8TysNcWxMyWCqXgDLGmfcHr,11111111111111111111111111111111,SOL,0.52149888,521498880,9,1744882885
8UJgxaiQx5nTrdDgph5FiahMmzduuLTLf5WmsPegYA6W,11111111111111111111111111111111,SOL,0.00935424,9354240,9,1744882873
5zpq7DvB6UdFFvpmBPspGPNfUGoBRRCE2HHg5u3gxcsN,11111111111111111111111111111111,SOL,0.007795202,7795202,9,1744882873
6gMq3mRCKf8aP3ttTyYhuijVZ2LGi14oDsBbkgubfLB3,11111111111111111111111111111111,SOL,0.00629184,6291840,9,1744882873
9VCioxmni2gDLv11qufWzT3RDERhQE4iY5Gf7NTfYyAV,11111111111111111111111111111111,SOL,0.00122496,1224960,9,1744882885
3m6i4RFWEDw2Ft4tFHPJtYgmpPe21k56M3FHeWYrgGBz,11111111111111111111111111111111,SOL,0.00122496,1224960,9,1744882885
updtkJ8HAhh3rSkBCd3p9Z1Q74yJW4rMhSbScRskDPM,11111111111111111111111111111111,SOL,2.729829374,2729829374,9,1744882873
N7Y4mxu5w74KAtu12EmBn5RoY8dBCamRwEmye9UMxJ2,11111111111111111111111111111111,SOL,0.0015,1500000,9,1744882873
2UJMqTMhAKhWQGN5V3tQY3U1mRb3xvAunJ6BggbJGLzT,11111111111111111111111111111111,SOL,0.05278464,52784640,9,1744882873
ZERor4xhbUycZ6gb9ntrhqscUcZmAbQDjEAtCf4hbZY,11111111111111111111111111111111,SOL,0.00114144,1141440,9,1744882885
4Unzu1PmGsPBzDpg962n9YCUwee2LHyZK3YsDF24ixcm,So11111111111111111111111111111111111111112,WSOL,17.980751894,17980751894,9,1744882873
4Unzu1PmGsPBzDpg962n9YCUwee2LHyZK3YsDF24ixcm,11111111111111111111111111111111,SOL,17.982791174,17982791174,9,1744882873
EuLceVgXMaJNPT7C88pnL7DRWcf1poy9BCeWY1GL8Agd,11111111111111111111111111111111,SOL,6.255669407,6255669407,9,1744882873
KLend2g3cP87fffoy8q1mQqGKjrxjC8boSyAYavgmjD,11111111111111111111111111111111,SOL,0.00114144,1141440,9,1744882873
ArN92cMkrn7SLWiSB99zGcefgfrWnCjDGr724Mq8RvP2,11111111111111111111111111111111,SOL,0.00203928,2039280,9,1744882873
ArN92cMkrn7SLWiSB99zGcefgfrWnCjDGr724Mq8RvP2,BdQR2zt6eJ5vJNWBHbE9wnjc6iDBYyQbfoSwCRX6pump,FUN,0.0,0,6,1744882873
GmuDNKjcaddGCDBQy8dkWGaye1eCqw3jk3f2rrc6BRR7,11111111111111111111111111111111,SOL,0.00203928,2039280,9,1744882873
GmuDNKjcaddGCDBQy8dkWGaye1eCqw3jk3f2rrc6BRR7,8T7RjdERSeQNqUhthUgEEUr33g6xdVVxND5YmgjSpump,Kekels,0.0,0,6,1744882873
83p7eYbfwT5S597Fxx1CXA8QcTYZssowthN1EPQgwi6x,11111111111111111111111111111111,SOL,0.07143744,71437440,9,1744882885
AfBni5ngdhzqQE7RwaeiasbFGmwUjRYFDF1aUjrJ3SeM,11111111111111111111111111111111,SOL,0.07143744,71437440,9,1744882885
CUsVKqh7bskYu15pgmzuwMGfqFz6AGHJ3Rs4eDKsL9K4,11111111111111111111111111111111,SOL,0.07143744,71437440,9,1744882885
MEViEnscUm6tsQRoGd9h6nLQaQspKj7DB2M5FwM3Xvz,11111111111111111111111111111111,SOL,0.00114144,1141440,9,1744882885
6gTJfuPHEg6uRAijRkMqNc9kan4sVZejKMxmvx2grT1p,11111111111111111111111111111111,SOL,0.06091392,60913920,9,1744882873
ywaaLvG7t1vXJo8sT3UzE8yzzZtxLM7Fmev64Jbooye,11111111111111111111111111111111,SOL,234357.763738276,234357763738276,9,1744882873
ywaaLvG7t1vXJo8sT3UzE8yzzZtxLM7Fmev64Jbooye,So11111111111111111111111111111111111111112,WSOL,234357.761698996,234357761698996,9,1744882873
EQ7hw63aBS7aPQqXsoxaaBxiwbEzaAiY9Js6tCekkqxf,11111111111111111111111111111111,SOL,518.549150294,518549150294,9,1744882873
EQ7hw63aBS7aPQqXsoxaaBxiwbEzaAiY9Js6tCekkqxf,So11111111111111111111111111111111111111112,WSOL,518.547111014,518547111014,9,1744882873
6AGB9kqgSp2mQXwYpdrV4QVV8urvCaDS35U1wsLssy6H,11111111111111111111111111111111,SOL,1.118255811,1118255811,9,1744882885
6AGB9kqgSp2mQXwYpdrV4QVV8urvCaDS35U1wsLssy6H,So11111111111111111111111111111111111111112,WSOL,1.116216531,1116216531,9,1744882885
D1ZN9Wj1fRSUQfCjhvnu1hqDMT7hzjzBBpi12nVniYD6,11111111111111111111111111111111,SOL,0.004,4000000,9,1744882885
9xgAPqi9AAAKu9mtViUAuoJXkecjfPkxMBinYsxzz9hD,11111111111111111111111111111111,SOL,0.00718272,7182720,9,1744882885
BqDgKZNApVJzr2XgddETmPc7ZAq5wKZSvy8TzxsujyWJ,11111111111111111111111111111111,SOL,0.00203928,2039280,9,1744882885
BqDgKZNApVJzr2XgddETmPc7ZAq5wKZSvy8TzxsujyWJ,BdQR2zt6eJ5vJNWBHbE9wnjc6iDBYyQbfoSwCRX6pump,FUN,16026027.795451,16026027795451,6,1744882885
E4zQBLkySipgHpSMsC4PoPSmL2yTZ9uZP2SX1diSDoWf,11111111111111111111111111111111,SOL,678.269426711,678269426711,9,1744882885
E4zQBLkySipgHpSMsC4PoPSmL2yTZ9uZP2SX1diSDoWf,So11111111111111111111111111111111111111112,WSOL,678.267387431,678267387431,9,1744882885
EKi3JFrsiFRR8qZAkras17RkwZtPMdmCTvNzT3j6JErH,11111111111111111111111111111111,SOL,0.0233856,23385600,9,1744882885
5aPKb9FQ2dofPyyidY3UTNedu9SBxmeZNL8JJvCxxMyj,11111111111111111111111111111111,SOL,0.07143744,71437440,9,1744882885
Ey8AGPTpAC46Xk999NvFiP8TgmpiAmdGeTs3VNGEXYer,11111111111111111111111111111111,SOL,0.07143744,71437440,9,1744882885
AcjPJm5R3kVe6QYsFK9cUmWXmAT12tG2hivJ9y6BaCBv,11111111111111111111111111111111,SOL,0.07143744,71437440,9,1744882885
F9ETq8N7yZZssBMrvY9ftjy2XCtjDq1zVgBM481KeH9W,11111111111111111111111111111111,SOL,0.00718272,7182720,9,1744882885
Dbx2VNBffvRJ4Zdmz7ZYqGZqqwGKqEugkCpqf8GhhVoD,11111111111111111111111111111111,SOL,0.00203928,2039280,9,1744882885
Dbx2VNBffvRJ4Zdmz7ZYqGZqqwGKqEugkCpqf8GhhVoD,BdQR2zt6eJ5vJNWBHbE9wnjc6iDBYyQbfoSwCRX6pump,FUN,4670281.408516,4670281408516,6,1744882885
JC3gzXPozTU84ZaB8kVqRXoXMwp4rh4DpLxx1aX4Mi7s,11111111111111111111111111111111,SOL,154.9845225,154984522500,9,1744882885
JC3gzXPozTU84ZaB8kVqRXoXMwp4rh4DpLxx1aX4Mi7s,So11111111111111111111111111111111111111112,WSOL,154.98248322,154982483220,9,1744882885
HgUSzRqbK7K3KpcgHiUYCoqforMkf95LGymVTSvg61V8,11111111111111111111111111111111,SOL,0.0233856,23385600,9,1744882885
65ABQraLrTr1hdTE7DXkzA5F7K1tNM3rFwFcRWuXduBi,11111111111111111111111111111111,SOL,0.07143744,71437440,9,1744882885
C35rnJvWVsR6bAuwPHS3sKvBUrMees56sWvPe1vpP5ok,11111111111111111111111111111111,SOL,0.07143744,71437440,9,1744882885
Xs8rs5MXYLtheBNakWQKCyUXCrkmPj3KJ1NKZXT6BDB,11111111111111111111111111111111,SOL,0.07143744,71437440,9,1744882885
6YNSLmhTgo6pFJmWHWeeLGP7NWw49wCYXmMAZChhkhHj,11111111111111111111111111111111,SOL,0.00203928,2039280,9,1744882885
6YNSLmhTgo6pFJmWHWeeLGP7NWw49wCYXmMAZChhkhHj,BdQR2zt6eJ5vJNWBHbE9wnjc6iDBYyQbfoSwCRX6pump,FUN,52054687.356255,52054687356255,6,1744882885
BSePTkkenj5xMfLEURRSYhasjE4xRYjHgeAKjyRcJDLK,11111111111111111111111111111111,SOL,628.963454054,628963454054,9,1744882885
BSePTkkenj5xMfLEURRSYhasjE4xRYjHgeAKjyRcJDLK,So11111111111111111111111111111111111111112,WSOL,628.961414774,628961414774,9,1744882885
BWXT6RUhit9FfJQM3pBmqeFLPYmuxgmyhMGC5sGr8RbA,11111111111111111111111111111111,SOL,2366.502929908,2366502929908,9,1744882885
BWXT6RUhit9FfJQM3pBmqeFLPYmuxgmyhMGC5sGr8RbA,So11111111111111111111111111111111111111112,WSOL,2366.500890628,2366500890628,9,1744882885
4dtWCxLkwUEP92JZ7xFjZ8yBQkAJi7WndpU29QNynhJ7,11111111111111111111111111111111,SOL,0.00203928,2039280,9,1744882885
4dtWCxLkwUEP92JZ7xFjZ8yBQkAJi7WndpU29QNynhJ7,8T7RjdERSeQNqUhthUgEEUr33g6xdVVxND5YmgjSpump,Kekels,50481026.999696,50481026999696,6,1744882885
BVCDvs7SHsS3FSBqnrcctoUikMPdVHojzjeUWgqqjKzh,11111111111111111111111111111111,SOL,401.881263683,401881263683,9,1744882885
BVCDvs7SHsS3FSBqnrcctoUikMPdVHojzjeUWgqqjKzh,So11111111111111111111111111111111111111112,WSOL,401.879224403,401879224403,9,1744882885
6Xsi2b23bpCYo6NSpo8f3Rdvw5BDM2CvzXBUGS6q9qLw,11111111111111111111111111111111,SOL,0.00718272,7182720,9,1744882885
GZ2xJKNSDwkRqN7YMLghuXyBm6Xnc27JRugD6jKkJJb,11111111111111111111111111111111,SOL,0.00203928,2039280,9,1744882885
GZ2xJKNSDwkRqN7YMLghuXyBm6Xnc27JRugD6jKkJJb,8T7RjdERSeQNqUhthUgEEUr33g6xdVVxND5YmgjSpump,Kekels,2841080.945263,2841080945263,6,1744882885
6sJWSed1gifYCqA1MY4DJ1ZcKUcBDsYUvFFan1zh1DFF,11111111111111111111111111111111,SOL,146.827432983,146827432983,9,1744882885
6sJWSed1gifYCqA1MY4DJ1ZcKUcBDsYUvFFan1zh1DFF,So11111111111111111111111111111111111111112,WSOL,146.825393703,146825393703,9,1744882885
7zzRCq1QULyZ7VbJ1vDbdmjvZK41EsPztZEMRRwyocEQ,11111111111111111111111111111111,SOL,0.0233856,23385600,9,1744882885
7nmPAaFMuse5PtsDG8BxKvEB63uzbjYGd2nqcUGKzwiN,11111111111111111111111111111111,SOL,0.07143744,71437440,9,1744882885
6fjtpz2dDMdnyevDBkBQE2KfJ39f1AN6s2q1LeJwXXMu,11111111111111111111111111111111,SOL,0.07143744,71437440,9,1744882885
GH16rViP6EbPmJr8JUCDHnRiYre6xqPUP8aYHQ2WFfMY,11111111111111111111111111111111,SOL,0.00718272,7182720,9,1744882885
4M7UMCZBGmRRsZKvP7ZCZnVerbY4g3Kqe7z95pYhnDuu,11111111111111111111111111111111,SOL,0.00203928,2039280,9,1744882885
4M7UMCZBGmRRsZKvP7ZCZnVerbY4g3Kqe7z95pYhnDuu,8T7RjdERSeQNqUhthUgEEUr33g6xdVVxND5YmgjSpump,Kekels,3644404.793897,3644404793897,6,1744882885
23j7kJe9CYaiBqLSzoKAgyLkbPdvDe54eteHRYwekpTv,11111111111111111111111111111111,SOL,57.018404425,57018404425,9,1744882885
23j7kJe9CYaiBqLSzoKAgyLkbPdvDe54eteHRYwekpTv,So11111111111111111111111111111111111111112,WSOL,57.016365145,57016365145,9,1744882885
ESXV2rrZZuQwbpgDCovSpeaGk7B3FbMkx9USd9Sn28Ad,11111111111111111111111111111111,SOL,0.0233856,23385600,9,1744882885
Dx8iy2o46sK1DzWbEcznqSKeLbLVeu7otkibA3WohGAj,11111111111111111111111111111111,SOL,0.0,0,9,1744882873
H6rHXmXoCQvq8Ue81MqNh7ow5ysPa1dSozwW3PU1dDH6,11111111111111111111111111111111,SOL,0.03335232,33352320,9,1744882873
LBUZKhRxPF3XUpBCjp4YzTKgLccjZhTSDM9YuVaPwxo,11111111111111111111111111111111,SOL,0.00114144,1141440,9,1744882885
675kPX9MHTjS2zt1qfr1NYHuzeLXfQM9H24wFSUt1Mp8,11111111111111111111111111111111,SOL,0.00114144,1141440,9,1744882885
5Q544fKrFoe6tsEbD7S8EmxGTJYAKtTVhAW5Q5pge4j1,11111111111111111111111111111111,SOL,24.254548488,24254548488,9,1744882885
BdQR2zt6eJ5vJNWBHbE9wnjc6iDBYyQbfoSwCRX6pump,11111111111111111111111111111111,SOL,6.23447227,6234472270,9,1744882885
G5UZAVbAf46s7cKWoyKu8kYTip9DGTpbLZ2qa9Aq69dP,11111111111111111111111111111111,SOL,7870.960981519,7870960981519,9,1744882885
FdqUvWCzhRSwyhetWGWuHsva9czU3GxSKRqLozJbd58Y,11111111111111111111111111111111,SOL,0.00235944,2359440,9,1744882885
8T7RjdERSeQNqUhthUgEEUr33g6xdVVxND5YmgjSpump,11111111111111111111111111111111,SOL,0.023272792,23272792,9,1744882885
9atxDpnmn9M8hKXXiDnUPkdm87JwSTcyYmGsvfrEC6Kq,11111111111111111111111111111111,SOL,0.00235944,2359440,9,1744882885
CPMMoo8L3F4NbTegBCKVNunggL7H1ZpdTHKxQB5qKP1C,11111111111111111111111111111111,SOL,0.00114144,1141440,9,1744882885
GpMZbSM2GgvTKHJirzeGfMFoaZ8UR2X7F4v8vHTvxFbL,11111111111111111111111111111111,SOL,1070.588629938,1070588629938,9,1744882885
NwFFoh9JEhaKfmJK8ymgti5nJnqMiwJXgGqprG3W11D,11111111111111111111111111111111,SOL,0.0015,1500000,9,1744882873
BuMSijp24Vg28YVi3Y8WRjpRuBdMUTYuYn1BxgoRe3yR,11111111111111111111111111111111,SOL,0.05278464,52784640,9,1744882873
6kkxbGKwXSFNYeeDPLh5HeuaZ3AURagZ3rD369LwpRrr,6EATy4aqxPqEmfnze9pAo2917tf2P6LGpovkx3hrw1yP,CAT,5369132.193112,5369132193112,6,1744882873
6kkxbGKwXSFNYeeDPLh5HeuaZ3AURagZ3rD369LwpRrr,11111111111111111111111111111111,SOL,0.00203928,2039280,9,1744882873
CDuQHTBD7jKNtQWvdcEZBS4ofq37Pd9GwNoiTzPd4hZt,11111111111111111111111111111111,SOL,4.303108122,4303108122,9,1744882873
C3My5UztytSasa2JRyHUpAJyuheTAPuceQ6eLnhqtmrZ,11111111111111111111111111111111,SOL,47.251187256,47251187256,9,1744882885
DhUpJhDyh8LtUwqoC1DDdgRqiffJy15vAeLWuLBYpC1a,11111111111111111111111111111111,SOL,0.00203928,2039280,9,1744882885
DhUpJhDyh8LtUwqoC1DDdgRqiffJy15vAeLWuLBYpC1a,6EATy4aqxPqEmfnze9pAo2917tf2P6LGpovkx3hrw1yP,CAT,343699273.048802,343699273048802,6,1744882885
BNvSMmg7c1jYF9cg8yWFnhab5FoE2VNcqch3SzDpxK2G,11111111111111111111111111111111,SOL,16.579545731,16579545731,9,1744882873
BSfD6SHZigAfDWSjzD5Q41jw8LmKwtmjskPH9XW1mrRW,11111111111111111111111111111111,SOL,0.00139896,1398960,9,1744882873
6EATy4aqxPqEmfnze9pAo2917tf2P6LGpovkx3hrw1yP,11111111111111111111111111111111,SOL,0.0014618,1461800,9,1744882885
62qc2CNXwrYqQScmEdiZFFAnJR262PxWEuNQtxfafNgV,11111111111111111111111111111111,SOL,78510.061993726,78510061993726,9,1744882885
AVUCZyuT35YSuj4RH7fwiyPu82Djn2Hfg7y2ND2XcnZH,11111111111111111111111111111111,SOL,4067.356160418,4067356160418,9,1744882873
4wTV1YmiEkRvAtNtsSGPtUrqRYQMe5SKy2uB4Jjaxnjf,11111111111111111111111111111111,SOL,0.28691436,286914360,9,1744882885
Ce6TQqeHC9p8KetsN6JsjHK7UTZk7nasjjnr7XxXp9F1,11111111111111111111111111111111,SOL,0.137104014,137104014,9,1744882885
6EF8rrecthR5Dkzon8Nwu78hRvfCKubJ14M5uBEwF6P,11111111111111111111111111111111,SOL,0.00114144,1141440,9,1744882885
SysvarRent111111111111111111111111111111111,11111111111111111111111111111111,SOL,0.0010092,1009200,9,1744882885
he1iusunGwqrNtafDtLdhsUQDFvo13z9sUa36PauBtk,11111111111111111111111111111111,SOL,0.364770627,364770627,9,1744882873
8PWR75ppAGonv9dXStjficjXmdsuDKmDoVNcy4oYhAMs,11111111111111111111111111111111,SOL,9.96651681,9966516810,9,1744882873
3Jq6J7scyTCnCpnFBbxhtAgtXabRN6pkRRdxrbwsuC2X,11111111111111111111111111111111,SOL,0.00322944,3229440,9,1744882873
DKzoshP27MUgLAUef4SXi9Fe6SCD6qUufhWSy9XVmkH5,11111111111111111111111111111111,SOL,0.00729408,7294080,9,1744882873
F58ognzKuNCw7bptH7nPkYBJKe4eGTGyDPhRjzuyZBb8,11111111111111111111111111111111,SOL,0.00203928,2039280,9,1744882873
F58ognzKuNCw7bptH7nPkYBJKe4eGTGyDPhRjzuyZBb8,USDSwr9ApdHk5bvJKMjzff41FfuX8bSxdKcR81vTwcA,USDS,0.0,0,6,1744882873
B7iEE32tk3sv3h215fd3kTJQp41vSvVxD12yi6MnPZWb,11111111111111111111111111111111,SOL,0.02416512,24165120,9,1744882873
HoL1QEEhriMdPLd7yEQGRsvtwe1uCx1ynzDn5GW1j1qo,11111111111111111111111111111111,SOL,0.0,0,9,1744882873
FL3X2pRsQ9zHENpZSKDRREtccwJuei8yg9fwDu9UN69Q,11111111111111111111111111111111,SOL,0.00114144,1141440,9,1744882873
9dtqAiethksSG7Y3ozyV8eQWSqyn1qrNQHLhqjYqmzsX,11111111111111111111111111111111,SOL,0.968334021,968334021,9,1744882873
67L8BZe5PjuJz5CXqcsp1NXfNHoAZ1qPYUrxT7Cj2iUr,11111111111111111111111111111111,SOL,0.05890944,58909440,9,1744882873
USDSwr9ApdHk5bvJKMjzff41FfuX8bSxdKcR81vTwcA,11111111111111111111111111111111,SOL,0.0014616,1461600,9,1744882873
HQaTLCJFEfcxkBXD8fy9NB79NE3nFQX22KfrSkoi81yh,11111111111111111111111111111111,SOL,0.00203928,2039280,9,1744882873
HQaTLCJFEfcxkBXD8fy9NB79NE3nFQX22KfrSkoi81yh,USDSwr9ApdHk5bvJKMjzff41FfuX8bSxdKcR81vTwcA,USDS,156896.267046,156896267046,6,1744882873
CeSYjZJyGSLDFouiueaphVpUeAK3GjRouqbMFhA415xp,11111111111111111111111111111111,SOL,0.00203928,2039280,9,1744882873
CeSYjZJyGSLDFouiueaphVpUeAK3GjRouqbMFhA415xp,USDSwr9ApdHk5bvJKMjzff41FfuX8bSxdKcR81vTwcA,USDS,0.0,0,6,1744882873
7y1HrDuPdM7WkameEfZXXYSnRwWMQfh5i6wcuVvDcr1c,11111111111111111111111111111111,SOL,0.0,0,9,1744882873
BHUi32TrEsfN2U821G4FprKrR4hTeK4LCWtA3BFetuqA,11111111111111111111111111111111,SOL,0.06091392,60913920,9,1744882873
7u3HeHxYDLhnCoErrtycNokbQYbWGzLs6JSDqGAv5PfF,11111111111111111111111111111111,SOL,0.03335252,33352520,9,1744882873
9DrvZvyWh1HuAoZxvYWMvkf2XCzryCpGgHqrMjyDWpmo,11111111111111111111111111111111,SOL,1.207614499,1207614499,9,1744882873
6nnt6N4Ay9tBeMWnVWKS24hDtE6R3fshi5TteUcSKJcQ,11111111111111111111111111111111,SOL,0.0014616,1461600,9,1744882873
3FVdzLJ8tqBmuNuSLADJFKFaJQt6F9x6zAAHCoLUFCJA,11111111111111111111111111111111,SOL,0.00203928,2039280,9,1744882873
3FVdzLJ8tqBmuNuSLADJFKFaJQt6F9x6zAAHCoLUFCJA,6nnt6N4Ay9tBeMWnVWKS24hDtE6R3fshi5TteUcSKJcQ,UNKNOWN,66088860.222374,66088860222374,6,1744882873
4aE6ow1YNDm9MRNdk8HRzFFzvs9FXBgEttWSMrH6hupD,11111111111111111111111111111111,SOL,0.00203928,2039280,9,1744882873
4aE6ow1YNDm9MRNdk8HRzFFzvs9FXBgEttWSMrH6hupD,USDSwr9ApdHk5bvJKMjzff41FfuX8bSxdKcR81vTwcA,USDS,32749199.181025,32749199181025,6,1744882873
6UodrBjL2ZreDy7QdR4YV1oxqMBjVYSEyrFpctqqwGwL,11111111111111111111111111111111,SOL,0.01575744,15757440,9,1744882873
FarmsPZpWu9i7Kky8tPN37rs2TpmMrAZrC7S7vJa91Hr,11111111111111111111111111111111,SOL,0.00114144,1141440,9,1744882873
3NJYftD5sjVfxSnUdZ1wVML8f3aC6mp1CXCL6L7TnU8C,11111111111111111111111111111111,SOL,0.2007264,200726400,9,1744882873
3sZA1qjF4GBr1XnvFTbU5HXkxpYKRdf1LRvmXqvyuZiK,11111111111111111111111111111111,SOL,25.246701459,25246701459,9,1744882873
GbpsVomudPRRwmqfTmo3MYQVTikPG6QXxqpzJexA1JRb,11111111111111111111111111111111,SOL,2.39607744,2396077440,9,1744882873
4DdmDswskDxXGpwHrXUfn2CNUm9rt21ac79GHNTN3J33,11111111111111111111111111111111,SOL,0.00182352,1823520,9,1744882873
9gNX5vguzarZZPjTnE1hWze3s6UsZ7dsU3UnAmKPnMHG,11111111111111111111111111111111,SOL,0.00182352,1823520,9,1744882873
Chpu5ZgfWX5ZzVpUx9Xvv4WPM75Xd7zPJNDPsFnCpLpk,11111111111111111111111111111111,SOL,0.20763072,207630720,9,1744882873
HFn8GnPADiny6XqUoWE8uRPPxb29ikn4yTuPa9MF2fWJ,11111111111111111111111111111111,SOL,0.00114144,1141440,9,1744882873
7pR7t5axFfkg2VZB1uAuFNUvpAeowq2v15J4gw5MmHTB,11111111111111111111111111111111,SOL,53.236612182,53236612182,9,1744882885
59k9CiZ7L1bpEivLrAtaMPMgw18syZ4RQsJUo3hbbj8x,11111111111111111111111111111111,SOL,96.207375408,96207375408,9,1744882885
fishfishrD9BwrQQiAcG6YeYZVUYVJf3tb9QGQPMJqF,11111111111111111111111111111111,SOL,454.735610043,454735610043,9,1744882885
7VGU4ZwR1e1AFekqbqv2gvjeg47e1PwMPm4BfLt6rxNk,11111111111111111111111111111111,SOL,721.086551881,721086551881,9,1744882885
HxkTYMtx4FsMCBRtJ4LTwZnGAMZE4vMbh6sPUBgRCeY7,11111111111111111111111111111111,SOL,12.300660175,12300660175,9,1744882885
2vzJjjvMAmHge5UXvPdsY5vH6vSPVivGGEcVRH83rRXg,11111111111111111111111111111111,SOL,144.247515089,144247515089,9,1744882885
2vzJjjvMAmHge5UXvPdsY5vH6vSPVivGGEcVRH83rRXg,So11111111111111111111111111111111111111112,WSOL,144.245475809,144245475809,9,1744882885
3cPeo8jQNRuE2gkmzTPYjUGqKyUXCDTMrBDnqwkBD4MC,11111111111111111111111111111111,SOL,64.202019746,64202019746,9,1744882885
3cPeo8jQNRuE2gkmzTPYjUGqKyUXCDTMrBDnqwkBD4MC,So11111111111111111111111111111111111111112,WSOL,64.199980466,64199980466,9,1744882885
43LkUb41uQVLCgiaQUfuutzhiPFweuVXKwZ15GmFjh5V,11111111111111111111111111111111,SOL,0.00203928,2039280,9,1744882885
43LkUb41uQVLCgiaQUfuutzhiPFweuVXKwZ15GmFjh5V,13TVvChoA7S2qdB7GhP8sDret3aPBetBjvWHtL3Ymeme,TIME,2554477.807932,2554477807932,6,1744882885
5Z38XsZkNyksDH6M59CRb5b864NYGHh3rqK6UGeaG3TA,11111111111111111111111111111111,SOL,0.0233856,23385600,9,1744882885
6E2caL5yaRhJRPCLepGm1Tz3x2ViUMSxcws8syGLwiKR,11111111111111111111111111111111,SOL,1358.447069582,1358447069582,9,1744882885
6E2caL5yaRhJRPCLepGm1Tz3x2ViUMSxcws8syGLwiKR,So11111111111111111111111111111111111111112,WSOL,1358.445030302,1358445030302,9,1744882885
7uRtuMjM5q9doxt64Gg9xVABVuK6NLPhHGaMbcNjNpgs,11111111111111111111111111111111,SOL,0.0233856,23385600,9,1744882885
8kEvV4XYWZnQ43SEkh19kRd3giUCJC57EaB7FwWa3RjK,11111111111111111111111111111111,SOL,0.00203928,2039280,9,1744882885
8kEvV4XYWZnQ43SEkh19kRd3giUCJC57EaB7FwWa3RjK,13TVvChoA7S2qdB7GhP8sDret3aPBetBjvWHtL3Ymeme,TIME,627536.941672,627536941672,6,1744882885
8wJymmvXgo7eK7kGgvwU3GaKaTN9nvZV2S36WC9gbrq4,11111111111111111111111111111111,SOL,0.00718272,7182720,9,1744882885
B6ZxfcLoqYuQwci8Sbs7ejni42Lt2DJK5A9K7LcnbN5k,11111111111111111111111111111111,SOL,0.00718272,7182720,9,1744882885
BxnQCF41sHv13NWu7MRBHscLGB6cypK6UF6qEWyYFGYq,11111111111111111111111111111111,SOL,0.07143744,71437440,9,1744882885
D5GxzQb9oW7mk2BLh2VzukkpUWrX4g6XChJekphdbGCt,11111111111111111111111111111111,SOL,0.00718272,7182720,9,1744882885
DrVWWu8y13x5ZdSX7JTNH3XJJwptzh8xJ8nUphJZxY94,11111111111111111111111111111111,SOL,2628.658660712,2628658660712,9,1744882885
DrVWWu8y13x5ZdSX7JTNH3XJJwptzh8xJ8nUphJZxY94,So11111111111111111111111111111111111111112,WSOL,2628.656621432,2628656621432,9,1744882885
EkxT6mc1PUH5mv5c4JfTbADMfXMNMn6ig3VGyEWJFEkf,11111111111111111111111111111111,SOL,0.07143744,71437440,9,1744882885
EmHeAVsEgT3Ja9r84yAnMz2ut7hAa43gHrbrPa4wnchX,11111111111111111111111111111111,SOL,0.006125161,6125161,9,1744882885
FKmetxwQVkf18fECSsD3UAixDqqLpCUjvXYPXqwNb9FC,11111111111111111111111111111111,SOL,0.00203928,2039280,9,1744882885
FKmetxwQVkf18fECSsD3UAixDqqLpCUjvXYPXqwNb9FC,13TVvChoA7S2qdB7GhP8sDret3aPBetBjvWHtL3Ymeme,TIME,32183725.987698,32183725987698,6,1744882885
GjwRDCAd1KFYQsZf5TVjmyrP3TtGDn42LvRFAgHFzVv,11111111111111111111111111111111,SOL,119.387971399,119387971399,9,1744882885
GjwRDCAd1KFYQsZf5TVjmyrP3TtGDn42LvRFAgHFzVv,So11111111111111111111111111111111111111112,WSOL,119.385932119,119385932119,9,1744882885
GWH4jduKuERw8RJifha1dsUrPSQiHTwidbjQKyYi3Jp2,11111111111111111111111111111111,SOL,0.00203928,2039280,9,1744882885
GWH4jduKuERw8RJifha1dsUrPSQiHTwidbjQKyYi3Jp2,13TVvChoA7S2qdB7GhP8sDret3aPBetBjvWHtL3Ymeme,TIME,23289542.234815,23289542234815,6,1744882885
HFGHNxk1zfXcmy9Dx8EK3W1HBts8jbRMGsjnMSgWNuEn,11111111111111111111111111111111,SOL,0.0233856,23385600,9,1744882885
HMg8Ueges5tMWGgG11quR524JAud9soGdQgS1U7RaFQf,11111111111111111111111111111111,SOL,0.07143744,71437440,9,1744882885
HZrNW2Sd96Mm7QRQKfVnaC6hVazCUiUvo7B41rd9TDEN,11111111111111111111111111111111,SOL,0.00203928,2039280,9,1744882885
HZrNW2Sd96Mm7QRQKfVnaC6hVazCUiUvo7B41rd9TDEN,13TVvChoA7S2qdB7GhP8sDret3aPBetBjvWHtL3Ymeme,TIME,0.0,0,6,1744882885
13TVvChoA7S2qdB7GhP8sDret3aPBetBjvWHtL3Ymeme,11111111111111111111111111111111,SOL,6.02300346,6023003460,9,1744882885
9XFCiGhW1Pkx7rGgNcMH3S9bqDjKwgjqqM2cb2YdzpJ3,11111111111111111111111111111111,SOL,0.00139896,1398960,9,1744882885
6KZLqnACXZrZ5JuPCm55m7YWesTNnCbGGDr3RysxhhCS,11111111111111111111111111111111,SOL,2.797262732,2797262732,9,1744882873
32kdTihyEG269XsADDwS6mTBGCp8kzfGZNpVnxNCD6Mh,11111111111111111111111111111111,SOL,0.08062464,80624640,9,1744882873
73rAg8NDZJHEetZBq2i27ZXtSsZmPVuCrTU9sWXtbTUL,11111111111111111111111111111111,SOL,0.00116232,1162320,9,1744882873
7nW9dfnnVEiAeApUExX5qrEyunUqEfLVEQKNmHiM1Lfh,11111111111111111111111111111111,SOL,0.00140592,1405920,9,1744882873
9rXUZoY1wHKpFQUMz97aBcAaVgd2AA3bTCe1bHqG6cuE,11111111111111111111111111111111,SOL,0.00116232,1162320,9,1744882873
AtrxbFVc1gPjqyZxs6a3tukBqXKeBPbschri5EkeSCv2,11111111111111111111111111111111,SOL,0.00154512,1545120,9,1744882873
BhvZjkooKhAt3mKuU5K2xzA383DzCD1raGcRQEASECAH,11111111111111111111111111111111,SOL,0.13127256,131272560,9,1744882873
CFharoJKXRt9bfX8ngyNUkoo69qEaFGofyF3qrmpvGH6,11111111111111111111111111111111,SOL,0.00116232,1162320,9,1744882873
D1sFttKMuayWXvhUCuoFmNynUbt3mAw7zNwdpvWyBkFn,11111111111111111111111111111111,SOL,0.84932448,849324480,9,1744882873
Dk1np8W2FDzagXAUQTbc6eFj3Ba1VsBUDpiMspbqodSB,11111111111111111111111111111111,SOL,1.82541312,1825413120,9,1744882873
ELWqJ1qU2cZKrogu2WpbiriZU9pFnNRfrtfczUQEB1tg,11111111111111111111111111111111,SOL,0.00116252,1162520,9,1744882873
FUj26WFRFc29yVJXC9T5amgCLyGjpnaiUvd4iYZmM3Uw,11111111111111111111111111111111,SOL,0.00140622,1406220,9,1744882873
HRHozM4FKoMwyXMKtd4yZeRpWwpNtwgdhqSNc2XoBKck,11111111111111111111111111111111,SOL,0.00140612,1406120,9,1744882873
NeonVMyRX5GbCrsAHnUwx1nYYoJAtskU1bWUo6JGNyG,11111111111111111111111111111111,SOL,0.00114144,1141440,9,1744882873
4uZXKf3U23ACT2R5tybBRxZrjCZTRMY4Z3DSoXdikJBX,11111111111111111111111111111111,SOL,0.0,0,9,1744882873
73qZviWhb1smApuqsRi9MrLQLor3TZJscuc7FYBLSnVU,11111111111111111111111111111111,SOL,0.06756768,67567680,9,1744882873
AUkKhfYeiQT6xxJQ6764FNqrFZNKqiPPUymak6gmAJSb,11111111111111111111111111111111,SOL,0.0,0,9,1744882873
Ew3ds9DqTnuAf6BwnRTouk4RPcEDuCtHejPbtU8NevEs,11111111111111111111111111111111,SOL,0.02689354,26893540,9,1744882873
cTVLoQdWzfgCArmDYh94fDjAVA6DcCgEf53y3dUzTbP,11111111111111111111111111111111,SOL,23.948545488,23948545488,9,1744882885
7GFUN3bWzJMKMRZ34JLsvcqdssDbXnp589SiE33KVwcC,11111111111111111111111111111111,SOL,1445.670943737,1445670943737,9,1744882885
7GFUN3bWzJMKMRZ34JLsvcqdssDbXnp589SiE33KVwcC,So11111111111111111111111111111111111111112,WSOL,1445.668904457,1445668904457,9,1744882885
GafCwL9eYsTmK6wFgzM6r6qoXfvmWpGhELrTnuE5U8cW,11111111111111111111111111111111,SOL,0.07143744,71437440,9,1744882885
CEuZ9XoamV4Tt7pcmK2r818NPrNbxhPPgnt4ir2LMJve,11111111111111111111111111111111,SOL,0.07143744,71437440,9,1744882885
5vSCV4Q3eoJ5ywQ9GcsgujyjidRGq6Y9pT9aAQujqNN7,11111111111111111111111111111111,SOL,0.07143744,71437440,9,1744882885
9FfefBjTS1pLe1W6ZETx3GZAywSY1dfdGpxZmQWBCLMc,11111111111111111111111111111111,SOL,0.07143744,71437440,9,1744882885
BLcDz5RRXx693kBrwow2QVEwVazcZiUPvmyNHevDwQHr,11111111111111111111111111111111,SOL,0.07143744,71437440,9,1744882885
HgdmoQMEFS4pgfaVjg376VC7LDGjXGvxZz19hG4D6a2T,11111111111111111111111111111111,SOL,0.07143744,71437440,9,1744882885
6MWVTis8rmmk6Vt9zmAJJbmb3VuLpzoQ1aHH4N6wQEGh,11111111111111111111111111111111,SOL,0.00114144,1141440,9,1744882885
3xptTmyEkXcDLGyvQELhwnCCh2vcqHR6o5yrBZhTNxfU,11111111111111111111111111111111,SOL,54.630964363,54630964363,9,1744882885
3xptTmyEkXcDLGyvQELhwnCCh2vcqHR6o5yrBZhTNxfU,So11111111111111111111111111111111111111112,WSOL,54.628925083,54628925083,9,1744882885
ECcVYfwSZuPTNwFehi4LXjkYxQpyBEcjvupFVk9SWvJe,11111111111111111111111111111111,SOL,0.00203928,2039280,9,1744882885
ECcVYfwSZuPTNwFehi4LXjkYxQpyBEcjvupFVk9SWvJe,DpqfDEjmgyshotRaoUqDvL2ooHpggyoZ9jGj8TeDpump,SOL,0.0,0,6,1744882885
631yjWCfyV7D9vH2jf2r7z5gmENLppYGHZrPCH3cFj2M,11111111111111111111111111111111,SOL,0.00203928,2039280,9,1744882885
631yjWCfyV7D9vH2jf2r7z5gmENLppYGHZrPCH3cFj2M,DpqfDEjmgyshotRaoUqDvL2ooHpggyoZ9jGj8TeDpump,SOL,100983885.435997,100983885435997,6,1744882885
HKLtjUowpmvTuSk4NoabhjXEUsxofHiVLDEKpVUhzNYL,11111111111111111111111111111111,SOL,395.900685802,395900685802,9,1744882885
HKLtjUowpmvTuSk4NoabhjXEUsxofHiVLDEKpVUhzNYL,So11111111111111111111111111111111111111112,WSOL,395.898646522,395898646522,9,1744882885
4KbE4SGsS5TNoXhcyUXtiTzF2CDLvYHNNpGg663z9mgX,11111111111111111111111111111111,SOL,0.00718272,7182720,9,1744882885
4trGH36etRGrg7N836ZxZEqsUykqd3hCwv3iNgPrZee1,11111111111111111111111111111111,SOL,0.00203928,2039280,9,1744882885
4trGH36etRGrg7N836ZxZEqsUykqd3hCwv3iNgPrZee1,DpqfDEjmgyshotRaoUqDvL2ooHpggyoZ9jGj8TeDpump,SOL,3415850.186294,3415850186294,6,1744882885
FBMgyiJiXYrbP9FCM4HWfZkmG4DHjfouwffUPn6A5A6J,11111111111111111111111111111111,SOL,26.774691053,26774691053,9,1744882885
FBMgyiJiXYrbP9FCM4HWfZkmG4DHjfouwffUPn6A5A6J,So11111111111111111111111111111111111111112,WSOL,26.772651773,26772651773,9,1744882885
DvAKaKvrcDDjQevnXCZFg56stvWefJxTZKQikHCfg74v,11111111111111111111111111111111,SOL,0.0233856,23385600,9,1744882885
8pXivdqcTpHPyJYvNS914kEQxSAAuhKkh4fkd86LxA3b,11111111111111111111111111111111,SOL,0.00203928,2039280,9,1744882885
8pXivdqcTpHPyJYvNS914kEQxSAAuhKkh4fkd86LxA3b,DPTP4fUfWuwVTgCmttWBu6Sy5B9TeCTBjc2YKgpDpump,Defiant,0.0,0,6,1744882885
7EF8nCp8cVnFZ7yxj3kSuLegKdn5ztagkTJjdPpYKi7Y,11111111111111111111111111111111,SOL,0.00203928,2039280,9,1744882885
7EF8nCp8cVnFZ7yxj3kSuLegKdn5ztagkTJjdPpYKi7Y,DPTP4fUfWuwVTgCmttWBu6Sy5B9TeCTBjc2YKgpDpump,Defiant,12360251.609755,12360251609755,6,1744882885
2qzn2KHdZyTVNTfxVmsrshmF3wYEa4bA5T9NgoofkmuS,11111111111111111111111111111111,SOL,1855.083404297,1855083404297,9,1744882885
2qzn2KHdZyTVNTfxVmsrshmF3wYEa4bA5T9NgoofkmuS,So11111111111111111111111111111111111111112,WSOL,1855.081365017,1855081365017,9,1744882885
E9mZvDij8APWLmM46wLKNdv1UaQx9LPUFseueRwNZyDJ,11111111111111111111111111111111,SOL,0.00718272,7182720,9,1744882885
66P95SuRznCm5Rhe3fdAsWZwR3mv4bg54Jecibnagwqi,11111111111111111111111111111111,SOL,0.00203928,2039280,9,1744882885
66P95SuRznCm5Rhe3fdAsWZwR3mv4bg54Jecibnagwqi,DPTP4fUfWuwVTgCmttWBu6Sy5B9TeCTBjc2YKgpDpump,Defiant,563173.750042,563173750042,6,1744882885
CbHZKp2LpDz4N9hAKv4eMNcGCiNXvAMr8YvobktXkwtL,11111111111111111111111111111111,SOL,647.96756908,647967569080,9,1744882885
CbHZKp2LpDz4N9hAKv4eMNcGCiNXvAMr8YvobktXkwtL,So11111111111111111111111111111111111111112,WSOL,647.9655298,647965529800,9,1744882885
6kNLuPe5W3abvapnkPiQouREhs8WXAZCiP6VKV7U9Lap,11111111111111111111111111111111,SOL,0.0233856,23385600,9,1744882885
CtegNyHqkX7CfxCGCFBpN9aFYFUsrZeHtemACa4gM7e9,11111111111111111111111111111111,SOL,0.00203928,2039280,9,1744882885
CtegNyHqkX7CfxCGCFBpN9aFYFUsrZeHtemACa4gM7e9,9Y1iXPq2CxjE45djDoX4in6ZPnMYsTwmA2zbcdRzpump,PEEP,0.0,0,6,1744882885
GWvkbpCHjjcr584z6tw2MF725zp29wSBY3zZDVZsEsW3,11111111111111111111111111111111,SOL,0.00203928,2039280,9,1744882885
GWvkbpCHjjcr584z6tw2MF725zp29wSBY3zZDVZsEsW3,9Y1iXPq2CxjE45djDoX4in6ZPnMYsTwmA2zbcdRzpump,PEEP,69425484.64848,69425484648480,6,1744882885
DBw4CN9gUsNtnj6cNEGnkWG9qj9kRdQfMCdF3XjHKHB7,11111111111111111111111111111111,SOL,377.098021655,377098021655,9,1744882885
DBw4CN9gUsNtnj6cNEGnkWG9qj9kRdQfMCdF3XjHKHB7,So11111111111111111111111111111111111111112,WSOL,377.095982375,377095982375,9,1744882885
9r624Y1BFknQwYJfr5sYEZwC7KC6C4mcnhNXwVv5YV8,11111111111111111111111111111111,SOL,0.00718272,7182720,9,1744882885
GmDpP8MZTgBBgCVUJFeVL2tNyK57j3LGWGmDHrvYLxxD,11111111111111111111111111111111,SOL,0.00203928,2039280,9,1744882885
GmDpP8MZTgBBgCVUJFeVL2tNyK57j3LGWGmDHrvYLxxD,9Y1iXPq2CxjE45djDoX4in6ZPnMYsTwmA2zbcdRzpump,PEEP,2562765.377835,2562765377835,6,1744882885
CgAfpsj6RR9czfXZD5FZ9dcMs4EnQoyYRgZB15B4boN4,11111111111111111111111111111111,SOL,35.022822728,35022822728,9,1744882885
CgAfpsj6RR9czfXZD5FZ9dcMs4EnQoyYRgZB15B4boN4,So11111111111111111111111111111111111111112,WSOL,35.020783448,35020783448,9,1744882885
J5Tnd3JNUN2noMcp5p9ZKPnJJRe6VEtwUeCmhmv7FQzT,11111111111111111111111111111111,SOL,0.0233856,23385600,9,1744882885
DEeZDTEHVnjhPVfdF6oKoPM6brr7MJp6mD3fqVysoVXE,11111111111111111111111111111111,SOL,0.00203928,2039280,9,1744882885
DEeZDTEHVnjhPVfdF6oKoPM6brr7MJp6mD3fqVysoVXE,BdQR2zt6eJ5vJNWBHbE9wnjc6iDBYyQbfoSwCRX6pump,FUN,0.0,0,6,1744882885
7VtfL8fvgNfhz17qKRMjzQEXgbdpnHHHQRh54R9jP2RJ,11111111111111111111111111111111,SOL,7845.455925546,7845455925546,9,1744882885
DpqfDEjmgyshotRaoUqDvL2ooHpggyoZ9jGj8TeDpump,11111111111111111111111111111111,SOL,0.0014616,1461600,9,1744882885
9zPLxtdmLA5cjfkhsZPiGZhHqcvCnSS8AHKRvJs1Zqfh,11111111111111111111111111111111,SOL,0.00235944,2359440,9,1744882885
DPTP4fUfWuwVTgCmttWBu6Sy5B9TeCTBjc2YKgpDpump,11111111111111111111111111111111,SOL,0.4594616,459461600,9,1744882885
7wHHYEQcgwFUupDF1yTU9gmEJUdVqGiweDYHr6ZRUXWf,11111111111111111111111111111111,SOL,0.00235944,2359440,9,1744882885
9Y1iXPq2CxjE45djDoX4in6ZPnMYsTwmA2zbcdRzpump,11111111111111111111111111111111,SOL,0.0014616,1461600,9,1744882885
Fw9AqA5vmCyJPUHvwMZaoHiqzLbvu9X5Uwq6MsN5iiA5,11111111111111111111111111111111,SOL,0.00235944,2359440,9,1744882885
G1ATngvGC2DyoMpqYsKdBp8mXdxYdFbXgX7bT1rFmYou,11111111111111111111111111111111,SOL,5.562512994,5562512994,9,1744882873
5aus1nFqGdsizpAGYzBViwpRCaqWjP5ZpGTHvALBFKnf,11111111111111111111111111111111,SOL,0.07143744,71437440,9,1744882873
6UdhMgwaXKMjWFvjrb5Myhvk3nFdZsyf4pY9q7fm2TQw,11111111111111111111111111111111,SOL,0.07143744,71437440,9,1744882873
8N1dbtDC9SMkPWcS7XZ5KMExe2dsrvL7BKUPVicaGinV,11111111111111111111111111111111,SOL,0.07143744,71437440,9,1744882873
Fqk4PsKWGosg5K6KjLfMhfESCNALdirhNaGMn2YLQPMM,11111111111111111111111111111111,SOL,0.07143744,71437440,9,1744882873
GtrkXGzGbcU6LrpoSkPefGbqKjL1yUYWeBhxK2GJLkCc,11111111111111111111111111111111,SOL,84.029124248,84029124248,9,1744882873
GtrkXGzGbcU6LrpoSkPefGbqKjL1yUYWeBhxK2GJLkCc,So11111111111111111111111111111111111111112,WSOL,84.027084968,84027084968,9,1744882873
H6FG4vq53YLPpnfDYMpZ4dw24ZDEVWUxw3kFZwiHKHxE,11111111111111111111111111111111,SOL,0.0,0,9,1744882885
Ht2rLBqg1KG5bajqdxEYJ5hspxURrFutAwVHA1QUgXdF,11111111111111111111111111111111,SOL,0.07143744,71437440,9,1744882885
JCayUeUYwhCXjUMoKBf3KTx75jMzzVFwwo8g5g2A5XfF,11111111111111111111111111111111,SOL,0.07143744,71437440,9,1744882885
JCRGumoE9Qi5BBgULTgdgTLjSgkCMSbF62ZZfGs84JeU,11111111111111111111111111111111,SOL,0.001,1000000,9,1744882885
DMHRt2KL3VqiUZVNGXbkg4pVzBSAkQHG3urnqJyrTqU,11111111111111111111111111111111,SOL,0.0233856,23385600,9,1744882873
2F9tKu9ES8xCywS1U7BSReN5uG9Wt7M5mcnadtwzWajd,11111111111111111111111111111111,SOL,0.00203928,2039280,9,1744882873
2F9tKu9ES8xCywS1U7BSReN5uG9Wt7M5mcnadtwzWajd,C3DwDjT17gDvvCYC2nsdGHxDHVmQRdhKfpAdqQ29pump,RFC,7961704.202134,7961704202134,6,1744882873
4LEue1KFSHaWGarDR8hy5VG8MFXhiuWgvvHAQXceepAJ,11111111111111111111111111111111,SOL,0.00718272,7182720,9,1744882885
5xyY6SFgq4kN9mn1Xi7RA2AdkirrdA6zfqF5ZdMcFNmG,11111111111111111111111111111111,SOL,0.00203928,2039280,9,1744882873
5xyY6SFgq4kN9mn1Xi7RA2AdkirrdA6zfqF5ZdMcFNmG,C3DwDjT17gDvvCYC2nsdGHxDHVmQRdhKfpAdqQ29pump,RFC,11837570.821458,11837570821458,6,1744882873
8bvyAHceSopbWg1DkQhepwqbKxoXfec5aquWoJxKWYCw,11111111111111111111111111111111,SOL,0.00203928,2039280,9,1744882873
8bvyAHceSopbWg1DkQhepwqbKxoXfec5aquWoJxKWYCw,8BtoThi2ZoXnF7QQK1Wjmh2JuBw9FjVvhnGMVZ2vpump,DARK,0.0,0,6,1744882873
8uxzMtAhq6kKB4HsTVrrpzqvHGkp4nRNweqe3HRgmj5Y,11111111111111111111111111111111,SOL,0.00203928,2039280,9,1744882873
8uxzMtAhq6kKB4HsTVrrpzqvHGkp4nRNweqe3HRgmj5Y,C3DwDjT17gDvvCYC2nsdGHxDHVmQRdhKfpAdqQ29pump,RFC,0.0,0,6,1744882873
9KktCzXjjbG2dbuKs1XA7M1Swk4LqUxfVika5ZzjULkj,11111111111111111111111111111111,SOL,0.00203928,2039280,9,1744882885
9KktCzXjjbG2dbuKs1XA7M1Swk4LqUxfVika5ZzjULkj,8BtoThi2ZoXnF7QQK1Wjmh2JuBw9FjVvhnGMVZ2vpump,DARK,6457312.617845,6457312617845,6,1744882885
AjZpbEpNHncA4xujAXvzjZVVTMq9TXNePYnNRHreN7uG,11111111111111111111111111111111,SOL,0.00718272,7182720,9,1744882873
B3gxpsdfJNYRYM5wgmxbkux8AvYUPhaUxNpzVNwSkf9g,11111111111111111111111111111111,SOL,0.0233856,23385600,9,1744882885
DWpvfqzGWuVy9jVSKSShdM2733nrEsnnhsUStYbkj6Nn,11111111111111111111111111111111,SOL,2202.077823673,2202077823673,9,1744882885
DWpvfqzGWuVy9jVSKSShdM2733nrEsnnhsUStYbkj6Nn,So11111111111111111111111111111111111111112,WSOL,2202.075784393,2202075784393,9,1744882885
EVGXhpRFjQwWuaDUCuNdJWrdnFSnNa7dBS5YUEboVqAh,11111111111111111111111111111111,SOL,3732.953722199,3732953722199,9,1744882885
EVGXhpRFjQwWuaDUCuNdJWrdnFSnNa7dBS5YUEboVqAh,So11111111111111111111111111111111111111112,WSOL,3732.951682919,3732951682919,9,1744882885
EuSU1ALBUpokqUJYuKyXs4XwfKjZZTgbxPnQVavCCF8D,11111111111111111111111111111111,SOL,0.00203928,2039280,9,1744882885
EuSU1ALBUpokqUJYuKyXs4XwfKjZZTgbxPnQVavCCF8D,8BtoThi2ZoXnF7QQK1Wjmh2JuBw9FjVvhnGMVZ2vpump,DARK,18021899.281635,18021899281635,6,1744882885
FjmRexSC6Di1txqvY3S32USS5JpJHMtaVnhxn7G6cAQ1,11111111111111111111111111111111,SOL,5056.538848052,5056538848052,9,1744882885
FjmRexSC6Di1txqvY3S32USS5JpJHMtaVnhxn7G6cAQ1,So11111111111111111111111111111111111111112,WSOL,5056.536808772,5056536808772,9,1744882885
GRaWUU5p235NEwa8Z1qpu6bgnxPzhrjCMUumagCLHYq9,11111111111111111111111111111111,SOL,0.00203928,2039280,9,1744882873
GRaWUU5p235NEwa8Z1qpu6bgnxPzhrjCMUumagCLHYq9,8T7RjdERSeQNqUhthUgEEUr33g6xdVVxND5YmgjSpump,Kekels,0.0,0,6,1744882873
GaD9PVv1Kczt45EtGssxeiUcQV7c6aagfQ19zXwqLxqi,11111111111111111111111111111111,SOL,7661.175709502,7661175709502,9,1744882873
GaD9PVv1Kczt45EtGssxeiUcQV7c6aagfQ19zXwqLxqi,So11111111111111111111111111111111111111112,WSOL,7661.173670222,7661173670222,9,1744882873
HVHTyE2cW4fPp2uvv1kZS5wUncPkD2xJwbCgUzrQBjGR,11111111111111111111111111111111,SOL,2098.78593095,2098785930950,9,1744882873
HVHTyE2cW4fPp2uvv1kZS5wUncPkD2xJwbCgUzrQBjGR,So11111111111111111111111111111111111111112,WSOL,2098.78389167,2098783891670,9,1744882873
4bLcvqxuLia8cFKeMKPXx31iCoty9KbU7bWYYNfCMsSV,11111111111111111111111111111111,SOL,0.193397858,193397858,9,1744882885
8BtoThi2ZoXnF7QQK1Wjmh2JuBw9FjVvhnGMVZ2vpump,11111111111111111111111111111111,SOL,172.669920289,172669920289,9,1744882885
C3DwDjT17gDvvCYC2nsdGHxDHVmQRdhKfpAdqQ29pump,11111111111111111111111111111111,SOL,188.656242689,188656242689,9,1744882873
D6Rgz1JG2syjsTXGaSAZ39cLffWL4TfabEAAnJHGRrZC,11111111111111111111111111111111,SOL,0.02395944,23959440,9,1744882873
7NL63SHFbpMDnGJkUGGRBJSEMhciyL5oDhdcGRjubhr6,11111111111111111111111111111111,SOL,0.07143744,71437440,9,1744882885
BzL21HkHy8FuMt3uD3PDpZQsjzDA9jNAmpUdKbWBzjTc,11111111111111111111111111111111,SOL,0.07143744,71437440,9,1744882885
4u7u7eM5J2EVbM8UcqQ8oRskeNZZqjerWSZmSrrmDASK,11111111111111111111111111111111,SOL,0.07143744,71437440,9,1744882885
HBsfvgasdckvR5ZwhicqrKko4fig9mJ8ZvvaRmNLjYYg,11111111111111111111111111111111,SOL,0.00718272,7182720,9,1744882885
5Ym5Q4josLm2W7RLPkDa2xXPDXV12iihPDv5NiAw55Tz,11111111111111111111111111111111,SOL,0.00203928,2039280,9,1744882885
5Ym5Q4josLm2W7RLPkDa2xXPDXV12iihPDv5NiAw55Tz,E4qzn7o7P5SR13Sd1X1JKiw6yBGXVPat6JNUuX7ypump,ethard,6455664.949601,6455664949601,6,1744882885
xNbLokCrZ8AstUUdZ2q75hX5iDjnRYEXYgD9C4eWtkR,11111111111111111111111111111111,SOL,19.729840781,19729840781,9,1744882885
xNbLokCrZ8AstUUdZ2q75hX5iDjnRYEXYgD9C4eWtkR,So11111111111111111111111111111111111111112,WSOL,19.727801501,19727801501,9,1744882885
Ae8f6bVNV2YWKVGz1sTc3FFmpZd35kJwSSRAfBzYEunU,11111111111111111111111111111111,SOL,0.0233856,23385600,9,1744882885
Fa4yqGEB6moBzWmVfUe549PjLDvdNNpTP4matq9VYuu8,11111111111111111111111111111111,SOL,0.07143744,71437440,9,1744882885
55A5f9cwvSZ2yXxvyJg9V2dF2DNuFDarqZqHhV92Vio1,11111111111111111111111111111111,SOL,0.07143744,71437440,9,1744882885
BUdqNjQkenWW9qeZDiU9QnoH9ZySgH5LyyHcPT2HJkJN,11111111111111111111111111111111,SOL,0.00203928,2039280,9,1744882885
BUdqNjQkenWW9qeZDiU9QnoH9ZySgH5LyyHcPT2HJkJN,AyrQpt5xsVYiN4BqgZdd2tZJAWswT9yLUZmP1jKqpump,jobcoin,0.0,0,6,1744882885
5bLVjpiZKF7BtAEUYzD1DbK6pmv1ExStqfBHbuMEsctD,11111111111111111111111111111111,SOL,0.00203928,2039280,9,1744882885
5bLVjpiZKF7BtAEUYzD1DbK6pmv1ExStqfBHbuMEsctD,E4qzn7o7P5SR13Sd1X1JKiw6yBGXVPat6JNUuX7ypump,ethard,0.0,0,6,1744882885
72AoXMLEyyWmLFehN2Uz3tNQPJ8Qqeb7oGdD3YZCnP5B,11111111111111111111111111111111,SOL,0.00203928,2039280,9,1744882885
72AoXMLEyyWmLFehN2Uz3tNQPJ8Qqeb7oGdD3YZCnP5B,E4qzn7o7P5SR13Sd1X1JKiw6yBGXVPat6JNUuX7ypump,ethard,136916457.357262,136916457357262,6,1744882885
3nuncqBaZ3fAwEnjFiwd1q58fvjaxSGX4AC3WRirBGKv,11111111111111111111111111111111,SOL,286.228453565,286228453565,9,1744882885
3nuncqBaZ3fAwEnjFiwd1q58fvjaxSGX4AC3WRirBGKv,So11111111111111111111111111111111111111112,WSOL,286.226414285,286226414285,9,1744882885
Gh1cHxyWAD7MiZZm6Vmxp43i3eHQQxTgGoiumJdqGxJy,11111111111111111111111111111111,SOL,0.00203928,2039280,9,1744882885
Gh1cHxyWAD7MiZZm6Vmxp43i3eHQQxTgGoiumJdqGxJy,8BtoThi2ZoXnF7QQK1Wjmh2JuBw9FjVvhnGMVZ2vpump,DARK,0.0,0,6,1744882885
NN6cVTHS7xtBKhzKXvraQcoBNgzjtECDax39NfbUMkk,11111111111111111111111111111111,SOL,0.00203928,2039280,9,1744882885
NN6cVTHS7xtBKhzKXvraQcoBNgzjtECDax39NfbUMkk,AyrQpt5xsVYiN4BqgZdd2tZJAWswT9yLUZmP1jKqpump,jobcoin,98488602.679671,98488602679671,6,1744882885
AbDxK5JVcZKrhrsZVqpWhMk74kgQDBBksFMFW2RfVK1F,11111111111111111111111111111111,SOL,346.830508098,346830508098,9,1744882885
AbDxK5JVcZKrhrsZVqpWhMk74kgQDBBksFMFW2RfVK1F,So11111111111111111111111111111111111111112,WSOL,346.828468818,346828468818,9,1744882885
BzEX5ufPC8BTe4Hzb2GHRxh5CCgRnA17a5S5XYSgiNEa,11111111111111111111111111111111,SOL,0.00718272,7182720,9,1744882885
9W2mwEGHQTHottJtW5JwcnZpmnzxf54WkyVVxNMY4fEp,11111111111111111111111111111111,SOL,0.00203928,2039280,9,1744882885
9W2mwEGHQTHottJtW5JwcnZpmnzxf54WkyVVxNMY4fEp,AyrQpt5xsVYiN4BqgZdd2tZJAWswT9yLUZmP1jKqpump,jobcoin,7778324.460403,7778324460403,6,1744882885
3wxM8X8rJquJnGNCFvrz1TfRjc7Kw953XZ3YWQ5RUDn5,11111111111111111111111111111111,SOL,56.737285623,56737285623,9,1744882885
3wxM8X8rJquJnGNCFvrz1TfRjc7Kw953XZ3YWQ5RUDn5,So11111111111111111111111111111111111111112,WSOL,56.735246343,56735246343,9,1744882885
4bioQtMkuGZbqHT8PLEXkZ4dRuRYZ7nhdzTiC6TuNfRr,11111111111111111111111111111111,SOL,0.0233856,23385600,9,1744882885
F3o4GEmtqRJ9DhCyoq13ayBPYyezpvAvSGHBbCYzxggr,11111111111111111111111111111111,SOL,0.07143744,71437440,9,1744882885
7FFp9NGhds4cy8Jinwj8tkDZLbPbspw5tVtXcU2Dy1Y9,11111111111111111111111111111111,SOL,0.00203928,2039280,9,1744882885
7FFp9NGhds4cy8Jinwj8tkDZLbPbspw5tVtXcU2Dy1Y9,51X4B3CH1zsQiD8tq74PkdDs5b29rrNFyNC37SM1pump,JOVIAL,0.0,0,6,1744882885
C4mws9zKkyuY7qyUQXBxbPsqaGukhVL3ue64dFiXQgYJ,11111111111111111111111111111111,SOL,0.00203928,2039280,9,1744882885
C4mws9zKkyuY7qyUQXBxbPsqaGukhVL3ue64dFiXQgYJ,51X4B3CH1zsQiD8tq74PkdDs5b29rrNFyNC37SM1pump,JOVIAL,182489814.062466,182489814062466,6,1744882885
AHxSNyKkNDUeK4LS4SZqngo5HTBDDb8DBiCz9Kk3mt8z,11111111111111111111111111111111,SOL,179.928269069,179928269069,9,1744882885
AHxSNyKkNDUeK4LS4SZqngo5HTBDDb8DBiCz9Kk3mt8z,So11111111111111111111111111111111111111112,WSOL,179.926229789,179926229789,9,1744882885
F9Cu3VcGWK1tTwdja7oviZerrsW9MtTVR8Z9QQv7bVLi,11111111111111111111111111111111,SOL,0.00718272,7182720,9,1744882885
6Kcae1Dq45a7o8HhUzsVDrLd3GL32UzMk3emrJKaydUS,11111111111111111111111111111111,SOL,0.00203928,2039280,9,1744882885
6Kcae1Dq45a7o8HhUzsVDrLd3GL32UzMk3emrJKaydUS,51X4B3CH1zsQiD8tq74PkdDs5b29rrNFyNC37SM1pump,JOVIAL,7744271.306928,7744271306928,6,1744882885
CceF6FA8D6k6eb9LYohsV19xD41MMPjNbtjeAi7iM1j2,11111111111111111111111111111111,SOL,9.593204394,9593204394,9,1744882885
CceF6FA8D6k6eb9LYohsV19xD41MMPjNbtjeAi7iM1j2,So11111111111111111111111111111111111111112,WSOL,9.591165114,9591165114,9,1744882885
3V3jUkbLBW9qTiWHdhqDMDvjvxaZgC9kEc6KoFhDKyVT,11111111111111111111111111111111,SOL,0.0233856,23385600,9,1744882885
AyrQpt5xsVYiN4BqgZdd2tZJAWswT9yLUZmP1jKqpump,11111111111111111111111111111111,SOL,0.2225641,222564100,9,1744882885
E4qzn7o7P5SR13Sd1X1JKiw6yBGXVPat6JNUuX7ypump,11111111111111111111111111111111,SOL,19.28657282,19286572820,9,1744882885
3j4Mck4CbQ2EpHrM6K2xCpxPqeHYF9Hk5LLS6FJ5MyeY,11111111111111111111111111111111,SOL,0.00235944,2359440,9,1744882885
8yzZgcvzk353JqUbTHeHUUA5kJhZb1EimJwCcXLCM4LH,11111111111111111111111111111111,SOL,0.00235944,2359440,9,1744882885
51X4B3CH1zsQiD8tq74PkdDs5b29rrNFyNC37SM1pump,11111111111111111111111111111111,SOL,0.892297621,892297621,9,1744882885
Er9NHHmQfoWQu3V3Tkv39sPxJTW93HfhQmcaXAtky4HL,11111111111111111111111111111111,SOL,0.00235944,2359440,9,1744882885
D34P8n4tSUA4YrfvsziNBL1RX56GfV5qBMXQn7XxkAXX,11111111111111111111111111111111,SOL,0.07143744,71437440,9,1744882873
2Ayif6jZNTPePtmxv1TvdoXDvjpbWPhozyvrh4q1Y5pk,11111111111111111111111111111111,SOL,0.07143744,71437440,9,1744882873
2dyyh54gNxktzRhaGfRsWMfEobYkgQeCCccPupwtQYyD,11111111111111111111111111111111,SOL,0.07143744,71437440,9,1744882873
FvVJt9Tmystxuagrzy2MnMRp5jvHwVLFxddrLZXxtax6,11111111111111111111111111111111,SOL,0.07143744,71437440,9,1744882873
2cTrqmRYZ4hmg1EvBeiXKGZfe5Fw5YqeopsJmX67uqZS,11111111111111111111111111111111,SOL,0.07143744,71437440,9,1744882873
FMYWbZc3D2VZbBt3Wc4YUJWW8HkZYJTdee8CcewbQBdV,11111111111111111111111111111111,SOL,0.00203928,2039280,9,1744882873
FMYWbZc3D2VZbBt3Wc4YUJWW8HkZYJTdee8CcewbQBdV,DitHyRMQiSDhn5cnKMJV2CDDt6sVct96YrECiM49pump,House,0.0,0,6,1744882873
Bht4kGkHKPgDFn33eiZQPCtCMrvFt494iW4PHVMmwK4C,11111111111111111111111111111111,SOL,0.00203928,2039280,9,1744882873
Bht4kGkHKPgDFn33eiZQPCtCMrvFt494iW4PHVMmwK4C,DitHyRMQiSDhn5cnKMJV2CDDt6sVct96YrECiM49pump,House,28438197.855711,28438197855711,6,1744882873
7B7vqD5RfknT2YQLw8rtPbLeXShKRnoqPDMEro1Xrh6M,11111111111111111111111111111111,SOL,2183.190591089,2183190591089,9,1744882873
7B7vqD5RfknT2YQLw8rtPbLeXShKRnoqPDMEro1Xrh6M,So11111111111111111111111111111111111111112,WSOL,2183.188551809,2183188551809,9,1744882873
3ELd7jBF7scUQupEWrex2wbxsX49bJGizzYZZnzh8HpL,11111111111111111111111111111111,SOL,0.00718272,7182720,9,1744882873
Etc1tZnScTsLZBqgXkGB2PvjR8bKFwCnudBxXb9tetG2,11111111111111111111111111111111,SOL,0.00203928,2039280,9,1744882873
Etc1tZnScTsLZBqgXkGB2PvjR8bKFwCnudBxXb9tetG2,DitHyRMQiSDhn5cnKMJV2CDDt6sVct96YrECiM49pump,House,16021548.183261,16021548183261,6,1744882873
hfCBkMi4eaojsGG7Wmoia6yyNxth9WEm3QceyJ9jjJ2,11111111111111111111111111111111,SOL,979.790380019,979790380019,9,1744882873
hfCBkMi4eaojsGG7Wmoia6yyNxth9WEm3QceyJ9jjJ2,So11111111111111111111111111111111111111112,WSOL,979.788340739,979788340739,9,1744882873
H1Z7ZbfZ2E9MnyMahpYANc9dBXX465FMKhJYHY2k45cu,11111111111111111111111111111111,SOL,0.0233856,23385600,9,1744882873
BxZ9oGxSWWaLw13wnP5zDX7e3GpvWA5SLUyiwN3jnBE1,11111111111111111111111111111111,SOL,0.07143744,71437440,9,1744882873
2vWCTAzQnD71hyShhKyEW5HMHEksScjyX4G2eTLW7NXm,11111111111111111111111111111111,SOL,0.07143744,71437440,9,1744882873
DitHyRMQiSDhn5cnKMJV2CDDt6sVct96YrECiM49pump,11111111111111111111111111111111,SOL,3.581872524,3581872524,9,1744882873
Gj5t6KjTw3gWW7SrMHEi1ojCkaYHyvLwb17gktf96HNH,11111111111111111111111111111111,SOL,0.00235944,2359440,9,1744882873
CgYqjuDf75CKf7JcdcLYxVRvHQcdkBH8siQNz3aMBCRr,11111111111111111111111111111111,SOL,0.00203928,2039280,9,1744882873
CgYqjuDf75CKf7JcdcLYxVRvHQcdkBH8siQNz3aMBCRr,7LSsEoJGhLeZzGvDofTdNg7M3JttxQqGWNLo6vWMpump,Figure,0.0,0,6,1744882873
5jMpkf4JF4noHftLgNKyPNh6roVfPSGSjuEk3U4eLKRa,11111111111111111111111111111111,SOL,0.00203928,2039280,9,1744882873
5jMpkf4JF4noHftLgNKyPNh6roVfPSGSjuEk3U4eLKRa,7LSsEoJGhLeZzGvDofTdNg7M3JttxQqGWNLo6vWMpump,Figure,79096402.519726,79096402519726,6,1744882873
43DVcZR4kQFjh4Xm2i3DcneRxNjZp7HMud8yDrJWrDr8,11111111111111111111111111111111,SOL,821.079492755,821079492755,9,1744882873
43DVcZR4kQFjh4Xm2i3DcneRxNjZp7HMud8yDrJWrDr8,So11111111111111111111111111111111111111112,WSOL,821.077453475,821077453475,9,1744882873
7BspVMwLCh8RE3Smhkwf6aJeqMjdzBtAMcbj2vyAvP87,11111111111111111111111111111111,SOL,0.00718272,7182720,9,1744882873
G3FvTHbTAo56WzPM4X7AKZUMyJmtee5JXraUjovj8Ect,11111111111111111111111111111111,SOL,0.00203928,2039280,9,1744882873
G3FvTHbTAo56WzPM4X7AKZUMyJmtee5JXraUjovj8Ect,7LSsEoJGhLeZzGvDofTdNg7M3JttxQqGWNLo6vWMpump,Figure,9412485.944179,9412485944179,6,1744882873
AxFkkraCVJmwG12JDw4hbRTGea2uMfqcBgQMPXNTuvQN,11111111111111111111111111111111,SOL,148.289350597,148289350597,9,1744882873
AxFkkraCVJmwG12JDw4hbRTGea2uMfqcBgQMPXNTuvQN,So11111111111111111111111111111111111111112,WSOL,148.287311317,148287311317,9,1744882873
DReEgPUyxVy91HLjE79DTGLkoJZptu7uQJrxmK8XUpHT,11111111111111111111111111111111,SOL,0.0233856,23385600,9,1744882873
B83vjphpUHwPteoFMc51QRc8zFhKfYwqDWfuZiykA3DN,11111111111111111111111111111111,SOL,0.00203928,2039280,9,1744882885
B83vjphpUHwPteoFMc51QRc8zFhKfYwqDWfuZiykA3DN,4TBi66vi32S7J8X1A6eWfaLHYmUXu7CStcEmsJQdpump,Ghibli,245.970308,245970308,6,1744882885
4vDmqnKLN2jdPGR2DMf5L6C93AG4XbHdfRAXJuironK8,11111111111111111111111111111111,SOL,0.00203928,2039280,9,1744882885
4vDmqnKLN2jdPGR2DMf5L6C93AG4XbHdfRAXJuironK8,4TBi66vi32S7J8X1A6eWfaLHYmUXu7CStcEmsJQdpump,Ghibli,47000622.577437,47000622577437,6,1744882885
5mDDjsgR9HQGFjHGy1cZ7fNYMzqkZ9hBeAJbjkcTZgCt,11111111111111111111111111111111,SOL,2184.386069498,2184386069498,9,1744882885
5mDDjsgR9HQGFjHGy1cZ7fNYMzqkZ9hBeAJbjkcTZgCt,So11111111111111111111111111111111111111112,WSOL,2184.384030218,2184384030218,9,1744882885
51hWtZ8HY2goXv6yt72YkNpf1Mb2kDwtgAarhS2YU4Wr,11111111111111111111111111111111,SOL,0.00818272,8182720,9,1744882873
6xyRFe7FN2QdNe28wLbtzFmwpQdREBSP1JoxbWzQtUkV,11111111111111111111111111111111,SOL,0.00203928,2039280,9,1744882873
6xyRFe7FN2QdNe28wLbtzFmwpQdREBSP1JoxbWzQtUkV,4TBi66vi32S7J8X1A6eWfaLHYmUXu7CStcEmsJQdpump,Ghibli,2144459.539426,2144459539426,6,1744882873
GbcSUPzdpXD1riizVbkxcpazwSeuiM2jw2TMWNcXMJH7,11111111111111111111111111111111,SOL,137.39691596,137396915960,9,1744882873
GbcSUPzdpXD1riizVbkxcpazwSeuiM2jw2TMWNcXMJH7,So11111111111111111111111111111111111111112,WSOL,137.39487668,137394876680,9,1744882873
H9urqPwDFuWBXQHxNi7hoX6TsCZvX7YyCwK4KsQFimE6,11111111111111111111111111111111,SOL,0.0233856,23385600,9,1744882873
T7uNtE13HWVix7ZMcoR4gAjjDJsFDgGRrCNAhQHeiqw,11111111111111111111111111111111,SOL,0.00203928,2039280,9,1744882873
T7uNtE13HWVix7ZMcoR4gAjjDJsFDgGRrCNAhQHeiqw,3Ksxijyb1vgCE6hvxqGejdRrQnSTKMXKDSMKki8Apump,ReFi,0.0,0,6,1744882873
2Hf7xaP3JGgRhcBRAhETB8uAGKW92xAm9xsJdbGa2Lzn,11111111111111111111111111111111,SOL,0.00203928,2039280,9,1744882873
2Hf7xaP3JGgRhcBRAhETB8uAGKW92xAm9xsJdbGa2Lzn,3Ksxijyb1vgCE6hvxqGejdRrQnSTKMXKDSMKki8Apump,ReFi,75900920.872439,75900920872439,6,1744882873
GPg2Y82wFkX9jetcFfMs3GgPbPRJxWFYZf8mPfGFgy5c,11111111111111111111111111111111,SOL,534.777341105,534777341105,9,1744882873
GPg2Y82wFkX9jetcFfMs3GgPbPRJxWFYZf8mPfGFgy5c,So11111111111111111111111111111111111111112,WSOL,534.775301825,534775301825,9,1744882873
JDBx1agDjyYE5wMkFXSwnagnzH1DHs4JQNz9VPx1eEJQ,11111111111111111111111111111111,SOL,0.00718272,7182720,9,1744882873
65QyMt4HLDDhomz2pBbJHsCwQLhhVUyj9YVKb4cUPZin,11111111111111111111111111111111,SOL,0.00203928,2039280,9,1744882873
65QyMt4HLDDhomz2pBbJHsCwQLhhVUyj9YVKb4cUPZin,3Ksxijyb1vgCE6hvxqGejdRrQnSTKMXKDSMKki8Apump,ReFi,42341750.934465,42341750934465,6,1744882873
Cjki2XGrYgVUX8grthkthiT7u8YhmXCDk7knfDuVgq2u,11111111111111111111111111111111,SOL,229.992063624,229992063624,9,1744882873
Cjki2XGrYgVUX8grthkthiT7u8YhmXCDk7knfDuVgq2u,So11111111111111111111111111111111111111112,WSOL,229.990024344,229990024344,9,1744882873
47dwSf9a2DWRPnfpFWKJptNt2TRQUYZGc7QMJ6ihBmo3,11111111111111111111111111111111,SOL,0.0233856,23385600,9,1744882873
2LM7jYy4juWa4sCHmoJp9VWMdvmBVSUTpxEE3xAwoAUJ,11111111111111111111111111111111,SOL,0.07143744,71437440,9,1744882873
7LSsEoJGhLeZzGvDofTdNg7M3JttxQqGWNLo6vWMpump,11111111111111111111111111111111,SOL,33.883058957,33883058957,9,1744882873
GseMAnNDvntR5uFePZ51yZBXzNSn7GdFPkfHwfr6d77J,11111111111111111111111111111111,SOL,0.00297888,2978880,9,1744882873
4TBi66vi32S7J8X1A6eWfaLHYmUXu7CStcEmsJQdpump,11111111111111111111111111111111,SOL,67.955787926,67955787926,9,1744882885
H9d3XHfvMGfoohydEpqh4w3mopnvjCRzE9VqaiHKdqs7,11111111111111111111111111111111,SOL,0.00655944,6559440,9,1744882885
3Ksxijyb1vgCE6hvxqGejdRrQnSTKMXKDSMKki8Apump,11111111111111111111111111111111,SOL,3.79594403,3795944030,9,1744882873
FN5FuERkERnSNmEB9xT34EWE9JsRnuo9ubwJEwfjBgXJ,11111111111111111111111111111111,SOL,3.615916956,3615916956,9,1744882873
C8iK2sy6Xixshn2YyfwMwg2dC4KFWxXyarMEfQR2vcka,11111111111111111111111111111111,SOL,0.729496589,729496589,9,1744882873
HER1j3eay7C4iWBcgy8X4MCi1wynMnfLtQbgyUV7e6ez,11111111111111111111111111111111,SOL,0.0,0,9,1744882873
8VPHY6Ve8nGswjaKHZ46Sx54v2ySarAaDFMq9pbvLkvx,11111111111111111111111111111111,SOL,0.01163712,11637120,9,1744882873
4PoxArBekZVwbjDcW9Fjit2pWmMHxxGbLJm1L2K8hmwg,11111111111111111111111111111111,SOL,0.00203928,2039280,9,1744882873
4PoxArBekZVwbjDcW9Fjit2pWmMHxxGbLJm1L2K8hmwg,GAdNRbXXDr29hYTEKcUPGiNMiwZbo57PbhDduxZ9dyQF,Supermoo,93933.483292,93933483292,6,1744882873
2qnUJAiK8ceFvmq1Ycw8SufJ34ENzUXW7oKiaAN1Je5x,11111111111111111111111111111111,SOL,98.423718965,98423718965,9,1744882873
2qnUJAiK8ceFvmq1Ycw8SufJ34ENzUXW7oKiaAN1Je5x,So11111111111111111111111111111111111111112,WSOL,98.421679685,98421679685,9,1744882873
5kvEveCbbZTV1h5FF8ov7zq6HKeUgQgp7dbB46PDKFiZ,11111111111111111111111111111111,SOL,0.00203928,2039280,9,1744882873
5kvEveCbbZTV1h5FF8ov7zq6HKeUgQgp7dbB46PDKFiZ,GAdNRbXXDr29hYTEKcUPGiNMiwZbo57PbhDduxZ9dyQF,Supermoo,17414251.686256,17414251686256,6,1744882873
BjWAnP85Q1PMA58s7EkA176mZUHALWcRx2r2xc7GWxvN,11111111111111111111111111111111,SOL,0.03209256,32092560,9,1744882873
5XKKc4tMnZ6cgstQpCHLhpNrxKwJY8zCxMq1RD2gqgcA,11111111111111111111111111111111,SOL,0.0136416,13641600,9,1744882873
GNMJDJGNzqyeF11yYaoJBA5zTP39CVRVLJ8wVHiSCFNZ,11111111111111111111111111111111,SOL,0.07216128,72161280,9,1744882873
Cw8CFyM9FkoMi7K7Crf6HNQqf4uEMzpKw6QNghXLvLkY,11111111111111111111111111111111,SOL,0.00386848,3868480,9,1744882885
CAMMCzo5YL8w4VFF8KVHrK22GGUsp5VTaW7grrKgrWqK,11111111111111111111111111111111,SOL,0.00114144,1141440,9,1744882885
9iFER3bpjf1PTTCQCfTRu17EJgvsxo9pVyA9QWwEuX4x,11111111111111111111111111111111,SOL,0.0017054,1705400,9,1744882885
GAdNRbXXDr29hYTEKcUPGiNMiwZbo57PbhDduxZ9dyQF,11111111111111111111111111111111,SOL,0.0014616,1461600,9,1744882873
TokenzQdBNbLqP5VEhdkAS6EPFLC1PHnBqCXEpPxuEb,11111111111111111111111111111111,SOL,0.00114144,1141440,9,1744882885
3MZ5eU8EEJfyh5p2p4CXXJVmhXtu4DuUGYRLykRd3Hzp,11111111111111111111111111111111,SOL,4.063316143,4063316143,9,1744882885
3Fadb7PUszCuR71JNP9x1frXSFCQmiZajew1m7Mbnn9q,11111111111111111111111111111111,SOL,0.0270744,27074400,9,1744882885
fLipggLqMEofWHqiZTBR579Bbu2tT7emw4EWS7Md9QG,11111111111111111111111111111111,SOL,2.741848199,2741848199,9,1744882873
8vjjBu1KnWR6WX6bfSn8N2sxBpS8R2perJ2sQVcasUSU,11111111111111111111111111111111,SOL,0.0,0,9,1744882873
BHdhmprkGkBqRjo4cWLGanBZTfdtPRk8dXFaLsqZdXij,11111111111111111111111111111111,SOL,0.0061248,6124800,9,1744882873
9X5aBDypYQGpJJY1knV8wTzejJyCLrMBwEJQ2pMAjDr6,11111111111111111111111111111111,SOL,0.02335776,23357760,9,1744882873
53f7Y7JvHyJUHmPmZkN7CABWGswC9Y4nXzGXRBr1LE1,11111111111111111111111111111111,SOL,0.01625856,16258560,9,1744882873
ACwAoZGQBXovRJfLoy8R4i4cdLvio5JdwZnACNuLBpnX,11111111111111111111111111111111,SOL,545.418505213,545418505213,9,1744882873
ACwAoZGQBXovRJfLoy8R4i4cdLvio5JdwZnACNuLBpnX,So11111111111111111111111111111111111111112,WSOL,545.416465932,545416465932,9,1744882873
DesjbSPC8EhaiqGrKgXxpySWWGXrEq76iKs1fi8qpZC6,11111111111111111111111111111111,SOL,0.00203928,2039280,9,1744882873
DesjbSPC8EhaiqGrKgXxpySWWGXrEq76iKs1fi8qpZC6,C9FVTtx4WxgHmz55FEvQgykq8rqiLS8xRBVgqQVtpump,CENTS,275580816.814837,275580816814837,6,1744882873
BNCbLyz1tSNMXRGkGQniAea3NhCiYLdKMEXsXtAQd54B,11111111111111111111111111111111,SOL,0.00359136,3591360,9,1744882873
6MB6swdRGbrx6TvU6TzNMw4HC7hfUb7usrrLnzk8P8iF,11111111111111111111111111111111,SOL,0.45710496,457104960,9,1744882873
HYeHYxzxwexVkYW2xnubnBTEj4Pj6QW7jjvUjt7fQaNN,11111111111111111111111111111111,SOL,0.45710496,457104960,9,1744882873
GUy5ahC5hEMN7ZimUMe8yAkXS3u9847izEmmuq9g1m1m,11111111111111111111111111111111,SOL,1.82549664,1825496640,9,1744882873
DazdB3kQjwvjPrZk8aTCpDf5cRCwBNsaB8mLKGACQiXD,11111111111111111111111111111111,SOL,0.00203928,2039280,9,1744882873
DazdB3kQjwvjPrZk8aTCpDf5cRCwBNsaB8mLKGACQiXD,So11111111111111111111111111111111111111112,WSOL,0.0,0,9,1744882873
EumBbLzfoUMfzPrhdU8QRwHxZma3jyUGZ5wo8XRygpBb,11111111111111111111111111111111,SOL,0.00203928,2039280,9,1744882873
EumBbLzfoUMfzPrhdU8QRwHxZma3jyUGZ5wo8XRygpBb,C9FVTtx4WxgHmz55FEvQgykq8rqiLS8xRBVgqQVtpump,CENTS,0.008843,8843,6,1744882873
5yYfDqmRMh4SSJh5bVcCnXrwhNgZEK9DHNTDqvHwm9Ru,11111111111111111111111111111111,SOL,0.00203928,2039280,9,1744882873
5yYfDqmRMh4SSJh5bVcCnXrwhNgZEK9DHNTDqvHwm9Ru,C9FVTtx4WxgHmz55FEvQgykq8rqiLS8xRBVgqQVtpump,CENTS,3500.551633,3500551633,6,1744882873
srmqPvymJeFKQ4zGQed1GFppgkRHL9kaELCbyksJtPX,11111111111111111111111111111111,SOL,0.00114144,1141440,9,1744882885
3sFxt1T5sh3PKsRmZCMwvE2q9kSUet4Xnzxemf7fnPYM,11111111111111111111111111111111,SOL,0.0,0,9,1744882873
HvdzaX6Xo9kbFbxZJ8sPYMSdvz1MfN6TsAdtXNYfpbcQ,DTDQEQWgBmnnJ7YGVoQrXkkroTEUkYgAfhEVb8CrnkpC,APT,1.96630203,196630203,8,1744882873
HvdzaX6Xo9kbFbxZJ8sPYMSdvz1MfN6TsAdtXNYfpbcQ,11111111111111111111111111111111,SOL,0.00203928,2039280,9,1744882873
2eiVZZdAF5985dqznc2n3wEym7yX1goP4wyiRNWGPBNk,11111111111111111111111111111111,SOL,0.164357218,164357218,9,1744882873
4rmUzYPzcwS7itEtuRpAH1hjX7XSQPT4QLZ5JCPkNp6b,11111111111111111111111111111111,SOL,0.0,0,9,1744882873
4ytSaH697m9j3kVqzNP4pjJSiqbDajB175wDbWSJq6U9,11111111111111111111111111111111,SOL,0.00203928,2039280,9,1744882873
4ytSaH697m9j3kVqzNP4pjJSiqbDajB175wDbWSJq6U9,DTDQEQWgBmnnJ7YGVoQrXkkroTEUkYgAfhEVb8CrnkpC,APT,201672.89190511,20167289190511,8,1744882873
EiJ4CuAYr9pMVHceXTnPXfQE3D7tGwLTjHosCBud6TWw,11111111111111111111111111111111,SOL,7059.520763182,7059520763182,9,1744882873
EiJ4CuAYr9pMVHceXTnPXfQE3D7tGwLTjHosCBud6TWw,So11111111111111111111111111111111111111112,WSOL,7059.518723902,7059518723902,9,1744882873
DTDQEQWgBmnnJ7YGVoQrXkkroTEUkYgAfhEVb8CrnkpC,11111111111111111111111111111111,SOL,0.0014616,1461600,9,1744882873
HuJJo5dFeF8NzeCPJ2Ad6k9RsMqSEm9g8r315sXyV5kU,11111111111111111111111111111111,SOL,0.652381452,652381452,9,1744882873
21TYgxCekxNqHpjE1GMU6Hmvwgcz6w6BDt6v8czrowxx,So11111111111111111111111111111111111111112,WSOL,30.864084506,30864084506,9,1744882873
21TYgxCekxNqHpjE1GMU6Hmvwgcz6w6BDt6v8czrowxx,11111111111111111111111111111111,SOL,30.866123786,30866123786,9,1744882873
3AoQxt2k9PYcesFxYWdKSBpJpPtmDZEXdJpw8SgJLJMb,So11111111111111111111111111111111111111112,WSOL,507.665499596,507665499596,9,1744882885
3AoQxt2k9PYcesFxYWdKSBpJpPtmDZEXdJpw8SgJLJMb,11111111111111111111111111111111,SOL,507.667538877,507667538877,9,1744882885
WHTUPptqvi8BR9amvWuh3uBzZFssQQQas2ijb4H1MPN,11111111111111111111111111111111,SOL,10.408826763,10408826763,9,1744882873
DAwESLSasPYtQvuX89WDHVZ462HU11g1F6fmJt7SC5t7,11111111111111111111111111111111,SOL,0.00203928,2039280,9,1744882873
DAwESLSasPYtQvuX89WDHVZ462HU11g1F6fmJt7SC5t7,Es9vMFrzaCERmJfrF4H2FYD4KCoNkY11McCe8BenwNYB,USDT,172.649315,172649315,6,1744882873
HeEwgvrit9KHaXG4GQYiAB96spGVMjw88ycBCBCcg2uD,11111111111111111111111111111111,SOL,0.07143744,71437440,9,1744882873
2D4rRLVoiM4vFkwt34CxmsUmqy7N7m86FKHcrB7gQY3w,11111111111111111111111111111111,SOL,0.07143744,71437440,9,1744882873
95EzJXxAyUUQAbjzDm1rgW8PHSqz1DwgZ9bsMncPSfGH,11111111111111111111111111111111,SOL,0.00719032,7190320,9,1744882873
991j8mhwDkpBdYBPKqWHea9mo2cBhYUJHdZHUTyk1SrS,11111111111111111111111111111111,SOL,0.07143744,71437440,9,1744882873
2Vy5bEvDh344hjFUKCnd2Tx1ZXyYBMDSWVXcAwKC2Wum,11111111111111111111111111111111,SOL,0.00203938,2039380,9,1744882873
2Vy5bEvDh344hjFUKCnd2Tx1ZXyYBMDSWVXcAwKC2Wum,27G8MtK7VtTcCHkpASjSDdkWWYfoqT6ggEuKidVJidD4,JLP,48842.156581,48842156581,6,1744882873
AXwjSipUa15qzugV6tZTbvv2GRn4eg6X26kGrPbbEHwH,11111111111111111111111111111111,SOL,0.00203928,2039280,9,1744882873
AXwjSipUa15qzugV6tZTbvv2GRn4eg6X26kGrPbbEHwH,EPjFWdd5AufqSSqeM2qN1xzybapC8G4wEGGkZwyTDt1v,USDC,338.103615,338103615,6,1744882873
93w7vyFZYaGaYuEg2pFBAuUcQaaxZ3kkuZPNxjHVNudQ,11111111111111111111111111111111,SOL,0.00203928,2039280,9,1744882873
93w7vyFZYaGaYuEg2pFBAuUcQaaxZ3kkuZPNxjHVNudQ,27G8MtK7VtTcCHkpASjSDdkWWYfoqT6ggEuKidVJidD4,JLP,0.0,0,6,1744882873
HmsYTKuBocaxDymV897zm84pVEwxcYgkNQgpGwYrmHPq,11111111111111111111111111111111,SOL,0.00203928,2039280,9,1744882873
HmsYTKuBocaxDymV897zm84pVEwxcYgkNQgpGwYrmHPq,Es9vMFrzaCERmJfrF4H2FYD4KCoNkY11McCe8BenwNYB,USDT,62.991125,62991125,6,1744882873
2GJ1udePWrYsu4VLZYU2kUE9ETJGtHqSGMZBvAanZcDz,11111111111111111111111111111111,SOL,0.0,0,9,1744882873
FEfG7GoTfRqqvpiW6Kaays3poFQH2kZo3wd3SWnVAyGi,11111111111111111111111111111111,SOL,0.07143744,71437440,9,1744882873
Gbum2rY2KjUqAMqTCu7tVFayPLswUAuPBS8dgfKRHQtk,11111111111111111111111111111111,SOL,0.00203938,2039380,9,1744882873
Gbum2rY2KjUqAMqTCu7tVFayPLswUAuPBS8dgfKRHQtk,EPjFWdd5AufqSSqeM2qN1xzybapC8G4wEGGkZwyTDt1v,USDC,657788.543714,657788543714,6,1744882873
CyfvFNCYtW75hWnqyCQ3GeBnnMYYmEtZqZVwpBrV53jq,11111111111111111111111111111111,SOL,0.0233856,23385600,9,1744882873
93qUb62xUzK6zBmFCQDBWJaw1tqz3nRB63Zzp4HnffTK,11111111111111111111111111111111,SOL,0.07143744,71437440,9,1744882873
CMPpJ58akmsq3XQ1P2AW57einZqv2rrptTmrByheYxG9,11111111111111111111111111111111,SOL,0.07143744,71437440,9,1744882873
CFvYYV8ceWQAcMn41QaQuHWr2pdt5BYHagpgRtbLwTPf,11111111111111111111111111111111,SOL,0.07143764,71437640,9,1744882885
FAMBuBHJ1U8DUeY3HNGuW9XsCM4bPZKYk9NXSyR2W2zd,11111111111111111111111111111111,SOL,0.00114144,1141440,9,1744882885
6N6na8YJSEHkaMmA4TxvGNgP9dajDfZimBgvZxqX7M4R,11111111111111111111111111111111,SOL,0.00203928,2039280,9,1744882873
6N6na8YJSEHkaMmA4TxvGNgP9dajDfZimBgvZxqX7M4R,27G8MtK7VtTcCHkpASjSDdkWWYfoqT6ggEuKidVJidD4,JLP,2479.452232,2479452232,6,1744882873
2r3aHU6TsganXCwqkWSmuEb6NbLTe8H6wbtPBakygBuH,11111111111111111111111111111111,SOL,0.0233856,23385600,9,1744882873
6wRJ3JMy1ivRp8zgxZUTBg85R8jd2jv81Q2rmuaCGcqn,11111111111111111111111111111111,SOL,714.612516092,714612516092,9,1744882873
6wRJ3JMy1ivRp8zgxZUTBg85R8jd2jv81Q2rmuaCGcqn,So11111111111111111111111111111111111111112,WSOL,714.610456811,714610456811,9,1744882873
3KKc9ddshVruCwYtU9CvgvZkEkpk49vN2bbK5eqhUPhF,11111111111111111111111111111111,SOL,0.00798272,7982720,9,1744882873
GkTrsQsu8WvrbairmN12aUKk74qHivRNFxaT5YxCECKQ,11111111111111111111111111111111,SOL,0.00203958,2039580,9,1744882885
GkTrsQsu8WvrbairmN12aUKk74qHivRNFxaT5YxCECKQ,Es9vMFrzaCERmJfrF4H2FYD4KCoNkY11McCe8BenwNYB,USDT,1289620.318062,1289620318062,6,1744882885
TwX5jGEJLu2wspEgEeR6RN4bXZu4JAybWxxpr8M1Ye9,11111111111111111111111111111111,SOL,0.0233858,23385800,9,1744882885
4STreSrMtf8umxyei9DaZG4bX3HT9hE3TGw3Xz41XNHd,11111111111111111111111111111111,SOL,0.00203958,2039580,9,1744882885
4STreSrMtf8umxyei9DaZG4bX3HT9hE3TGw3Xz41XNHd,EPjFWdd5AufqSSqeM2qN1xzybapC8G4wEGGkZwyTDt1v,USDC,1903912.798917,1903912798917,6,1744882885
EYazT7p6TMUwFBtUZFAYnDc8Zt1t7NmJHhp6tg2sZyhD,11111111111111111111111111111111,SOL,0.07143774,71437740,9,1744882885
ARwi1S4DaiTG5DX7S4M4ZsrXqpMD1MrTmbu9ue2tpmEq,11111111111111111111111111111111,SOL,0.008590641,8590641,9,1744882885
5zvhFRN45j9oePohUQ739Z4UaSrgPoJ8NLaS2izFuX1j,11111111111111111111111111111111,SOL,0.00723144,7231440,9,1744882885
7jt7KQ9ZDybYCSk7Mf7XpAad7Mc7NQbSzShFo2FU13Bd,11111111111111111111111111111111,SOL,0.00203928,2039280,9,1744882885
7jt7KQ9ZDybYCSk7Mf7XpAad7Mc7NQbSzShFo2FU13Bd,Cas7mdvJurYRD7gRa4pjXCYVngyuwBbmArVnxrUzX4JZ,UNKNOWN,178.090527601,178090527601,9,1744882885
Cas7mdvJurYRD7gRa4pjXCYVngyuwBbmArVnxrUzX4JZ,11111111111111111111111111111111,SOL,0.0014616,1461600,9,1744882885
F7SK4t9JXn9Wx9YyKHqSECTSk3dYja2UdGXsyzxJwcdk,11111111111111111111111111111111,SOL,0.00203928,2039280,9,1744882885
F7SK4t9JXn9Wx9YyKHqSECTSk3dYja2UdGXsyzxJwcdk,Es9vMFrzaCERmJfrF4H2FYD4KCoNkY11McCe8BenwNYB,USDT,1827985.895965,1827985895965,6,1744882885
ntArb11111111111111111111111111111111111113,11111111111111111111111111111111,SOL,0.0,0,9,1744882873
3ZDBff7jeQaksmGvmkRix36rU159EBDjYiPThvV8QVZM,11111111111111111111111111111111,SOL,0.0239424,23942400,9,1744882885
27G8MtK7VtTcCHkpASjSDdkWWYfoqT6ggEuKidVJidD4,11111111111111111111111111111111,SOL,1.833734675,1833734675,9,1744882885
EPjFWdd5AufqSSqeM2qN1xzybapC8G4wEGGkZwyTDt1v,11111111111111111111111111111111,SOL,389.085612571,389085612571,9,1744882885
2wT8Yq49kHgDzXuPxZSaeLaH1qbmGXtEyPy64bL7aD3c,11111111111111111111111111111111,SOL,0.00114144,1141440,9,1744882885
Es9vMFrzaCERmJfrF4H2FYD4KCoNkY11McCe8BenwNYB,11111111111111111111111111111111,SOL,114.467322698,114467322698,9,1744882885
8RVPH46opPd3qLy1n1djntzGMZxnqEzbYs9uoeixdnwk,11111111111111111111111111111111,SOL,0.0239424,23942400,9,1744882885
6e9hhj57RYhgHq9GcwMGnd6XmPR6ADi7NUyAejz75LVr,11111111111111111111111111111111,SOL,0.002992483,2992483,9,1744882885
96gYZGLnJYVFmbjzopPSU6QiEV5fGqZNyN9nmNhvrZU5,11111111111111111111111111111111,SOL,0.013848925,13848925,9,1744882885
EdmEfMteanj5AkohiWirRs9fxGXP3RaVHtPg8jGitJpx,11111111111111111111111111111111,SOL,0.225460363,225460363,9,1744882873
Ad3jVqWF8d4hMTCvX79aEoJnH9m6XxcBv3x9yb5ELNGH,11111111111111111111111111111111,SOL,0.031528884,31528884,9,1744882873
BzwW6ZTswX1tLQyBb77RHaJXAuMv85oFR59b4RiPB8o7,11111111111111111111111111111111,SOL,0.00203928,2039280,9,1744882873
BzwW6ZTswX1tLQyBb77RHaJXAuMv85oFR59b4RiPB8o7,7u53EGAiB231WB9UjxcEwPKjDtN9CfwywLHfP882pump,Darkness,998917471.950412,998917471950412,6,1744882873
DFdxUM49wHrqFNfu5ikrB5CBk9rjgKW3o9tY5tcVWKhq,11111111111111111111111111111111,SOL,0.00203928,2039280,9,1744882873
DFdxUM49wHrqFNfu5ikrB5CBk9rjgKW3o9tY5tcVWKhq,7u53EGAiB231WB9UjxcEwPKjDtN9CfwywLHfP882pump,Darkness,0.0,0,6,1744882873
4V65jvcDG9DSQioUVqVPiUcUY9v6sb6HKtMnsxSKEz5S,11111111111111111111111111111111,SOL,33.509667919,33509667919,9,1744882873
jitodontfront11111111TradeWithAxiomDotTrade,11111111111111111111111111111111,SOL,0.0,0,9,1744882873
7u53EGAiB231WB9UjxcEwPKjDtN9CfwywLHfP882pump,11111111111111111111111111111111,SOL,0.0014616,1461600,9,1744882873
CLLwbxfj3fvGGro4onND2SyWRCXkyU2SFnLWQRsfFtz7,DMTaUh8xUBnGJ3UNM9Kf4oVQtHZqmH2aNziGfwLKpump,BeLessDumb,13676420.01024,13676420010240,6,1744882873
CLLwbxfj3fvGGro4onND2SyWRCXkyU2SFnLWQRsfFtz7,11111111111111111111111111111111,SOL,0.00203928,2039280,9,1744882873
GVnzuuYWserGGZNvKqtY1j6APBjaoziuUMs7zzb5Sdsp,11111111111111111111111111111111,SOL,0.005533107,5533107,9,1744882873
3wREXAiVhtDCcfq8yfDna1gq5rnFLqL4kAiXcAyFfeau,11111111111111111111111111111111,SOL,0.0,0,9,1744882873
DDMWgeLgGxGt2f8MEpyHoCD3XwmVfS3ytiYLysmikh1T,11111111111111111111111111111111,SOL,0.0061248,6124800,9,1744882873
9imjP7fUmyPJspe4wFYkGwkg46Z3N9hyUnSeAsNHkmZb,11111111111111111111111111111111,SOL,0.02335776,23357760,9,1744882873
3pZaAzkKRroEEFHHWyHSa5dVTfMWhXUyhpwNCsD8uhXH,11111111111111111111111111111111,SOL,0.01625856,16258560,9,1744882873
735NatLjoAgpNUZpNJwBet7tzJM7oGCwVz4FPJ6LqAvV,11111111111111111111111111111111,SOL,34.700742923,34700742923,9,1744882873
735NatLjoAgpNUZpNJwBet7tzJM7oGCwVz4FPJ6LqAvV,So11111111111111111111111111111111111111112,WSOL,34.698703643,34698703643,9,1744882873
RHFgWM2375wydHfFWz8b4heeJrTfzqLeAR8fY64VXN1,11111111111111111111111111111111,SOL,0.00203928,2039280,9,1744882873
RHFgWM2375wydHfFWz8b4heeJrTfzqLeAR8fY64VXN1,DMTaUh8xUBnGJ3UNM9Kf4oVQtHZqmH2aNziGfwLKpump,BeLessDumb,642487100.959425,642487100959425,6,1744882873
93iCFSMubzXMX9NNdtHBJ5P5ZHt14ez5aub4sdtJUYZb,11111111111111111111111111111111,SOL,0.00359136,3591360,9,1744882873
8QCBPPWkDWT8nLSzhZDkkj6Row9svymhf9qiGho7zpPr,11111111111111111111111111111111,SOL,0.10197792,101977920,9,1744882873
6AyyGLTBWwth1ZVtC84j9RPYPe9iK9pWUjHHVYX7FuSh,11111111111111111111111111111111,SOL,0.10197792,101977920,9,1744882873
DtR4pQKxkSBamHVy4soUzkPWTaSs6acrEUm3BTrdpLGY,11111111111111111111111111111111,SOL,0.07959456,79594560,9,1744882873
AzhUMw8i2Yet5fdD4PLyHWQqY4p9ioggMuMK1UdVgcNs,11111111111111111111111111111111,SOL,0.00203928,2039280,9,1744882873
AzhUMw8i2Yet5fdD4PLyHWQqY4p9ioggMuMK1UdVgcNs,So11111111111111111111111111111111111111112,WSOL,0.0,0,9,1744882873
CpNtWcVVMctLGCr7jagcLF8dZqhit8RYgc8Gg5xSR8PN,11111111111111111111111111111111,SOL,0.00203928,2039280,9,1744882873
CpNtWcVVMctLGCr7jagcLF8dZqhit8RYgc8Gg5xSR8PN,DMTaUh8xUBnGJ3UNM9Kf4oVQtHZqmH2aNziGfwLKpump,BeLessDumb,0.0,0,6,1744882873
9yMwSPk9mrXSN7yDHUuZurAh1sjbJsfpUqjZ7SvVtdco,11111111111111111111111111111111,SOL,508.159460815,508159460815,9,1744882873
DMTaUh8xUBnGJ3UNM9Kf4oVQtHZqmH2aNziGfwLKpump,11111111111111111111111111111111,SOL,0.1813976,181397600,9,1744882873
4E99hAJSFvLghASTxDyYTAk58NjQezC2Em52yTjrTjbi,11111111111111111111111111111111,SOL,0.0,0,9,1744882873
ADaUMid9yfUytqMBgopwjb2DTLSokTSzL1zt6iGPaS49,11111111111111111111111111111111,SOL,0.016199573,16199573,9,1744882885
WFRGSWjaz8tbAxsJitmbfRuFV2mSNwy7BMWcCwaA28U,11111111111111111111111111111111,SOL,0.0014616,1461600,9,1744882873
poLisWXnNRwC6oBu1vHiuKQzFjGL4XDSu4g9qjz9qVk,11111111111111111111111111111111,SOL,3.952520861,3952520861,9,1744882873
yur7Z5VNg4m9oXXCj7Z5dmh7Xk857aaV4Cs7zG1YXMD,11111111111111111111111111111111,SOL,0.00543576,5435760,9,1744882873
3dgCCb15HMQSA4Pn3Tfii5vRk7aRqTH95LJjxzsG2Mug,11111111111111111111111111111111,SOL,0.466430092,466430092,9,1744882873
41aUQ3Q5qhMJhewU3vK4uyLfAbxXrqyb9mRKkUjPk9yz,11111111111111111111111111111111,SOL,0.01163712,11637120,9,1744882873
5eNSot4bzvf2YKhNVyBTzSnxFQPXruvCMFd1zsR6oXXu,11111111111111111111111111111111,SOL,0.005435773,5435773,9,1744882873
5xfKkFmhzNhHKTFUkh4PJmHSWB6LpRvhJcUMKzPP6md2,11111111111111111111111111111111,SOL,0.00544578,5445780,9,1744882873
6X3tVkxWGUxwxi2aWEdFj4N8bfjUbrH6csp3PJ4bUHcT,11111111111111111111111111111111,SOL,0.01164462,11644620,9,1744882873
7riFsDxbskTqDtCSjev2jN9hyAJqeKmbWqgfiWD6ikUC,11111111111111111111111111111111,SOL,0.00544709,5447090,9,1744882873
9gwTegFJJErDpWJKjPfLr2g2zrE3nL1v5zpwbtsk3c6P,11111111111111111111111111111111,SOL,605.045463573,605045463573,9,1744882873
A1KLoBrKBde8Ty9qtNQUtq3C2ortoC3u7twggz7sEto6,11111111111111111111111111111111,SOL,0.0014616,1461600,9,1744882873
AZsHEMXd36Bj1EMNXhowJajpUXzrKcK57wW4ZGXVa7yR,11111111111111111111111111111111,SOL,28.825854295,28825854295,9,1744882873
BGYVXtEdycaWHQRSJcxenyUEzbUsb2M9NDDW63g5nJJR,11111111111111111111111111111111,SOL,0.005435761,5435761,9,1744882873
DB7VtRPVePiVF513NKs2cb9QnEBWJZQRXap4TnWLd5xF,11111111111111111111111111111111,SOL,0.005443264,5443264,9,1744882873
DFL1zNkaGPWm1BqAVqRjCZvHmwTFrEaJtbzJWgseoNJh,11111111111111111111111111111111,SOL,9.460700177,9460700177,9,1744882873
HrXPdUiPbzof3yPBb2wdB9ryhRSEe2hKhzpfpPMQbnRZ,11111111111111111111111111111111,SOL,0.005435761,5435761,9,1744882873
J1toso1uCk3RLmjorhTtrVwY9HJ7X8V9yYac6Y7kGCPn,11111111111111111111111111111111,SOL,2.027304257,2027304257,9,1744882873
HYe4vSaEGqQKnDrxWDrk3o5H2gznv7qtij5G6NNG8WHd,11111111111111111111111111111111,SOL,78.334634339,78334634339,9,1744882873
2XBTx6rZtNyZ9YNhW9rVxv7KQSUqtBfRiAfEDFrBTo4k,11111111111111111111111111111111,SOL,0.0094656,9465600,9,1744882873
3ESUFCnRNgZ7Mn2mPPUMmXYaKU8jpnV9VtA17M7t2mHQ,11111111111111111111111111111111,SOL,0.11491694,114916940,9,1744882873
3RpEekjLE5cdcG15YcXJUpxSepemvq2FpmMcgo342BwC,11111111111111111111111111111111,SOL,0.0036731,3673100,9,1744882873
4SStTr7PWUFh6DJcbfas8zHpsqSwt1Q37X2qfDa7WW1w,11111111111111111111111111111111,SOL,0.0075168,7516800,9,1744882873
79c7RGJiTqMiKrF3DfWYNHf6UEaWjwFQyqfwaLn8iByL,11111111111111111111111111111111,SOL,0.00203928,2039280,9,1744882873
79c7RGJiTqMiKrF3DfWYNHf6UEaWjwFQyqfwaLn8iByL,2Wu1g2ft7qZHfTpfzP3wLdfPeV1is4EwQ3CXBfRYAciD,GOHOME,2825.094732,2825094732,6,1744882873
9s8JgmHCTTPhpFP6WAF5LbvUd1iGVckrsKDzbVsxGrxc,11111111111111111111111111111111,SOL,0.00144768,1447680,9,1744882873
A4F6eCtGkxVTqmGjRPidCZ98rswCgAjaoYvWDN3pK5nY,11111111111111111111111111111111,SOL,0.00203928,2039280,9,1744882873
A4F6eCtGkxVTqmGjRPidCZ98rswCgAjaoYvWDN3pK5nY,2Wu1g2ft7qZHfTpfzP3wLdfPeV1is4EwQ3CXBfRYAciD,GOHOME,62.91139,62911390,6,1744882873
BmhLuUKyHKdocxBRdVB47aYXomznWRYme1jC2MaHpnSs,11111111111111111111111111111111,SOL,0.0014616,1461600,9,1744882873
BZP7eTQqi4M7XXWci3rVcM3kJsTCHqdpBewLa6aCyZVu,11111111111111111111111111111111,SOL,0.00203928,2039280,9,1744882873
BZP7eTQqi4M7XXWci3rVcM3kJsTCHqdpBewLa6aCyZVu,EPjFWdd5AufqSSqeM2qN1xzybapC8G4wEGGkZwyTDt1v,USDC,242058.067406,242058067406,6,1744882873
C2QoQ111jGHEy5918XkNXQro7gGwC9PKLXd1LqBiYNwA,11111111111111111111111111111111,SOL,0.00203938,2039380,9,1744882873
C2QoQ111jGHEy5918XkNXQro7gGwC9PKLXd1LqBiYNwA,EPjFWdd5AufqSSqeM2qN1xzybapC8G4wEGGkZwyTDt1v,USDC,3494861.011861,3494861011861,6,1744882873
DXk9ne7g9k9vkcYDwmDacv6ijcB5RQNzr9iojitnjCqG,11111111111111111111111111111111,SOL,0.00203928,2039280,9,1744882873
DXk9ne7g9k9vkcYDwmDacv6ijcB5RQNzr9iojitnjCqG,2Wu1g2ft7qZHfTpfzP3wLdfPeV1is4EwQ3CXBfRYAciD,GOHOME,3.256843,3256843,6,1744882873
E1CYb55pwe8ef8GVWxnYsZD9nGnu2YZL3bmDMKd8SP4y,11111111111111111111111111111111,SOL,0.00203928,2039280,9,1744882873
E1CYb55pwe8ef8GVWxnYsZD9nGnu2YZL3bmDMKd8SP4y,3RpEekjLE5cdcG15YcXJUpxSepemvq2FpmMcgo342BwC,UNKNOWN,165462.092023,165462092023,6,1744882873
E6x4W9F6eEzZJZFrs7kvzWMT1kJ8naXJfnQMBBCgawfy,11111111111111111111111111111111,SOL,0.00203928,2039280,9,1744882873
E6x4W9F6eEzZJZFrs7kvzWMT1kJ8naXJfnQMBBCgawfy,BmhLuUKyHKdocxBRdVB47aYXomznWRYme1jC2MaHpnSs,UNKNOWN,799.625634,799625634,6,1744882873
FHwe16KYrptebdQBeL3FuQscVXabWXCmwzxnGeGiehoX,11111111111111111111111111111111,SOL,0.0,0,9,1744882873
24Uqj9JCLxUeoC3hGfh5W3s9FM9uCHDS2SG3LYwBpyTi,11111111111111111111111111111111,SOL,0.00114144,1141440,9,1744882885
ACkbnPdC3ABmMuHTYABgRXvCkizoEB7Hz5nvuR839EcP,11111111111111111111111111111111,SOL,0.00095352,953520,9,1744882873
BoobsBSMpFRBA91sNwKLYShRRQPH5GjoCH4NhLUt4yRo,11111111111111111111111111111111,SOL,0.00114144,1141440,9,1744882873
CsVdJ8WH8Q9eHSTRpwtwN3TYApm24QnLKYUMNxJ3DaED,11111111111111111111111111111111,SOL,0.007775991,7775991,9,1744882873
Eo7WjKq67rjJQSZxS6z3YkapzY3eMj6Xy8X5EQVn5UaB,11111111111111111111111111111111,SOL,0.00114144,1141440,9,1744882885
FMQ1xuBVPxg8Yp5dPjSL6edUMeZuf2s7X11U8W6or93T,11111111111111111111111111111111,SOL,0.00095352,953520,9,1744882873
DttWaMuVvTiduZRnguLF7jNxTgiMBZ1hyAumKUiL2KRL,11111111111111111111111111111111,SOL,0.003314222,3314222,9,1744882873
5nxzgLtTA9pDjJdk7HoPVYQL6dEZXvuKHm7DWYq4ionr,6jeETqAw3Rvk1Z88EKtfoL8PozmCv2TYei1Pk3Kipump,META,0.0,0,6,1744882873
5nxzgLtTA9pDjJdk7HoPVYQL6dEZXvuKHm7DWYq4ionr,11111111111111111111111111111111,SOL,0.00203928,2039280,9,1744882873
yccVCFPHwHEm6StsqHH74q6dME7RcNTcJMHh6brP7ft,6jeETqAw3Rvk1Z88EKtfoL8PozmCv2TYei1Pk3Kipump,META,566150628.554445,566150628554445,6,1744882873
yccVCFPHwHEm6StsqHH74q6dME7RcNTcJMHh6brP7ft,11111111111111111111111111111111,SOL,0.00203928,2039280,9,1744882873
6LyS12ikFWdkyHbDqqr6VGjMgcR5f5re5QSzP12RWWDq,11111111111111111111111111111111,SOL,0.159139489,159139489,9,1744882873
2EYHyex4TRYcYZ1RbThHvUf4aD6X9q8FFWxVKmHeQfzX,11111111111111111111111111111111,SOL,20.36494774,20364947740,9,1744882873
7uxvxPawKivaiAPkTvcUqeFuocDrEFdE82sSeoyeSR2v,11111111111111111111111111111111,SOL,2.225927917,2225927917,9,1744882873
6jeETqAw3Rvk1Z88EKtfoL8PozmCv2TYei1Pk3Kipump,11111111111111111111111111111111,SOL,0.0014616,1461600,9,1744882873
GgaSrLLpHC9N3sXP4Tyw49NHS4HRooCNAqR8QgNcKAUz,11111111111111111111111111111111,SOL,12.55460695,12554606950,9,1744882873
B8kmCsDCzhztpiNTL1nhJzsQyxEyW4Ks9Z8kvXXLbvzv,11111111111111111111111111111111,SOL,94.734091631,94734091631,9,1744882873
gangtCrQg5RmKf5yxvhvZThPugPX58pDSdQ5UuS26vN,11111111111111111111111111111111,SOL,62.646310825,62646310825,9,1744882885
gangtRyGPTvYWb8K3xS2feJQaCks4iJ7rytFUPtVqSY,11111111111111111111111111111111,SOL,0.48443002,484430020,9,1744882885
9az5xpAV8KJ2Q2Jb1ZvBpvfUa5Cj4dZirbgvfPF5XsB8,11111111111111111111111111111111,SOL,14.557893644,14557893644,9,1744882873
HQpZSeqJ7zWp5Q8LvikXyhqLmaAQT15ukUoP4RS42bwJ,11111111111111111111111111111111,SOL,0.00203928,2039280,9,1744882873
HQpZSeqJ7zWp5Q8LvikXyhqLmaAQT15ukUoP4RS42bwJ,DpqfDEjmgyshotRaoUqDvL2ooHpggyoZ9jGj8TeDpump,SOL,0.0,0,6,1744882873
4pj54qUL4qB7g3kxKUTQ3BY85agETeNsCbiMkgMVvurR,11111111111111111111111111111111,SOL,0.07143744,71437440,9,1744882885
D7gJno5X9UZjyquUUxLdKaaW25sBUF9fjUhiFuoyxcS1,11111111111111111111111111111111,SOL,0.07143744,71437440,9,1744882885
6wkTc7h8qZybTgucKGSUsZYgHXsDUAEkbmncHWLDuYPV,11111111111111111111111111111111,SOL,0.00139896,1398960,9,1744882873
9fuGSiFvpkWQutKZAPW8TZDdyjHaCWyZpjGeeenxHz9c,11111111111111111111111111111111,SOL,103.838303206,103838303206,9,1744882873
9fuGSiFvpkWQutKZAPW8TZDdyjHaCWyZpjGeeenxHz9c,So11111111111111111111111111111111111111112,WSOL,103.836263926,103836263926,9,1744882873
7hTckgnGnLQR6sdH7YkqFTAA7VwTfYFaZ6EhEsU3saCX,11111111111111111111111111111111,SOL,7822.202366479,7822202366479,9,1744882873
X5QPJcpph4mBAJDzc4hRziFftSbcygV59kRb2Fu6Je1,11111111111111111111111111111111,SOL,3170.446904422,3170446904422,9,1744882873
X5QPJcpph4mBAJDzc4hRziFftSbcygV59kRb2Fu6Je1,So11111111111111111111111111111111111111112,WSOL,3170.444865142,3170444865142,9,1744882873
83WdmAcvDFDG46GnimL6mKTJ6X18X1m48J2zfD9t76tM,11111111111111111111111111111111,SOL,0.00203928,2039280,9,1744882873
83WdmAcvDFDG46GnimL6mKTJ6X18X1m48J2zfD9t76tM,DPTP4fUfWuwVTgCmttWBu6Sy5B9TeCTBjc2YKgpDpump,Defiant,0.0,0,6,1744882873
GScPAxSSvCmd1wqVDVpd8eyyTVseuxP5wzj2FJpQgH61,11111111111111111111111111111111,SOL,0.00718272,7182720,9,1744882885
AMenqwrPT7bRk9kpm7aULays73xqKfy1WAHLJaucKeAG,11111111111111111111111111111111,SOL,0.00203928,2039280,9,1744882885
AMenqwrPT7bRk9kpm7aULays73xqKfy1WAHLJaucKeAG,DPTP4fUfWuwVTgCmttWBu6Sy5B9TeCTBjc2YKgpDpump,Defiant,215144.976541,215144976541,6,1744882885
6fPwSTw4qMmeRb2SNez4Vgk2wUGZPaa6pNXHdibdw5X3,11111111111111111111111111111111,SOL,121.440732183,121440732183,9,1744882885
6fPwSTw4qMmeRb2SNez4Vgk2wUGZPaa6pNXHdibdw5X3,So11111111111111111111111111111111111111112,WSOL,121.438692903,121438692903,9,1744882885
AnfoPyoYVCk9avNMcEreKxJ97n9wugnbcw72XpjtjG7V,11111111111111111111111111111111,SOL,0.0233856,23385600,9,1744882885
4HovmkjPvJmCGzLWM2FGNLDFt7RFr6gtJtuXnt463G2b,11111111111111111111111111111111,SOL,0.00203928,2039280,9,1744882873
4HovmkjPvJmCGzLWM2FGNLDFt7RFr6gtJtuXnt463G2b,5HV956n7UQT1XdJzv43fHPocest5YAmi9ipsuiJx7zt7,memecoin,0.0,0,6,1744882873
8fyVrgzR6XCAS2t5EXFCcwZJv9Us51TTgN5befq4CEtY,11111111111111111111111111111111,SOL,0.004359452,4359452,9,1744882885
C34eiLbBv6VroaYbA2BqL8rHr3YcNiYZKbzt6rJJUhVm,11111111111111111111111111111111,SOL,0.00203928,2039280,9,1744882885
C34eiLbBv6VroaYbA2BqL8rHr3YcNiYZKbzt6rJJUhVm,5HV956n7UQT1XdJzv43fHPocest5YAmi9ipsuiJx7zt7,memecoin,44414989.189795,44414989189795,6,1744882885
HQ8E22NghQK4X9hm5iUuVhQMBbUiVfF4V3kfazKzoxx,11111111111111111111111111111111,SOL,1006.437693263,1006437693263,9,1744882885
HQ8E22NghQK4X9hm5iUuVhQMBbUiVfF4V3kfazKzoxx,So11111111111111111111111111111111111111112,WSOL,1006.435653983,1006435653983,9,1744882885
5YX3K7cbx6YTHueteC2f9J2u8temTBUfbxwzpgJx7j1D,11111111111111111111111111111111,SOL,0.00718272,7182720,9,1744882885
GzaCKQ8TQc5qaUmQ83aDzMAm6KJX6hjfHP3Kc7QYKviz,11111111111111111111111111111111,SOL,0.00203928,2039280,9,1744882885
GzaCKQ8TQc5qaUmQ83aDzMAm6KJX6hjfHP3Kc7QYKviz,5HV956n7UQT1XdJzv43fHPocest5YAmi9ipsuiJx7zt7,memecoin,9669665.786525,9669665786525,6,1744882885
6dUSEbxzkughaT41s1bspYjq1TX2asmdbjdXPrQ5EBnC,11111111111111111111111111111111,SOL,854.715363861,854715363861,9,1744882885
6dUSEbxzkughaT41s1bspYjq1TX2asmdbjdXPrQ5EBnC,So11111111111111111111111111111111111111112,WSOL,854.713324581,854713324581,9,1744882885
5nK332CbhsYL7Li9f7exz3VBkgs7xDJsZL4iUJJLagpb,11111111111111111111111111111111,SOL,0.0233856,23385600,9,1744882885
D7dAeqj5RKy34rno4wNDmiy74ukvfQ3ES4NgkUQJCdGX,11111111111111111111111111111111,SOL,0.00203928,2039280,9,1744882873
D7dAeqj5RKy34rno4wNDmiy74ukvfQ3ES4NgkUQJCdGX,AyrQpt5xsVYiN4BqgZdd2tZJAWswT9yLUZmP1jKqpump,jobcoin,0.0,0,6,1744882873
5HV956n7UQT1XdJzv43fHPocest5YAmi9ipsuiJx7zt7,11111111111111111111111111111111,SOL,3.968290401,3968290401,9,1744882885
HsT49mg8Yt8pjnbqp4A2rmZrKnP8z8EVCMgSqa9TSsXF,11111111111111111111111111111111,SOL,0.07143744,71437440,9,1744882873
4rPDjz8ZbCDE3zDBNmvxA1ZFRUWzBHHg93gxXJEZphzW,11111111111111111111111111111111,SOL,0.07143744,71437440,9,1744882873
JB9YCXFKfCfiYyGQqQFvCb49YpYpLH9oz43bZoi5aLdU,11111111111111111111111111111111,SOL,0.07143744,71437440,9,1744882873
D3E7GiwZnoXJSs4g3h7GGNoVzkm4STdj7bnDU8BoDWTT,11111111111111111111111111111111,SOL,0.00203928,2039280,9,1744882873
D3E7GiwZnoXJSs4g3h7GGNoVzkm4STdj7bnDU8BoDWTT,Eqpvgps4py3nDkgvRnVGv7JsSwBF3oa3i1Zvaszqpump,Fur,0.0,0,6,1744882873
GSg2nNSm4zSMxjVQ7x3KxRWJ7JpTtRGyaSMsX4PwtH5N,11111111111111111111111111111111,SOL,0.00235944,2359440,9,1744882873
9bkpCTLRoGHnEwGne3Tp7ZRJy817iRrPz3jVE5t3QRxU,11111111111111111111111111111111,SOL,0.00203928,2039280,9,1744882873
9bkpCTLRoGHnEwGne3Tp7ZRJy817iRrPz3jVE5t3QRxU,Eqpvgps4py3nDkgvRnVGv7JsSwBF3oa3i1Zvaszqpump,Fur,64771396.235796,64771396235796,6,1744882873
BdZ5niE7n3EqnGj79qoDVshC4HA3ksLfy8wbrHP7MDwM,11111111111111111111111111111111,SOL,674.886164813,674886164813,9,1744882873
BdZ5niE7n3EqnGj79qoDVshC4HA3ksLfy8wbrHP7MDwM,So11111111111111111111111111111111111111112,WSOL,674.884125533,674884125533,9,1744882873
71qnE9YXPfUP47KrNJ75MkrNbcE5QuAyt5qaarcg2avP,11111111111111111111111111111111,SOL,0.00718272,7182720,9,1744882873
649kC3TPcQQ36h8XAe1v5sXnSFF2UG5rRZjVHWZ7B6VY,11111111111111111111111111111111,SOL,0.00203928,2039280,9,1744882873
649kC3TPcQQ36h8XAe1v5sXnSFF2UG5rRZjVHWZ7B6VY,Eqpvgps4py3nDkgvRnVGv7JsSwBF3oa3i1Zvaszqpump,Fur,10539249.16923,10539249169230,6,1744882873
31YVG2QYv3VuHsxmhmFJ6cy5SHMXJaGiBE9diS91XD9b,11111111111111111111111111111111,SOL,380.38737199,380387371990,9,1744882873
31YVG2QYv3VuHsxmhmFJ6cy5SHMXJaGiBE9diS91XD9b,So11111111111111111111111111111111111111112,WSOL,380.38533271,380385332710,9,1744882873
Gngn4So5DeS4kKPttx66H2fMQcoPKfosMZ8T6A9Ghnf,11111111111111111111111111111111,SOL,0.0233856,23385600,9,1744882873
8M4iG1dMYhsFW316jZr2VU4Vmz7z8aQtwD8y9JyL7h1J,11111111111111111111111111111111,SOL,0.00203928,2039280,9,1744882873
8M4iG1dMYhsFW316jZr2VU4Vmz7z8aQtwD8y9JyL7h1J,9Y1iXPq2CxjE45djDoX4in6ZPnMYsTwmA2zbcdRzpump,PEEP,0.0,0,6,1744882873
5CuypCGjZPEv6L5sXYWq3SkQQDxh77Pfji6FAihrn231,11111111111111111111111111111111,SOL,0.00203928,2039280,9,1744882873
5CuypCGjZPEv6L5sXYWq3SkQQDxh77Pfji6FAihrn231,42b9TwgRbA7ZYyG5ZYDDhRxzBDHeP66tcrQhmk7QLZFi,SC,0.0,0,6,1744882873
2BNkL58RnM4BaMBaUrq1fWjXVjLfqKRSnGrgmnBcrdhk,11111111111111111111111111111111,SOL,0.00235944,2359440,9,1744882873
8yF1yp2Boh8ufH2AXLVgRbMV7zactaGHdFrxakZC3otV,11111111111111111111111111111111,SOL,0.00203928,2039280,9,1744882873
8yF1yp2Boh8ufH2AXLVgRbMV7zactaGHdFrxakZC3otV,42b9TwgRbA7ZYyG5ZYDDhRxzBDHeP66tcrQhmk7QLZFi,SC,504051586.548504,504051586548504,6,1744882873
C2512qby6EMfEApiCjBhm2RUi84SkCpuS9rCj7nUGDDP,11111111111111111111111111111111,SOL,52.036702088,52036702088,9,1744882873
C2512qby6EMfEApiCjBhm2RUi84SkCpuS9rCj7nUGDDP,So11111111111111111111111111111111111111112,WSOL,52.034662808,52034662808,9,1744882873
Fw8LvZT2dbtkP3iamS3fjVG7CVrYYrMuqcameyrBZD4J,11111111111111111111111111111111,SOL,0.00718272,7182720,9,1744882873
7M3mHP9isnbfMta1vUiDfh35GWntMdKGXZvabRQizpP2,11111111111111111111111111111111,SOL,0.00203928,2039280,9,1744882873
7M3mHP9isnbfMta1vUiDfh35GWntMdKGXZvabRQizpP2,42b9TwgRbA7ZYyG5ZYDDhRxzBDHeP66tcrQhmk7QLZFi,SC,774485.081042,774485081042,6,1744882873
FRftLH6YKv6Uj6Hn7skrMbAQpH6dBt62PvnbCpryjLTF,11111111111111111111111111111111,SOL,1.004079226,1004079226,9,1744882873
FRftLH6YKv6Uj6Hn7skrMbAQpH6dBt62PvnbCpryjLTF,So11111111111111111111111111111111111111112,WSOL,1.002039946,1002039946,9,1744882873
J3NpcwyL17H9pRyH42YhsJbnem6qGunsohRqz6Gem1GJ,11111111111111111111111111111111,SOL,0.0233856,23385600,9,1744882873
8CcL7MwgDVHHetC1nZ8yswbFCEJnDSVDWuqBRFNjdAeu,11111111111111111111111111111111,SOL,0.00203928,2039280,9,1744882873
8CcL7MwgDVHHetC1nZ8yswbFCEJnDSVDWuqBRFNjdAeu,43SXvpf4c41t2uErsw7aL6w5qhnie6BXSSPqiTcTpump,DB,0.0,0,6,1744882873
4mLVKoaTB8C2KotdrmKtU8ryx95QZaztNRScjBRr7PjE,11111111111111111111111111111111,SOL,0.00235944,2359440,9,1744882873
FXxKjNhMCWNMUTBgDBWzBpHsssfGRNnQUH4ruZxbXhsp,11111111111111111111111111111111,SOL,0.00203928,2039280,9,1744882873
FXxKjNhMCWNMUTBgDBWzBpHsssfGRNnQUH4ruZxbXhsp,43SXvpf4c41t2uErsw7aL6w5qhnie6BXSSPqiTcTpump,DB,59566289.087049,59566289087049,6,1744882873
611V1xYvUWwdWYuBgKG23ZV1V1H8RAvhWEbStqqwn9uj,11111111111111111111111111111111,SOL,729.778812,729778812000,9,1744882873
611V1xYvUWwdWYuBgKG23ZV1V1H8RAvhWEbStqqwn9uj,So11111111111111111111111111111111111111112,WSOL,729.77677272,729776772720,9,1744882873
9iZ2DS2srUKjwKQ7GVUJK6rUCzppc5CAwXv4YPoC4Tcf,11111111111111111111111111111111,SOL,0.00718272,7182720,9,1744882873
AYEZH7RNYYPvuaoR6jMVNLFQPfoQbDobkbPKpvYt14NA,11111111111111111111111111111111,SOL,0.00203928,2039280,9,1744882873
AYEZH7RNYYPvuaoR6jMVNLFQPfoQbDobkbPKpvYt14NA,43SXvpf4c41t2uErsw7aL6w5qhnie6BXSSPqiTcTpump,DB,5333231.051352,5333231051352,6,1744882873
2dtt26m6kWUzxRbt9rkX3NNCnwXGpeXAYhAy8Lx9aa18,11111111111111111111111111111111,SOL,127.645750553,127645750553,9,1744882873
2dtt26m6kWUzxRbt9rkX3NNCnwXGpeXAYhAy8Lx9aa18,So11111111111111111111111111111111111111112,WSOL,127.643711273,127643711273,9,1744882873
AfVWqjyCFbX4dLjruGw9yqkmGHykLLWpASbTsoHggrWx,11111111111111111111111111111111,SOL,0.0233856,23385600,9,1744882873
Eqpvgps4py3nDkgvRnVGv7JsSwBF3oa3i1Zvaszqpump,11111111111111111111111111111111,SOL,0.305071782,305071782,9,1744882873
42b9TwgRbA7ZYyG5ZYDDhRxzBDHeP66tcrQhmk7QLZFi,11111111111111111111111111111111,SOL,0.0014616,1461600,9,1744882873
43SXvpf4c41t2uErsw7aL6w5qhnie6BXSSPqiTcTpump,11111111111111111111111111111111,SOL,0.244134317,244134317,9,1744882873
EM6khZwiyFYeZgMEaF1ZNwioRfMazte1WWheVkr9Qedq,EPjFWdd5AufqSSqeM2qN1xzybapC8G4wEGGkZwyTDt1v,USDC,25514.824306,25514824306,6,1744882873
EM6khZwiyFYeZgMEaF1ZNwioRfMazte1WWheVkr9Qedq,11111111111111111111111111111111,SOL,0.00203928,2039280,9,1744882873
nML7msD1MiJHxFvhv4po1u6C4KpWr64ugKqc75DMuD2,EPjFWdd5AufqSSqeM2qN1xzybapC8G4wEGGkZwyTDt1v,USDC,1654152.299958,1654152299958,6,1744882885
nML7msD1MiJHxFvhv4po1u6C4KpWr64ugKqc75DMuD2,11111111111111111111111111111111,SOL,0.00203928,2039280,9,1744882885
AsTySyN7EHM3RLpxeq5fgt9QLWRPsJ8W6mPAYCTmFZua,11111111111111111111111111111111,SOL,77.748294909,77748294909,9,1744882873
Ffnsi9JamuLURJvQ7mWE5tt1Li4c6eSP3kwGbWEjAefK,11111111111111111111111111111111,SOL,663.005349553,663005349553,9,1744882873
Ffnsi9JamuLURJvQ7mWE5tt1Li4c6eSP3kwGbWEjAefK,So11111111111111111111111111111111111111112,WSOL,663.003310272,663003310272,9,1744882873
DH4xmaWDnTzKXehVaPSNy9tMKJxnYL5Mo5U3oTHFtNYJ,11111111111111111111111111111111,SOL,0.082706381,82706381,9,1744882873
5ep3LMR5gpCLD5KvSa9bnhR4R5Wm7HM7i1suP9u6ZvJT,11111111111111111111111111111111,SOL,4101.797549758,4101797549758,9,1744882873
5ep3LMR5gpCLD5KvSa9bnhR4R5Wm7HM7i1suP9u6ZvJT,So11111111111111111111111111111111111111112,WSOL,4101.506037335,4101506037335,9,1744882873
3TokFuQgkkc6eLmafofNApdLkYpBvU1sZovyyScnQBD1,11111111111111111111111111111111,SOL,0.00203928,2039280,9,1744882873
3TokFuQgkkc6eLmafofNApdLkYpBvU1sZovyyScnQBD1,EPjFWdd5AufqSSqeM2qN1xzybapC8G4wEGGkZwyTDt1v,USDC,718450.702203,718450702203,6,1744882873
EjHirXt2bQd2DDNveagHHCWYzUwtY1iwNbBrV5j84e6j,11111111111111111111111111111111,SOL,12429.253886003,12429253886003,9,1744882885
EjHirXt2bQd2DDNveagHHCWYzUwtY1iwNbBrV5j84e6j,So11111111111111111111111111111111111111112,WSOL,12429.251846723,12429251846723,9,1744882885
Gf7sXMoP8iRw4iiXmJ1nq4vxcRycbGXy5RL8a8LnTd3v,11111111111111111111111111111111,SOL,0.00235944,2359440,9,1744882885
3qUV4z9h4JMjuaCkS5xQEuqb3G7okBHFasmqDWXZmtq9,11111111111111111111111111111111,SOL,12.495116602,12495116602,9,1744882885
Cu7QrQpCjuiaCzuibF3tWDmDxmjhAdvJdBQYQXjZwEYf,11111111111111111111111111111111,SOL,0.0270744,27074400,9,1744882885
GTtcA9Dnk2KLuEgy2WRsSJ1vF5AynVmbDT6sF1gK4T7B,11111111111111111111111111111111,SOL,22.601393624,22601393624,9,1744882873
5qWYA1r3tiP2VVsriSiFer11xP81nFy2rRReJn8cjjSx,11111111111111111111111111111111,SOL,0.0253692,25369200,9,1744882873
6rid5MLGoQmb3yNZVekYw3Nt7RqGkPczf94RcPpFGQCF,11111111111111111111111111111111,SOL,0.0253692,25369200,9,1744882873
7BBRrqqMgmUpazCGS5iejLqqokVE46NGgSkeg7vU5Jti,11111111111111111111111111111111,SOL,0.02335776,23357760,9,1744882873
7Qpk9MmLevLeCKZqLQRfiucfR7P13XGtMhu7z5fbw3jN,11111111111111111111111111111111,SOL,0.02335776,23357760,9,1744882873
8X6V2aqGguJCrVqs9RtdBrQ29mHFpFmfZq4afog6VaMi,11111111111111111111111111111111,SOL,0.02335776,23357760,9,1744882873
8oxdgaw4EzgAVsisY1hhuZpTP3TLgkNYx7o1FrJwPfrs,11111111111111111111111111111111,SOL,0.02335776,23357760,9,1744882873
9hUi6B4rqntMzvEz6HKTv9MAq2KJ7s3FvBxHBFf2WkS7,11111111111111111111111111111111,SOL,0.02335776,23357760,9,1744882873
Bjp5sc1FYvPMaq8kLptmZxioVzmcgktLUuxc6MpQPVTm,11111111111111111111111111111111,SOL,0.0253692,25369200,9,1744882873
DCD3rKBxPpXQZiMg7foGKGSaad73UEZ1gQY48K4VV6h8,11111111111111111111111111111111,SOL,0.0253692,25369200,9,1744882873
EBM8zrFEJuXfJJ1YqP83Ty3VwN7aHcXrX9VgnidNdKUJ,11111111111111111111111111111111,SOL,0.0253692,25369200,9,1744882873
Gbe7yJ78AK6rmsjVf7CxEYwK71pVEsSzJ97JxuxMbCQ8,11111111111111111111111111111111,SOL,0.06779736,67797360,9,1744882873
HfmeMWtc5df2mhg3p62kc6sjPD7KdgpqtVEi7eY3RqpC,11111111111111111111111111111111,SOL,0.00122496,1224960,9,1744882873
ZETAxsqBRek56DhiGXrn75yj2NHU3aYUnxvHXpkf3aD,11111111111111111111111111111111,SOL,0.00114144,1141440,9,1744882873
716hFAECqotxcXcj8Hs8nr7AG6q9dBw2oX3k3M8V7uGq,11111111111111111111111111111111,SOL,0.00261696,2616960,9,1744882873
AV1UvTbycnqMe4JqHKGCqhACRd2m79YmtEUJrnCUQ3GT,11111111111111111111111111111111,SOL,0.0,0,9,1744882873
GDDMwNyyx8uB6zrqwBFHjLLG3TBYk2F8Az4yrQC5RzMp,11111111111111111111111111111111,SOL,0.00114144,1141440,9,1744882885
2Stzi7XE3btUQXaauTVB9brPAtPmGnrEDSJmp3w5VY2j,11111111111111111111111111111111,SOL,0.0014616,1461600,9,1744882873
4oAjuVLt5N9au2X3bhYLSi9LRqtk4caBvSPQRwhXuEKP,11111111111111111111111111111111,SOL,0.45710496,457104960,9,1744882873
5Ehp2LtTRmjug39GphXhFEeguz7hGeg41N1U49wU8Kov,11111111111111111111111111111111,SOL,0.0014616,1461600,9,1744882873
8SH6uJe5rV13APZFQvkGdXPwTyeiLv67XTnv3EeYff3B,11111111111111111111111111111111,SOL,0.00203928,2039280,9,1744882873
8SH6uJe5rV13APZFQvkGdXPwTyeiLv67XTnv3EeYff3B,2Stzi7XE3btUQXaauTVB9brPAtPmGnrEDSJmp3w5VY2j,UNKNOWN,184540,184540,0,1744882873
9YVE9r9cHFZNwm91p3Js8NBWVznesLSM8FZyswG2MG1B,11111111111111111111111111111111,SOL,0.00203928,2039280,9,1744882873
9YVE9r9cHFZNwm91p3Js8NBWVznesLSM8FZyswG2MG1B,2Stzi7XE3btUQXaauTVB9brPAtPmGnrEDSJmp3w5VY2j,UNKNOWN,547850,547850,0,1744882873
A7D8zuxAmtui3XKz2VcxthAZ5HuwLbN74rrDapMJ3Z5d,11111111111111111111111111111111,SOL,0.0366096,36609600,9,1744882873
CaqN8gomPEB1My2czRhetrj5ESKP3VRR3kwKhXtGxohG,11111111111111111111111111111111,SOL,0.45710496,457104960,9,1744882873
CzK26LWpoU9UjSrZkVu97oZj63abJrNv1zp9Hy2zZdy5,11111111111111111111111111111111,SOL,1.82549664,1825496640,9,1744882873
DecjLCYjb7jdDp2UqA2MS4xjgDjZfvdgMjvkRW7oWs9L,11111111111111111111111111111111,SOL,0.00203928,2039280,9,1744882873
DecjLCYjb7jdDp2UqA2MS4xjgDjZfvdgMjvkRW7oWs9L,5Ehp2LtTRmjug39GphXhFEeguz7hGeg41N1U49wU8Kov,UNKNOWN,791527503.795,791527503795000,6,1744882873
DhWWXYK2DSnCdK5rkAxJBkGb1SBR49RHpfHj2u1vobCJ,11111111111111111111111111111111,SOL,0.00203928,2039280,9,1744882873
DhWWXYK2DSnCdK5rkAxJBkGb1SBR49RHpfHj2u1vobCJ,5Ehp2LtTRmjug39GphXhFEeguz7hGeg41N1U49wU8Kov,UNKNOWN,292401609.426,292401609426000,6,1744882873
J8x6y5G7GmTkuKTbbCAnfhn72vaUU2qsB6je9oKFigHM,11111111111111111111111111111111,SOL,0.01116384,11163840,9,1744882873
zDEXqXEG7gAyxb1Kg9mK5fPnUdENCGKzWrM21RMdWRq,11111111111111111111111111111111,SOL,0.00114144,1141440,9,1744882873
8eExPiLp47xbSDYkbuem4qnLUpbLTfZBeFuEJoh6EUr2,11111111111111111111111111111111,SOL,0.00929856,9298560,9,1744882873
AVNMK6wiGfppdQNg9WKfMRBXefDPGZFh2f3o1fRbgN8n,11111111111111111111111111111111,SOL,0.0,0,9,1744882873
BbKFezrmKD83PeVh74958MzgFAue1pZptipSNLz5ccpk,11111111111111111111111111111111,SOL,0.08216128,82161280,9,1744882873
H24z66zwvN1xs6bPjiq2ZUg5fzi9zhX4GmAtyBVgQpfw,11111111111111111111111111111111,SOL,0.254714815,254714815,9,1744882873
BvjTv4VUcC5nVh955p4aMWedx4dGBQiv9XswmFQhxUtq,11111111111111111111111111111111,SOL,0.0,0,9,1744882873
yhpKH9jkuzZ6iAa5gi2Dwn7dyFRx26eTKQZhH8PLat5,11111111111111111111111111111111,SOL,0.45710496,457104960,9,1744882873
2Ru6nqA5MezLRXj4NCFkQujs7hPLxnSSYWmAi7pKotmV,11111111111111111111111111111111,SOL,0.00203928,2039280,9,1744882873
2Ru6nqA5MezLRXj4NCFkQujs7hPLxnSSYWmAi7pKotmV,4Hq1qGjnMXAHVwfBS5dZPAh8MJoRKV2XhRpj2v9Fpump,MAGY,409.637056,409637056,6,1744882873
7db67ox4RqdPT3LKnJEGAhWHZRrVTK7Ysje4wwm9A9bm,11111111111111111111111111111111,SOL,1.82549664,1825496640,9,1744882873
9AWVX6wfJ6gaxQCwjwcDw8w7iMxMfaM9bGSUp7HarAJh,11111111111111111111111111111111,SOL,218.156192754,218156192754,9,1744882873
9AWVX6wfJ6gaxQCwjwcDw8w7iMxMfaM9bGSUp7HarAJh,So11111111111111111111111111111111111111112,WSOL,218.154153474,218154153474,9,1744882873
A7X2Nw7J3Sknw2YKv8ZKQZ3pY1Z1DuRFy5BLf3XXnr2k,11111111111111111111111111111111,SOL,0.00203928,2039280,9,1744882873
A7X2Nw7J3Sknw2YKv8ZKQZ3pY1Z1DuRFy5BLf3XXnr2k,4Hq1qGjnMXAHVwfBS5dZPAh8MJoRKV2XhRpj2v9Fpump,MAGY,0.021298,21298,6,1744882873
CyGBG1NYnBgu9zGDc5W8vDPdUwCvucSAaHeKGX4JGk8t,11111111111111111111111111111111,SOL,0.00203928,2039280,9,1744882873
CyGBG1NYnBgu9zGDc5W8vDPdUwCvucSAaHeKGX4JGk8t,So11111111111111111111111111111111111111112,WSOL,0.0,0,9,1744882873
DXoEXiNtmkNeGeMAxHNXhcsrFdGKe9SmH6CpBmbNqCVv,11111111111111111111111111111111,SOL,0.02335776,23357760,9,1744882873
FTAcxJRQKGyDJgyNPbvdLyrWUoGCJDkmfAaQhkYjg56b,11111111111111111111111111111111,SOL,0.45710496,457104960,9,1744882873
H23Xf9it1y5u28ELRbGhz6Fg6jpscSi2KQjcx83LxcRk,11111111111111111111111111111111,SOL,0.0061248,6124800,9,1744882873
H4CWW45jZa6GpzcMDuj8jqkPB5bb2SyLkMmcjnkWuxwz,11111111111111111111111111111111,SOL,0.01625856,16258560,9,1744882873
H8jFWVgHKEDMuhUTKoPc7D5VR5yPrfbCoAThK15HUrQr,11111111111111111111111111111111,SOL,0.00359136,3591360,9,1744882873
Hysost1aG7v9oTvuJiMoQizrvodmnea4Vt64UVmtacrG,11111111111111111111111111111111,SOL,0.00203928,2039280,9,1744882873
Hysost1aG7v9oTvuJiMoQizrvodmnea4Vt64UVmtacrG,4Hq1qGjnMXAHVwfBS5dZPAh8MJoRKV2XhRpj2v9Fpump,MAGY,85011514.231468,85011514231468,6,1744882873
Fi2bdTbjbqX9kR2ofCrDQQtaE3GWsadfXerC3iWRAvqJ,11111111111111111111111111111111,SOL,0.0,0,9,1744882873
38nwm7U9g8KohpjsPd8y2DiTZ7s558fRMLdFkCuN9hXc,11111111111111111111111111111111,SOL,0.111891492,111891492,9,1744882873
8apUJ2Y5WjrCEtSSREMDkUYev6CiZhm6yR6NdUivBUnz,11111111111111111111111111111111,SOL,0.0,0,9,1744882873
3TsxqgjAhyyLt7k3KKyioUkw4WtnZLQzCLWuE21soBFT,11111111111111111111111111111111,SOL,0.00203928,2039280,9,1744882873
3TsxqgjAhyyLt7k3KKyioUkw4WtnZLQzCLWuE21soBFT,4Hq1qGjnMXAHVwfBS5dZPAh8MJoRKV2XhRpj2v9Fpump,MAGY,221.903069,221903069,6,1744882873
3PVDSQT38spggkzLoGaHG6bHBjUsY3X6ctFMTEHENPX2,Es9vMFrzaCERmJfrF4H2FYD4KCoNkY11McCe8BenwNYB,USDT,1.876659,1876659,6,1744882873
3PVDSQT38spggkzLoGaHG6bHBjUsY3X6ctFMTEHENPX2,11111111111111111111111111111111,SOL,0.00203928,2039280,9,1744882873
7RbtRsXDpLSz4bmHhkMQSeVT3qMGu1NmvA81Z22uegu2,11111111111111111111111111111111,SOL,4.405483804,4405483804,9,1744882873
2n6fxuD6PA5NYgEnXXYMh2iWD1JBJ1LGf76kFJAayZmX,11111111111111111111111111111111,SOL,0.00203958,2039580,9,1744882885
2n6fxuD6PA5NYgEnXXYMh2iWD1JBJ1LGf76kFJAayZmX,Es9vMFrzaCERmJfrF4H2FYD4KCoNkY11McCe8BenwNYB,USDT,192765.758844,192765758844,6,1744882885
2ncinnTcJxbZ1nUHavBVJ3Ap3R4CE7p2LJ6Jtpd1vLzd,11111111111111111111111111111111,SOL,0.0136419,13641900,9,1744882885
3grVdLgggVWGZcFpadc6VJq2pNDDkjEbUBRvL4E8sjfh,11111111111111111111111111111111,SOL,12.85983831,12859838310,9,1744882873
3grVdLgggVWGZcFpadc6VJq2pNDDkjEbUBRvL4E8sjfh,So11111111111111111111111111111111111111112,WSOL,12.85779903,12857799030,9,1744882873
3nMFwZXwY1s1M5s8vYAHqd4wGs4iSxXE4LRoUMMYqEgF,11111111111111111111111111111111,SOL,0.624977472,624977472,9,1744882885
8fcU2gMmALJvuR7T2AvL1piUS1hvwtQ2qceDniQpDDjo,11111111111111111111111111111111,SOL,0.07216128,72161280,9,1744882885
9DMVUasWHtRUaj8e3TGTsyyh9s7harwm1md3N55EP6nL,11111111111111111111111111111111,SOL,0.07216128,72161280,9,1744882873
9vX5zqnxhWFX7DNqugcGYrTjiDaRt74jaHeKkyhLUTTR,11111111111111111111111111111111,SOL,0.07143774,71437740,9,1744882873
AbcuyoPeYnddzFoFQudsiFka8qd6tTwvLgxwtpTKTpKC,11111111111111111111111111111111,SOL,6232.741883802,6232741883802,9,1744882885
AbcuyoPeYnddzFoFQudsiFka8qd6tTwvLgxwtpTKTpKC,So11111111111111111111111111111111111111112,WSOL,6232.739629221,6232739629221,9,1744882885
Cqb16WaM7dDDP8koxYASDJLWgan4STDB1R3LiSH8r3GR,11111111111111111111111111111111,SOL,0.03209286,32092860,9,1744882885
DU6t1Z5nzCsWMTWVnDcR2aaWmoz6tpBM9PfNhvCowFcR,11111111111111111111111111111111,SOL,0.00203928,2039280,9,1744882873
DU6t1Z5nzCsWMTWVnDcR2aaWmoz6tpBM9PfNhvCowFcR,EPjFWdd5AufqSSqeM2qN1xzybapC8G4wEGGkZwyTDt1v,USDC,141.424534,141424534,6,1744882873
DfXygSm4jCyNCybVYYK6DwvWqjKee8pbDmJGcLWNDXjh,11111111111111111111111111111111,SOL,0.002979226,2979226,9,1744882885
H1KVmYTTE7MKBPP9ghBf2NbmY7bJPH1ojmTXydVXwWw7,11111111111111111111111111111111,SOL,0.07143744,71437440,9,1744882873
CLoBWih5sx4zjtWvGEAwmsWqcLqgG7yig4EVmemxeyht,11111111111111111111111111111111,SOL,0.00114144,1141440,9,1744882873
MNFSTqtC93rEfYHB6hF82sKdZpUDFWkViLByLd1k1Ms,11111111111111111111111111111111,SOL,0.00114144,1141440,9,1744882873
AKjfJDv4ywdpCDrj7AURuNkGA3696GTVFgrMwk4TjkKs,11111111111111111111111111111111,SOL,345.366539137,345366539137,9,1744882873
AKjfJDv4ywdpCDrj7AURuNkGA3696GTVFgrMwk4TjkKs,So11111111111111111111111111111111111111112,WSOL,345.363019855,345363019855,9,1744882873
ENhU8LsaR7vDD2G1CsWcsuSGNrih9Cv5WZEk7q9kPapQ,11111111111111111111111111111111,SOL,0.23819904,238199040,9,1744882873
FN9K6rTdWtRDUPmLTN2FnGvLZpHVNRN2MeRghKknSGDs,11111111111111111111111111111111,SOL,0.00203928,2039280,9,1744882873
FN9K6rTdWtRDUPmLTN2FnGvLZpHVNRN2MeRghKknSGDs,EPjFWdd5AufqSSqeM2qN1xzybapC8G4wEGGkZwyTDt1v,USDC,65695.494602,65695494602,6,1744882873
F2va8VRhhyCgG5QvZZRtkZNwkFK8TRQ5z8RXnUmA4F8m,11111111111111111111111111111111,SOL,0.017077288,17077288,9,1744882873
9f3Lfq7HnBMFDZzVUtwksP5ogrZMU5tqrw7CV6f26FoK,11111111111111111111111111111111,SOL,0.0,0,9,1744882873
7uG2yNwpT9t32nVLKPczfZymiivxDEcgHLFGvfBqyB65,11111111111111111111111111111111,SOL,1.898399036,1898399036,9,1744882885
GRnf64QaBPQr4YRrE8doN1SnZ5hGsvBPZ1kAjZvNJUF1,11111111111111111111111111111111,SOL,0.02188224,21882240,9,1744882885
RBCNJvXMmrcSbX6Tc9dYySLR13Vs6kjVUVXK6qJ4Lf4,11111111111111111111111111111111,SOL,0.00114144,1141440,9,1744882885
3mWHXRvacepHvzpCx5nhVJWhdLy4nok6hmpegDXDYfTr,11111111111111111111111111111111,SOL,3.374790602,3374790602,9,1744882885
XjEArZSbdL23rxH1rxVYbf5JynFos7esxvZpSUY4jks,11111111111111111111111111111111,SOL,0.0270744,27074400,9,1744882885
B94PGWcxE9iEDov8sZobTkqEY96Yb5gfcsYWSWpQxh6S,11111111111111111111111111111111,SOL,3.207131417,3207131417,9,1744882885
FgiteGaHbA22Wt4Quzv3muscQtvX7gzVwvUHbFnb3rTJ,11111111111111111111111111111111,SOL,0.834868473,834868473,9,1744882885
ECeaWy82CxpeJQr3EG3XNmYXc9NrVeWDH5ag9Lt6TPVR,11111111111111111111111111111111,SOL,119.924999567,119924999567,9,1744882885
SzNm2zDpK3eJmSYR21pRaQ5b4wQ37ecds6det5YCZFP,11111111111111111111111111111111,SOL,0.37936176,379361760,9,1744882885
HXzkkswG8A2etA2nWWQg6NQKoy4zXrZP5JmXYFrYNRdz,11111111111111111111111111111111,SOL,47.461255485,47461255485,9,1744882873
7YEvPCdSBybXVqKo33rAG8DSyJQMLy9xCX4MzeAikS1h,11111111111111111111111111111111,SOL,0.00203928,2039280,9,1744882873
7YEvPCdSBybXVqKo33rAG8DSyJQMLy9xCX4MzeAikS1h,13TVvChoA7S2qdB7GhP8sDret3aPBetBjvWHtL3Ymeme,TIME,0.0,0,6,1744882873
8tjxKH17HzvzBQKNrhv1MFqUh1FcJJfvj2Dz97dtk6Xj,11111111111111111111111111111111,SOL,0.07143744,71437440,9,1744882885
Gmbg5WY3JmjZx2nybs3ntVSKdkYc1KpC1evdJEiSBsNk,11111111111111111111111111111111,SOL,0.07143744,71437440,9,1744882885
h1WpmVmsvv2Qefv3sFbmSt4BSh9r4yTJKa1KHG3S7Et,11111111111111111111111111111111,SOL,0.07143744,71437440,9,1744882873
A7rHgVYhd7H7Jh7SatVZs8gEKiMjeG9pNMnxFgaJL3Qh,11111111111111111111111111111111,SOL,0.07143744,71437440,9,1744882873
4Wxz8utcDNvCzS4MUWqAsRWv5psAC51CkkCowVBhTTLp,11111111111111111111111111111111,SOL,0.07143744,71437440,9,1744882873
8DVDgJdS7pXs39qLBm1z3iunMx546WRkapgdL9EvvXEy,11111111111111111111111111111111,SOL,0.07143744,71437440,9,1744882873
8KkLRnaNrd71RZDciiHVNHLdxzfm8rkNfa5wYhFLgQrq,11111111111111111111111111111111,SOL,0.07143744,71437440,9,1744882885
BHjyvACgNgBXLovwYkDjFQpTXhwzYfHGSHMa7fMVLqnP,11111111111111111111111111111111,SOL,0.07143744,71437440,9,1744882885
DjFq6wCrf6tPXZomvuLGzBXzKBZi1Dwegvyu2jYQJy8r,11111111111111111111111111111111,SOL,0.07216128,72161280,9,1744882873
9TpzMnZ4p6XAx99SQNRVa4sr7KRiejbaYLwNvhe6uWv8,11111111111111111111111111111111,SOL,0.07216128,72161280,9,1744882873
5sXYy9Rwqseh5YAw1gZ5GR2GgrXPGYmy8YwU2RbRrBPf,11111111111111111111111111111111,SOL,0.07216128,72161280,9,1744882873
GszC5FsMVoEUSSTGMj2A3iTzvnhmbFrbMLCeSiiv6Mf,11111111111111111111111111111111,SOL,0.07216128,72161280,9,1744882873
8zBZzfk3i3LZ6utvsfTKgqtUXW5RAUWPb7uSuDaEYHKD,11111111111111111111111111111111,SOL,0.07143744,71437440,9,1744882885
Hh66WTvyahv6aEs7LKKxsrsnbSyX2sWwimHPq2EHzSGF,11111111111111111111111111111111,SOL,0.07143744,71437440,9,1744882885
MWKX7JueBBKLgYU1TFmcnK5NfzKcDkjJZhQ2DfXau5W,11111111111111111111111111111111,SOL,0.07143744,71437440,9,1744882873
Dd5uZwHr4bZYnkSzHwRaaq5BEvS5NHsJZErKJu7YSjhg,11111111111111111111111111111111,SOL,0.00114144,1141440,9,1744882873
FPsDBhhGcnkoJPxf7MYU7jWnh9a33DMMsBxKm6QJD8CT,11111111111111111111111111111111,SOL,0.00718272,7182720,9,1744882873
DvEtwoWLVdqhf94QLyUHBa4uq4ZsnaAdakwwGJYnWtbQ,11111111111111111111111111111111,SOL,0.00203928,2039280,9,1744882873
DvEtwoWLVdqhf94QLyUHBa4uq4ZsnaAdakwwGJYnWtbQ,13TVvChoA7S2qdB7GhP8sDret3aPBetBjvWHtL3Ymeme,TIME,1888060.481551,1888060481551,6,1744882873
4YwCRtLMssQ1u3Zo5tmJwoG7wKV5z3i6krgVTEeZxaA3,11111111111111111111111111111111,SOL,571.850455792,571850455792,9,1744882873
4YwCRtLMssQ1u3Zo5tmJwoG7wKV5z3i6krgVTEeZxaA3,So11111111111111111111111111111111111111112,WSOL,571.848416512,571848416512,9,1744882873
5bfK5u7ZGymAXud2Nxp6buodsfyCiAbCEs5jn6tXQ69Z,11111111111111111111111111111111,SOL,0.0233856,23385600,9,1744882873
Bq6AbgZpfafzTEA44HmLxAKvuQEsQhrrheEqXGZFUPf4,11111111111111111111111111111111,SOL,0.00718272,7182720,9,1744882885
AwBn2q9VWbdsD9RPmvavdrdc2gHVxMCNgndUWDSpRdre,11111111111111111111111111111111,SOL,0.00203928,2039280,9,1744882885
AwBn2q9VWbdsD9RPmvavdrdc2gHVxMCNgndUWDSpRdre,13TVvChoA7S2qdB7GhP8sDret3aPBetBjvWHtL3Ymeme,TIME,4122331.073331,4122331073331,6,1744882885
5iH3txhe28qK7NuKhCKSJYUqeMcRqUjfC915tiHNQXnk,11111111111111111111111111111111,SOL,439.94466039,439944660390,9,1744882885
5iH3txhe28qK7NuKhCKSJYUqeMcRqUjfC915tiHNQXnk,So11111111111111111111111111111111111111112,WSOL,439.94262111,439942621110,9,1744882885
8hBpMCAmMwL1u4SKWCizmhGQgKYDhVLdakimAxpKkug9,11111111111111111111111111111111,SOL,0.0233856,23385600,9,1744882885
37qxmNgfiTytjpCzqfZg35Mwracttrs4uEwpaevVZTnp,11111111111111111111111111111111,SOL,0.01163712,11637120,9,1744882873
GE8gQvvsiSd7xn7cHuJgbqa15XWGdZfMSHssQdFHwAvc,11111111111111111111111111111111,SOL,0.00203928,2039280,9,1744882873
GE8gQvvsiSd7xn7cHuJgbqa15XWGdZfMSHssQdFHwAvc,13TVvChoA7S2qdB7GhP8sDret3aPBetBjvWHtL3Ymeme,TIME,8078.438091,8078438091,6,1744882873
5yyn8wUNYNrbBj4anzvPU5HWcUui1kDxbqUM4h1F7Ad3,11111111111111111111111111111111,SOL,0.384084348,384084348,9,1744882873
5yyn8wUNYNrbBj4anzvPU5HWcUui1kDxbqUM4h1F7Ad3,So11111111111111111111111111111111111111112,WSOL,0.382045068,382045068,9,1744882873
Ahq9XkDHMR16zSibwvTC2nj31owburB164BqG5xNhGwa,11111111111111111111111111111111,SOL,0.03209256,32092560,9,1744882873
B6epyiJCGL1DVwQ7fQx897PWzcu5HtpSFv7ZzxAHWCoU,11111111111111111111111111111111,SOL,564.42535089,564425350890,9,1744882873
B6epyiJCGL1DVwQ7fQx897PWzcu5HtpSFv7ZzxAHWCoU,So11111111111111111111111111111111111111112,WSOL,564.42331161,564423311610,9,1744882873
6tBc3ABLaYTTWu94DiRD5PWi92HML34UpAQ8pPTYgudw,11111111111111111111111111111111,SOL,0.0017052,1705200,9,1744882873
AYkyMohoUyCr6R51AWpDuuzEq9q2Bxt6enMHHWAytros,11111111111111111111111111111111,SOL,0.0136416,13641600,9,1744882873
4XBqViD1XYF1qHrErrsXBzDrCapvP9fEFX4LPjXZi9YU,11111111111111111111111111111111,SOL,57.080345357,57080345357,9,1744882873
5qbCCVRrjLtF1iLs5vx6YZhPkC2ZNn1HaWfYT4UyvN6p,11111111111111111111111111111111,SOL,0.0233856,23385600,9,1744882873
J9DWRN1F7BGMa9FBA3MGQxyLqTDPfYqm2G3gnC9G9xUY,11111111111111111111111111111111,SOL,0.07143744,71437440,9,1744882873
52B18hVv5nkLmsGbuqvcuGS114DFRhB8FYir4ivpxemK,11111111111111111111111111111111,SOL,0.00114144,1141440,9,1744882873
2ULSjQoBebFzL2qhpuG7kabybahf5rvp3J2daiYUv6XZ,11111111111111111111111111111111,SOL,0.00203928,2039280,9,1744882873
2ULSjQoBebFzL2qhpuG7kabybahf5rvp3J2daiYUv6XZ,BdQR2zt6eJ5vJNWBHbE9wnjc6iDBYyQbfoSwCRX6pump,FUN,0.0,0,6,1744882873
4e8DC37rdehEoaruJjL8v5U9qvK6iDk8GsSsjTo3HxNN,11111111111111111111111111111111,SOL,0.00203928,2039280,9,1744882873
4e8DC37rdehEoaruJjL8v5U9qvK6iDk8GsSsjTo3HxNN,BQQzEvYT4knThhkSPBvSKBLg1LEczisWLhx5ydJipump,Buckazoids,0.0,0,6,1744882873
8L4FcBG8EficcQ82xi9BysLiE2otDc4kUFHncTMde82n,11111111111111111111111111111111,SOL,0.00203928,2039280,9,1744882873
8L4FcBG8EficcQ82xi9BysLiE2otDc4kUFHncTMde82n,8BtoThi2ZoXnF7QQK1Wjmh2JuBw9FjVvhnGMVZ2vpump,DARK,0.0,0,6,1744882873
9poe2bbUUW42hRABwtT2SQzsDB7GVTFBkYdmXRaJbfjo,11111111111111111111111111111111,SOL,343.307082561,343307082561,9,1744882873
9poe2bbUUW42hRABwtT2SQzsDB7GVTFBkYdmXRaJbfjo,So11111111111111111111111111111111111111112,WSOL,343.305043281,343305043281,9,1744882873
DUjFqjqJ69pSRQhGcZetD5QCaLANYY12TBWVFcpQXvKu,11111111111111111111111111111111,SOL,0.00335944,3359440,9,1744882873
ELADeuM6UJhZxuxRGNwpkYCGqRht8ucT3ThPJoAc3QBK,11111111111111111111111111111111,SOL,0.00203928,2039280,9,1744882873
ELADeuM6UJhZxuxRGNwpkYCGqRht8ucT3ThPJoAc3QBK,BQQzEvYT4knThhkSPBvSKBLg1LEczisWLhx5ydJipump,Buckazoids,5494711.345121,5494711345121,6,1744882873
ExeooGN6vs2B9tGbnfB4KW5NiDBEC7TK2rpubDNTzoXj,11111111111111111111111111111111,SOL,0.00818272,8182720,9,1744882873
Fq5getPnGgWySyTvMrfxfutpD3dD6Tgy93sp29286sRB,11111111111111111111111111111111,SOL,1301.978764952,1301978764952,9,1744882873
Fq5getPnGgWySyTvMrfxfutpD3dD6Tgy93sp29286sRB,So11111111111111111111111111111111111111112,WSOL,1301.976725672,1301976725672,9,1744882873
GsFRdGh95ZUA3Tk62LmnPzTgy7mTSKhXkdvvQtkGnSfZ,11111111111111111111111111111111,SOL,0.00203928,2039280,9,1744882873
GsFRdGh95ZUA3Tk62LmnPzTgy7mTSKhXkdvvQtkGnSfZ,8T7RjdERSeQNqUhthUgEEUr33g6xdVVxND5YmgjSpump,Kekels,0.0,0,6,1744882873
HHEYzoB9HwF6NMt959UFdhHrCobKdaVWgJg9FqFxvqeL,11111111111111111111111111111111,SOL,70.747255441,70747255441,9,1744882873
HHEYzoB9HwF6NMt959UFdhHrCobKdaVWgJg9FqFxvqeL,So11111111111111111111111111111111111111112,WSOL,70.745216161,70745216161,9,1744882873
HoM7ghofEv2ZQz9r8JbxEDKvqu2aYh4tEhsfbRYAfWAc,11111111111111111111111111111111,SOL,0.00203928,2039280,9,1744882873
HoM7ghofEv2ZQz9r8JbxEDKvqu2aYh4tEhsfbRYAfWAc,BQQzEvYT4knThhkSPBvSKBLg1LEczisWLhx5ydJipump,Buckazoids,66995809.472684,66995809472684,6,1744882873
BQQzEvYT4knThhkSPBvSKBLg1LEczisWLhx5ydJipump,11111111111111111111111111111111,SOL,176.954267919,176954267919,9,1744882873
J6k1id8egmKZswaXPrXjz75TkjVimDLaEGS6UitJLB5e,D3yhKCczVLKRELLtn3B6ofepRpuv5a5x4gDPfPYXpump,FATCOIN,8727706.995034,8727706995034,6,1744882873
J6k1id8egmKZswaXPrXjz75TkjVimDLaEGS6UitJLB5e,11111111111111111111111111111111,SOL,0.00203928,2039280,9,1744882873
DDGniHdkFbtuh5ufizmoNeePVeaszZBePjZzjV5pvMwb,11111111111111111111111111111111,SOL,44.037804585,44037804585,9,1744882873
97WVqetoJW54eyLQqGz71gP4gZjtKMsDP9pYvCZNe3x1,11111111111111111111111111111111,SOL,0.00203928,2039280,9,1744882873
97WVqetoJW54eyLQqGz71gP4gZjtKMsDP9pYvCZNe3x1,D3yhKCczVLKRELLtn3B6ofepRpuv5a5x4gDPfPYXpump,FATCOIN,864125713.761911,864125713761911,6,1744882873
9ZdYU9zegwfM2b2a7b4774Z164ajUn9mQpekZ65goMyK,11111111111111111111111111111111,SOL,220.345930908,220345930908,9,1744882873
9ZdYU9zegwfM2b2a7b4774Z164ajUn9mQpekZ65goMyK,So11111111111111111111111111111111111111112,WSOL,220.343891628,220343891628,9,1744882873
ADuUkR4vqLUMWXxW9gh6D6L8pMSawimctcNZ5pGwDcEt,11111111111111111111111111111111,SOL,0.003226875,3226875,9,1744882885
Dg6engtWE5z151uoo7CVa1jYNFrCyRE8suPsf3mKTxc1,11111111111111111111111111111111,SOL,21.244903996,21244903996,9,1744882873
Dg6engtWE5z151uoo7CVa1jYNFrCyRE8suPsf3mKTxc1,So11111111111111111111111111111111111111112,WSOL,21.242864716,21242864716,9,1744882873
7jehwcUghohv7hDqmzCwEDHvpWXU8YmpexAt8V9vGKjr,11111111111111111111111111111111,SOL,0.00235944,2359440,9,1744882873
D3yhKCczVLKRELLtn3B6ofepRpuv5a5x4gDPfPYXpump,11111111111111111111111111111111,SOL,0.0014616,1461600,9,1744882873
3RWdZVacxVSceqsCicS5JMVL3UwzXAQWLoAKc6w6VV1t,F28UWka8PSyG1jUtVZ2CfFdF1dkLEA4rw7GkFBW7pump,Sahur,1102589.574173,1102589574173,6,1744882873
3RWdZVacxVSceqsCicS5JMVL3UwzXAQWLoAKc6w6VV1t,11111111111111111111111111111111,SOL,0.00203928,2039280,9,1744882873
kip312wW3Wh9TLMcU2xmu2eBSJp16JNLps6NwPLdrtq,11111111111111111111111111111111,SOL,1.793393483,1793393483,9,1744882873
2bQJYyX2c6RJQ3Cq7JaYQ34U3uvLDF5qf4zYjqGetY3B,11111111111111111111111111111111,SOL,0.00203928,2039280,9,1744882873
2bQJYyX2c6RJQ3Cq7JaYQ34U3uvLDF5qf4zYjqGetY3B,DNrmDMs2czDaAwgzg2BmvM7Jn5ZqA6VN5huRqCrSpump,Sahur,0.0,0,6,1744882873
5DhtSnxpFd4GSGErjyNsY8ogUrNRWbX1GZ3NGMFkEXpS,11111111111111111111111111111111,SOL,0.00203928,2039280,9,1744882873
5DhtSnxpFd4GSGErjyNsY8ogUrNRWbX1GZ3NGMFkEXpS,F28UWka8PSyG1jUtVZ2CfFdF1dkLEA4rw7GkFBW7pump,Sahur,1443.492041,1443492041,6,1744882873
Aafu2k5FVqxV2w5xhcsDD7PNDDGr1ZqvvkocHGSCfmnZ,11111111111111111111111111111111,SOL,0.00203928,2039280,9,1744882873
Aafu2k5FVqxV2w5xhcsDD7PNDDGr1ZqvvkocHGSCfmnZ,DNrmDMs2czDaAwgzg2BmvM7Jn5ZqA6VN5huRqCrSpump,Sahur,52430647.758877,52430647758877,6,1744882873
AjYa7GYvzN8asK8wEfeSTqn68N5RuA3wTaCwwU7BiZLt,11111111111111111111111111111111,SOL,519.047150871,519047150871,9,1744882873
AjYa7GYvzN8asK8wEfeSTqn68N5RuA3wTaCwwU7BiZLt,So11111111111111111111111111111111111111112,WSOL,519.045111591,519045111591,9,1744882873
Bvtgim23rfocUzxVX9j9QFxTbBnH8JZxnaGLCEkXvjKS,11111111111111111111111111111111,SOL,2443.977638205,2443977638205,9,1744882885
Bvtgim23rfocUzxVX9j9QFxTbBnH8JZxnaGLCEkXvjKS,So11111111111111111111111111111111111111112,WSOL,2443.975598925,2443975598925,9,1744882885
E4ZZ3n7mhuFA6zbwMJMQuSdyjMZVBsFK84LJPptd8e2S,11111111111111111111111111111111,SOL,52.237730655,52237730655,9,1744882873
E4ZZ3n7mhuFA6zbwMJMQuSdyjMZVBsFK84LJPptd8e2S,So11111111111111111111111111111111111111112,WSOL,52.235691375,52235691375,9,1744882873
EX9gMbp8cq5uZ5VYgPoeupETSWEdvmvAuHYgCoh6hYwc,11111111111111111111111111111111,SOL,0.00203928,2039280,9,1744882873
EX9gMbp8cq5uZ5VYgPoeupETSWEdvmvAuHYgCoh6hYwc,F28UWka8PSyG1jUtVZ2CfFdF1dkLEA4rw7GkFBW7pump,Sahur,103709991.016558,103709991016558,6,1744882873
EXfpndEFLDYdvkhS7cvuGd6yzzbQcFiFE5EUsVQkb4Nt,11111111111111111111111111111111,SOL,0.0061248,6124800,9,1744882873
FnRg6nxNQBYWt3BSJBonB83YshBbNiH5D9xqNW3sWkPs,11111111111111111111111111111111,SOL,0.00203928,2039280,9,1744882873
FnRg6nxNQBYWt3BSJBonB83YshBbNiH5D9xqNW3sWkPs,DNrmDMs2czDaAwgzg2BmvM7Jn5ZqA6VN5huRqCrSpump,Sahur,227072.258572,227072258572,6,1744882873
Gvozxa4kBmawczx4Zb2yHwhZQdB51Wqfk4oahZSNHyLF,11111111111111111111111111111111,SOL,209.860332864,209860332864,9,1744882873
Gvozxa4kBmawczx4Zb2yHwhZQdB51Wqfk4oahZSNHyLF,So11111111111111111111111111111111111111112,WSOL,209.858293584,209858293584,9,1744882873
HfGAxGqBSDLh2doDLuaBZJHAfYKQc8q4Ef57vYZJktPm,11111111111111111111111111111111,SOL,0.00203928,2039280,9,1744882873
HfGAxGqBSDLh2doDLuaBZJHAfYKQc8q4Ef57vYZJktPm,F28UWka8PSyG1jUtVZ2CfFdF1dkLEA4rw7GkFBW7pump,Sahur,17.145766,17145766,6,1744882873
2KmU2TWWKT9k1PKqLvi7DdLRFfoX7GhezZWaKiYnqyPK,11111111111111111111111111111111,SOL,0.00235944,2359440,9,1744882873
9rPYyANsfQZw3DnDmKE3YCQF5E8oD89UXoHn9JFEhJUz,11111111111111111111111111111111,SOL,7918.043289435,7918043289435,9,1744882885
DNrmDMs2czDaAwgzg2BmvM7Jn5ZqA6VN5huRqCrSpump,11111111111111111111111111111111,SOL,0.0014616,1461600,9,1744882873
Df9GB5aHbe7z3ndNzgsi26GFD3NtmTLnJc1ng97ciqau,11111111111111111111111111111111,SOL,0.00235944,2359440,9,1744882873
F28UWka8PSyG1jUtVZ2CfFdF1dkLEA4rw7GkFBW7pump,11111111111111111111111111111111,SOL,0.0014616,1461600,9,1744882873
3wFjoSQuC71h9aAjYy15XDkUMEEJUYmJ9GfSwwysZhAf,rf2FMuZHVM9LbHUx3XARaV2trik1S8mfdtwMdVwbHKV,clitcoin,0.505682,505682,6,1744882873
3wFjoSQuC71h9aAjYy15XDkUMEEJUYmJ9GfSwwysZhAf,11111111111111111111111111111111,SOL,0.00203928,2039280,9,1744882873
4RG6UHKMuy88kv7PLUcAfycR1vJHXojP1dqPizUjYsmV,11111111111111111111111111111111,SOL,0.004212946,4212946,9,1744882873
BT9yCTyqp6BVahorkQiKtC7jLny6T7ZUshxd6e7ArQe7,11111111111111111111111111111111,SOL,0.0,0,9,1744882873
H5BSM9AqL69BoTUT7Mn2az2amLxNy7RkaEYrgNMmZtgr,11111111111111111111111111111111,SOL,0.00203928,2039280,9,1744882873
H5BSM9AqL69BoTUT7Mn2az2amLxNy7RkaEYrgNMmZtgr,rf2FMuZHVM9LbHUx3XARaV2trik1S8mfdtwMdVwbHKV,clitcoin,216727444.227163,216727444227163,6,1744882873
8ChByE4nLPSoMsQA8RsKezNGoohgEKKLYJu8zBsFp4f5,11111111111111111111111111111111,SOL,84.285941728,84285941728,9,1744882873
8ChByE4nLPSoMsQA8RsKezNGoohgEKKLYJu8zBsFp4f5,So11111111111111111111111111111111111111112,WSOL,84.283902448,84283902448,9,1744882873
3AVi9Tg9Uo68tJfuvoKvqKNWKkC5wPdSSdeBnizKZ6jT,11111111111111111111111111111111,SOL,0.013264943,13264943,9,1744882885
rf2FMuZHVM9LbHUx3XARaV2trik1S8mfdtwMdVwbHKV,11111111111111111111111111111111,SOL,0.0014616,1461600,9,1744882873
GLisSkHuSuMB9BN6WiassHTqxwFE7w7btaZXTyryHoBP,11111111111111111111111111111111,SOL,0.00235944,2359440,9,1744882873
8Wv6hcmrWG51BL1njQmhjQAMjRUz7gap3bHfowXmfC5k,11111111111111111111111111111111,SOL,0.07143744,71437440,9,1744882873
92TBSQoSzRKp8HN2FSenbBSzznkiNRFJKSTtFxV7cJws,11111111111111111111111111111111,SOL,0.0233856,23385600,9,1744882873
cWcPSjnipqqUty9F2oQCwk2JsAFRLDgDMQFrqzQaVv6,11111111111111111111111111111111,SOL,0.00203928,2039280,9,1744882873
cWcPSjnipqqUty9F2oQCwk2JsAFRLDgDMQFrqzQaVv6,J3PCLjNH3FzYcqxQPWyMswnPx4bgiG3hvTHuWWdNpump,Deshawn,0.0,0,6,1744882873
44EjFcDxsfZxdcUZNw9JVqTPFJHBEf8tTirNTcAdaoNx,11111111111111111111111111111111,SOL,0.00718272,7182720,9,1744882873
4BnAZbNoj68sAMRm17mqB8a2C52nhhppotSt41EviCNy,11111111111111111111111111111111,SOL,0.00235944,2359440,9,1744882885
5NfvQPF5JxHW18y5AmoHCgn7i6cALQ132vhZbSTvFDiX,11111111111111111111111111111111,SOL,0.00203928,2039280,9,1744882885
5NfvQPF5JxHW18y5AmoHCgn7i6cALQ132vhZbSTvFDiX,J3PCLjNH3FzYcqxQPWyMswnPx4bgiG3hvTHuWWdNpump,Deshawn,140465460.240365,140465460240365,6,1744882885
6Aovm2EnBpKsTGrXQTPRUH6GmDJgiuibQXWtXLn4P83F,11111111111111111111111111111111,SOL,142.40810963,142408109630,9,1744882885
6Aovm2EnBpKsTGrXQTPRUH6GmDJgiuibQXWtXLn4P83F,So11111111111111111111111111111111111111112,WSOL,142.40607035,142406070350,9,1744882885
94qWNrtmfn42h3ZjUZwWvK1MEo9uVmmrBPd2hpNjYDjb,11111111111111111111111111111111,SOL,4488.851904841,4488851904841,9,1744882873
94qWNrtmfn42h3ZjUZwWvK1MEo9uVmmrBPd2hpNjYDjb,So11111111111111111111111111111111111111112,WSOL,4488.849865561,4488849865561,9,1744882873
9jodwrZsoX9c5jAsEdqFWGzdNJUB8pG1Bhy3vi3ExtWK,11111111111111111111111111111111,SOL,0.00203928,2039280,9,1744882873
9jodwrZsoX9c5jAsEdqFWGzdNJUB8pG1Bhy3vi3ExtWK,J3PCLjNH3FzYcqxQPWyMswnPx4bgiG3hvTHuWWdNpump,Deshawn,4572874.949564,4572874949564,6,1744882873
CmKhR4FA21u74E5dCWyBKhCX6aEHChTsETNDJG59YwuG,11111111111111111111111111111111,SOL,13.701351927,13701351927,9,1744882873
CmKhR4FA21u74E5dCWyBKhCX6aEHChTsETNDJG59YwuG,So11111111111111111111111111111111111111112,WSOL,13.699312647,13699312647,9,1744882873
J3PCLjNH3FzYcqxQPWyMswnPx4bgiG3hvTHuWWdNpump,11111111111111111111111111111111,SOL,0.0014616,1461600,9,1744882885
Cx8Bd26EPfnhoAM94hNW1ot3vESEDsMDqD7Jgw31Pzqj,11111111111111111111111111111111,SOL,9.298001602,9298001602,9,1744882885
BDPvsofXRrM6NErBXparLfFXdPG5QRLNcaDGeaWJkspa,11111111111111111111111111111111,SOL,0.0270744,27074400,9,1744882885
4b1onMDEasBh4BuPekQWijx3BYR64hAE1z2jJyeZUkck,11111111111111111111111111111111,SOL,2.234719703,2234719703,9,1744882873
6anBvYWGwkkZPAaPF6BmzF6LUPfP2HFVhQUAWckKH9LZ,11111111111111111111111111111111,SOL,4.260873993,4260873993,9,1744882873
FGptqdxjahafaCzpZ1T6EDtCzYMv7Dyn5MgBLyB3VUFW,11111111111111111111111111111111,SOL,2035.783430412,2035783430412,9,1744882873
FGptqdxjahafaCzpZ1T6EDtCzYMv7Dyn5MgBLyB3VUFW,So11111111111111111111111111111111111111112,WSOL,2035.781391132,2035781391132,9,1744882873
AVmoTthdrX6tKt4nDjco2D775W2YK3sDhxPcMmzUAmTY,11111111111111111111111111111111,SOL,7852.813549635,7852813549635,9,1744882873
5zrjQTLhqgKNxiBgZVZwuNVyTw22gkqTuZTLku6djdin,11111111111111111111111111111111,SOL,0.00142,1420000,9,1744882873
AmJyfC4cnFe7R76WUrLiBr9Gz36LDY9d1aJuUT9shAo,11111111111111111111111111111111,SOL,0.932181301,932181301,9,1744882873
7G2ekUyVaFjfrBYnDrtyQ4oRUydxRuVNRFEjgphtnt21,11111111111111111111111111111111,SOL,0.0,0,9,1744882873
HnUeYqo9dNR9hETvtJEmZjZEhuCv4vULTNT8rqMhc29t,11111111111111111111111111111111,SOL,0.0,0,9,1744882873
5Vo8htXaoWTRYH29a218jzhMhzadT4dph5Qjdxc7mHQx,11111111111111111111111111111111,SOL,0.00203928,2039280,9,1744882873
5Vo8htXaoWTRYH29a218jzhMhzadT4dph5Qjdxc7mHQx,13TVvChoA7S2qdB7GhP8sDret3aPBetBjvWHtL3Ymeme,TIME,0.432705,432705,6,1744882873
BaSqSj4GLqvqzohXv8KvbctLyM16SkfdDZ4jjP8qrz2y,11111111111111111111111111111111,SOL,0.02335776,23357760,9,1744882873
64Jjg5HHk2uVdKaom7QmY2jAfKSMJ3JUarapnb1eS5tj,11111111111111111111111111111111,SOL,0.01625856,16258560,9,1744882873
EYnfH4RGBwVfkzZooEhWC7oDUY4iYXbTeFoFADLqifXm,11111111111111111111111111111111,SOL,0.00359136,3591360,9,1744882873
EuZ9xWuvfAcZCAsTVKvj8t42CFgHyErYDE9HytudqhKm,11111111111111111111111111111111,SOL,0.10197792,101977920,9,1744882873
HTteDwa6hNE7bHEYhyRXnqj9hwLTrtJjbHEWZsUVy6Wn,11111111111111111111111111111111,SOL,0.10197792,101977920,9,1744882873
A8H6uxa2bZSawyhCuitW6kAKu92ci3Y4LMWVcFBDNeTA,11111111111111111111111111111111,SOL,0.07959456,79594560,9,1744882873
9FZEjbygsCBB9fPDaEeq7Jq7DcoF7V1JEcowpi6ZbBbf,11111111111111111111111111111111,SOL,0.00203928,2039280,9,1744882873
9FZEjbygsCBB9fPDaEeq7Jq7DcoF7V1JEcowpi6ZbBbf,13TVvChoA7S2qdB7GhP8sDret3aPBetBjvWHtL3Ymeme,TIME,0.0,0,6,1744882873
F2Ub2hqnwHdDvRXtVReFQNjRa8ppxTQqxjWf4fyvTrWq,11111111111111111111111111111111,SOL,0.00203928,2039280,9,1744882873
F2Ub2hqnwHdDvRXtVReFQNjRa8ppxTQqxjWf4fyvTrWq,So11111111111111111111111111111111111111112,WSOL,0.0,0,9,1744882873
A2oS1AmFSEZK9wDVTMT6wMLr89MpthJvC67DivDVU8Xu,11111111111111111111111111111111,SOL,0.0,0,9,1744882873
3atboQBuu7rHFDHmcaMBTF7mUVt5Cmjzt39b5Y5ZLYUB,11111111111111111111111111111111,SOL,0.00142,1420000,9,1744882873
DgCjwxxP4PDtzBbjxFLRDSN86qTrdgsfXDBft9EAQ8FX,11111111111111111111111111111111,SOL,0.0,0,9,1744882873
5ziLJ8DTfFM1NCiwfVHxktDai3y3bzDuqwanWpjs86Md,11111111111111111111111111111111,SOL,0.00142,1420000,9,1744882873
CkDWtPw2iAscGdpiVfuVehzszFbWcM3pPHokt7e2FjaS,11111111111111111111111111111111,SOL,0.0,0,9,1744882873
H5KcLs1KWeSao3VUfCi98XwgfgZZg9DoEsZmdNevdoox,11111111111111111111111111111111,SOL,0.00142,1420000,9,1744882873
AuHZYHYkKVzxSuK8ugooMYwBMU9VqF9oq4m8Laf4bH48,11111111111111111111111111111111,SOL,0.0,0,9,1744882873
AZuPULGTD13mrVBSwBEdFQghWKcDhUgw3dnR4s7dgBM,11111111111111111111111111111111,SOL,0.00142,1420000,9,1744882873
631DmiCCW4LSkM3e2NyrrCpPXbP2zGWdFqGuSMY9E4aK,11111111111111111111111111111111,SOL,0.0,0,9,1744882873
7Zc5wkVQ4inRp8c6Vkx152Tr7UZMqWdKdpbrSQMC32DG,11111111111111111111111111111111,SOL,0.04793572,47935720,9,1744882873
Y3HVXbVSGhru2Sg142dcQBnGEHAUqXut8Ptgwe9tgEz,11111111111111111111111111111111,SOL,0.0,0,9,1744882873
ENr327CVhEfM2KWwEAJkp72FDFJmexseJ1arHAFJLA3t,11111111111111111111111111111111,SOL,0.0,0,9,1744882873
28dELazyXcoxryg6X2FykXggX9ERELwC6hSouWvTvJWw,11111111111111111111111111111111,SOL,0.00203928,2039280,9,1744882873
28dELazyXcoxryg6X2FykXggX9ERELwC6hSouWvTvJWw,73M4aywAmAwQm61eFd2HzoftRhz52Vh41nmZHE7oj66m,Habibi,44.609276,44609276,6,1744882873
DwrAvDbeSw4jkr59ZFDHCAXJ7xAaZzdKRbzERSeBWmcW,11111111111111111111111111111111,SOL,0.0061248,6124800,9,1744882873
76A1LUkBVkJcYtRdps6heHi5S9LCwbJPGxoPRnV26RVM,11111111111111111111111111111111,SOL,0.02335776,23357760,9,1744882873
C515xUPyWFABD9atDjLzUWwz7seJyYgm2ExwFtPJjAAp,11111111111111111111111111111111,SOL,0.01625856,16258560,9,1744882873
6G4rT3ptcKZyMxV5iWSaoiM3KZya7oTQJFtHbzQbFbBs,11111111111111111111111111111111,SOL,0.00203928,2039280,9,1744882873
6G4rT3ptcKZyMxV5iWSaoiM3KZya7oTQJFtHbzQbFbBs,73M4aywAmAwQm61eFd2HzoftRhz52Vh41nmZHE7oj66m,Habibi,685273740.737549,685273740737549,6,1744882873
BRUiC2B5m35TGZa6qSxYpcmZtzARaHnZN9zEu3wcJicD,11111111111111111111111111111111,SOL,153.234876817,153234876817,9,1744882873
BRUiC2B5m35TGZa6qSxYpcmZtzARaHnZN9zEu3wcJicD,So11111111111111111111111111111111111111112,WSOL,153.232837537,153232837537,9,1744882873
EozRZZMYH9LQZUJiYSuKDgUrFwUuzPBa739K8RZuevJv,11111111111111111111111111111111,SOL,0.00359136,3591360,9,1744882873
F3yzTHFs7y7YbyYVaivbZqEq6LskVTzT5Srsmee247AN,11111111111111111111111111111111,SOL,0.10197792,101977920,9,1744882873
Fatne6kcFzF6U4Cnc9yiWiACRDmzQiJGZLPqgzhKphrS,11111111111111111111111111111111,SOL,0.10197792,101977920,9,1744882873
3cZBvSdfCABNL9VyfWPbCC7Kwf8QTcRrhYfMaRkMdGbX,11111111111111111111111111111111,SOL,0.07959456,79594560,9,1744882873
32kunHkfpdzexxHPucM3cfKdFxxjwTAVVwa6HXgunzuf,11111111111111111111111111111111,SOL,0.00203928,2039280,9,1744882873
32kunHkfpdzexxHPucM3cfKdFxxjwTAVVwa6HXgunzuf,73M4aywAmAwQm61eFd2HzoftRhz52Vh41nmZHE7oj66m,Habibi,0.0,0,6,1744882873
4iqDXWdzqVRkjrSLvMYi94tyCGS3RnspXu9Eekov5vVF,11111111111111111111111111111111,SOL,0.00203928,2039280,9,1744882873
4iqDXWdzqVRkjrSLvMYi94tyCGS3RnspXu9Eekov5vVF,So11111111111111111111111111111111111111112,WSOL,0.0,0,9,1744882873
HFqU5x63VTqvQss8hp11i4wVV8bD44PvwucfZ2bU7gRe,11111111111111111111111111111111,SOL,0.033866559,33866559,9,1744882885
73M4aywAmAwQm61eFd2HzoftRhz52Vh41nmZHE7oj66m,11111111111111111111111111111111,SOL,0.0014616,1461600,9,1744882873
93ugcrBwDXbr1qrVLjccjbK2SgTwoWV5MEv1NSeTkGGv,11111111111111111111111111111111,SOL,0.0,0,9,1744882873
5ZGS1etUeQ7TJEBYfJoVQXfu6GVT8AZz6bnahbE2HH68,11111111111111111111111111111111,SOL,6.91564589,6915645890,9,1744882873
2ewxJG2jE9PAURd99JKUbAWHZYUNhRHJJwSYKva6MFHq,11111111111111111111111111111111,SOL,0.07040736,70407360,9,1744882873
8YJGwanuDn1hNxR2foJ9bSDegokb4ivG2i8ezqFvfb7w,11111111111111111111111111111111,SOL,0.07040736,70407360,9,1744882873
AxT1xAWuu3gpN1N5m7ffxFf578fSoAsA3TsRbpi4jkne,11111111111111111111111111111111,SOL,0.0,0,9,1744882873
EreQ3URN8sCmgoqAvooCFxS6Qm5KysqS11bf3j5yLedM,11111111111111111111111111111111,SOL,0.07040736,70407360,9,1744882873
GGozrSFVa9VSbaqTGxbDnf5KWscaxJ2bUU3NQR4ne8hV,11111111111111111111111111111111,SOL,0.169676627,169676627,9,1744882873
GUi3kqEjiWXeSNwn22r6Us6nUvjT1xi4WPqXsduUnFNu,11111111111111111111111111111111,SOL,51.494285583,51494285583,9,1744882873
GUi3kqEjiWXeSNwn22r6Us6nUvjT1xi4WPqXsduUnFNu,So11111111111111111111111111111111111111112,WSOL,51.492246303,51492246303,9,1744882873
GxnXmqQC6oiTeHjfeBhtgFxzpYq96irm5kD8vj8y3p31,11111111111111111111111111111111,SOL,0.00203928,2039280,9,1744882873
GxnXmqQC6oiTeHjfeBhtgFxzpYq96irm5kD8vj8y3p31,EPjFWdd5AufqSSqeM2qN1xzybapC8G4wEGGkZwyTDt1v,USDC,7.805723,7805723,6,1744882873
Memo1UhkJRfHyvLMcVucJwxXeuD728EqVDDwQDxFMNo,11111111111111111111111111111111,SOL,0.12115968,121159680,9,1744882885
JHVJLsPsbzNW8JP8cPYmrwfzD2M9aHXdFHSjeeCDERu,11111111111111111111111111111111,SOL,0.00203928,2039280,9,1744882873
JHVJLsPsbzNW8JP8cPYmrwfzD2M9aHXdFHSjeeCDERu,EPjFWdd5AufqSSqeM2qN1xzybapC8G4wEGGkZwyTDt1v,USDC,1433047.586922,1433047586922,6,1744882873
CAPhoEse9xEH95XmdnJjYrZdNCA8xfUWdy3aWymHa1Vj,11111111111111111111111111111111,SOL,0.923030707,923030707,9,1744882873
CTaDZW2LhvHPRnA9JWcZF8R5y2mpkV2RcHAXyEoKLbzp,11111111111111111111111111111111,SOL,9499.733955517,9499733955517,9,1744882873
CTaDZW2LhvHPRnA9JWcZF8R5y2mpkV2RcHAXyEoKLbzp,So11111111111111111111111111111111111111112,WSOL,9499.712901236,9499712901236,9,1744882873
55TucCMtiDs2k4bXcNssMRNCX7LxYPb42cauJAhpXdoQ,11111111111111111111111111111111,SOL,0.005443261,5443261,9,1744882873
Cux1Jc8HzNYJKos71qRUsEKtBT5HDFTK7mgSM8ybyfAW,11111111111111111111111111111111,SOL,339.249446102,339249446102,9,1744882873
Cux1Jc8HzNYJKos71qRUsEKtBT5HDFTK7mgSM8ybyfAW,So11111111111111111111111111111111111111112,WSOL,339.247406822,339247406822,9,1744882873
GQc9WHpd9sSa4WuwrKnixD8DvYBuER3cZRPjMR77SpYM,11111111111111111111111111111111,SOL,0.00203928,2039280,9,1744882873
GQc9WHpd9sSa4WuwrKnixD8DvYBuER3cZRPjMR77SpYM,EPjFWdd5AufqSSqeM2qN1xzybapC8G4wEGGkZwyTDt1v,USDC,8302.015051,8302015051,6,1744882873
BLGsJzPU8UngoHz481jbFeC7jBNHhYCH2YF6L2nXoZHs,11111111111111111111111111111111,SOL,0.0,0,9,1744882873
H8W3ctz92svYg6mkn1UtGfu2aQr2fnUFHM1RhScEtQDt,11111111111111111111111111111111,SOL,0.00114144,1141440,9,1744882873
CSBhrDQpydb99NqnvX8n4seQTJptWiW84VbsWaHencPZ,11111111111111111111111111111111,SOL,0.004552806,4552806,9,1744882873
ES5GuMJReMYFxRgGRmfxgYLu5XBxwAr8d1X9DCmySvD9,11111111111111111111111111111111,SOL,0.0,0,9,1744882873
ADR6e47Zq7eNMjMQ2XgUaiZzThNSBcbh29Qpwjn26Wqx,11111111111111111111111111111111,SOL,0.0021576,2157600,9,1744882873
ADR6e47Zq7eNMjMQ2XgUaiZzThNSBcbh29Qpwjn26Wqx,7atgF8KQo4wJrD5ATGX7t1V2zVvykPJbFfNeVf1icFv1,UNKNOWN,101.25,10125,2,1744882873
DNyd87a6uL61EpTXNS1zKwmZXxpvRvP6oYfBEaiQk3oc,11111111111111111111111111111111,SOL,0.0021576,2157600,9,1744882873
DNyd87a6uL61EpTXNS1zKwmZXxpvRvP6oYfBEaiQk3oc,7atgF8KQo4wJrD5ATGX7t1V2zVvykPJbFfNeVf1icFv1,UNKNOWN,4510189114682.11,451018911468211,2,1744882873
BdGsxRVkdpKtT9nyHA8Z3oBrEarFEnB6LHAut5yc9ALP,11111111111111111111111111111111,SOL,3269.294721261,3269294721261,9,1744882873
BdGsxRVkdpKtT9nyHA8Z3oBrEarFEnB6LHAut5yc9ALP,So11111111111111111111111111111111111111112,WSOL,3269.292681981,3269292681981,9,1744882873
DXvH4V6QjHqZx1DMVg7ukCBJUdcBDLU166f35XVV3k1e,11111111111111111111111111111111,SOL,0.0014616,1461600,9,1744882873
cE7tv2J5f3tyrpGGMoPDY5Nagbk2QtJFka1kQVDDzfD,11111111111111111111111111111111,SOL,0.00207408,2074080,9,1744882873
cE7tv2J5f3tyrpGGMoPDY5Nagbk2QtJFka1kQVDDzfD,DXvH4V6QjHqZx1DMVg7ukCBJUdcBDLU166f35XVV3k1e,UNKNOWN,76347.17,7634717,2,1744882873
FLUXubRmkEi2q6K3Y9kBPg9248ggaZVsoSFhtJHSrm1X,11111111111111111111111111111111,SOL,0.00114144,1141440,9,1744882873
4G2u4fo1iLCu7kvbiaiNSdA9GtbAPbfj7kR6vaDsCQcy,11111111111111111111111111111111,SOL,0.10314592,103145920,9,1744882873
FbcYcJVccCdNzq5CdMrWzUfSJD3duf4yitRcJAubQgvz,11111111111111111111111111111111,SOL,0.0,0,9,1744882873
7atgF8KQo4wJrD5ATGX7t1V2zVvykPJbFfNeVf1icFv1,11111111111111111111111111111111,SOL,115.846510226,115846510226,9,1744882873
4YTGPNYu1Rt3kzpSWrkT4vAuSzcMF3M5JpBaCPMprsvN,11111111111111111111111111111111,SOL,3.100760602,3100760602,9,1744882885
6CkLpE3ZxqMArQhMv7j7cTbw9Y9WKnPWQrrjwyr3avPh,11111111111111111111111111111111,SOL,0.0270744,27074400,9,1744882885
DGy99kucsjADVPu1rw5WU44M8gsnpDnsWsKsbX2DQWYL,11111111111111111111111111111111,SOL,24.898666307,24898666307,9,1744882885
CyxKaD6TayfbCRx6mSrLpPY1YSLofdVZKA6BSThXWfXS,11111111111111111111111111111111,SOL,0.2124929,212492900,9,1744882885
6kntKawNmZNKZqUHvRVGKMwp8LQU5upyhht7w1PL7dde,11111111111111111111111111111111,SOL,9.909612831,9909612831,9,1744882873
2n8ZvmcXL3GGPbBdRmQvoG6qmFnMAnyUqxRFGVcUTtGo,11111111111111111111111111111111,SOL,0.00203928,2039280,9,1744882873
2n8ZvmcXL3GGPbBdRmQvoG6qmFnMAnyUqxRFGVcUTtGo,9BB6NFEcjBCtnNLFko2FqVQBq8HHM13kCyYcdQbgpump,Fartcoin ,54720.063199,54720063199,6,1744882873
C1se777fvYUArQ2oZhgRmojdMTy4MkTxtCPS33iRhv2z,11111111111111111111111111111111,SOL,0.00122496,1224960,9,1744882873
PhoeNiXZ8ByJGLkxNfZRnkUfjvmuYqLR89jjFHGqdXY,11111111111111111111111111111111,SOL,0.00114144,1141440,9,1744882885
QhHBWgnYFhSqUFFPJrk9tdEsWvdgE2YuNK3te7JxYzp,11111111111111111111111111111111,SOL,0.00178176,1781760,9,1744882873
3HEjCRQLW8GVy2hL4KkpZ2f1qA4Md92vvjgVitYUfng8,11111111111111111111111111111111,SOL,0.00203928,2039280,9,1744882873
3HEjCRQLW8GVy2hL4KkpZ2f1qA4Md92vvjgVitYUfng8,EPjFWdd5AufqSSqeM2qN1xzybapC8G4wEGGkZwyTDt1v,USDC,110506.257409,110506257409,6,1744882873
3tHZH9ruCesDVGv6cPqsPvNAo4HTZXgGSP2G4wnomDr6,11111111111111111111111111111111,SOL,1.61939752,1619397520,9,1744882873
7UmXTTASyJeRuSdVet5FmZ2vmQHV2y3SW86Tpq53z2PD,11111111111111111111111111111111,SOL,0.00203928,2039280,9,1744882873
7UmXTTASyJeRuSdVet5FmZ2vmQHV2y3SW86Tpq53z2PD,9BB6NFEcjBCtnNLFko2FqVQBq8HHM13kCyYcdQbgpump,Fartcoin ,37367.77,37367770000,6,1744882873
G6LqigtFSrK3pwaXKnaWiTjYYxTuyaey3YhdtQSFCvn9,11111111111111111111111111111111,SOL,0.00407856,4078560,9,1744882873
G6LqigtFSrK3pwaXKnaWiTjYYxTuyaey3YhdtQSFCvn9,EPjFWdd5AufqSSqeM2qN1xzybapC8G4wEGGkZwyTDt1v,USDC,309953.342499,309953342499,6,1744882873
7aDTsspkQNGKmrexAN7FLx9oxU3iPczSSvHNggyuqYkR,11111111111111111111111111111111,SOL,0.0,0,9,1744882885
5CtBppoYrFrZq5JmPvt2hkXRczgjXSm8H6fp7swFncna,11111111111111111111111111111111,SOL,5.211130307,5211130307,9,1744882873
AhG3RJkhKVJjMApXA1w1yZgchkVZXaMNSYK2BZdMwZQn,11111111111111111111111111111111,SOL,0.00203928,2039280,9,1744882873
AhG3RJkhKVJjMApXA1w1yZgchkVZXaMNSYK2BZdMwZQn,8T7RjdERSeQNqUhthUgEEUr33g6xdVVxND5YmgjSpump,Kekels,0.0,0,6,1744882873
BJgrCaBmJqi4gorpmcugcAvJ15rEcwwTUY7yUZHLeZdx,11111111111111111111111111111111,SOL,134.661642978,134661642978,9,1744882873
BJgrCaBmJqi4gorpmcugcAvJ15rEcwwTUY7yUZHLeZdx,So11111111111111111111111111111111111111112,WSOL,134.659603698,134659603698,9,1744882873
3pjWyeFUPa9Sppf15BAJYim4K2kVZThbLbYzThhLUBbG,11111111111111111111111111111111,SOL,99.072867639,99072867639,9,1744882873
5cnXt9cMpac7sPysp8ERTfoM1SUQMDfpp4i6SSqeZZnj,11111111111111111111111111111111,SOL,0.00203928,2039280,9,1744882873
5cnXt9cMpac7sPysp8ERTfoM1SUQMDfpp4i6SSqeZZnj,13TVvChoA7S2qdB7GhP8sDret3aPBetBjvWHtL3Ymeme,TIME,0.0,0,6,1744882873
C2ppmwj1zPb9R7n9HSnj2htGcGBRVtWk4c3puxKvStex,11111111111111111111111111111111,SOL,558.58431888,558584318880,9,1744882873
C2ppmwj1zPb9R7n9HSnj2htGcGBRVtWk4c3puxKvStex,So11111111111111111111111111111111111111112,WSOL,558.5822796,558582279600,9,1744882873
G1rzZDMxQctyTGrkApFb6KRPn8rA38wGzzbAuv3UeZQ5,11111111111111111111111111111111,SOL,2.979619108,2979619108,9,1744882873
3gF9ckzuaPzkofDvVjDaLHAy3C8bTRWCmmCy5X9D79Ji,11111111111111111111111111111111,SOL,0.00203928,2039280,9,1744882873
3gF9ckzuaPzkofDvVjDaLHAy3C8bTRWCmmCy5X9D79Ji,BdQR2zt6eJ5vJNWBHbE9wnjc6iDBYyQbfoSwCRX6pump,FUN,0.0,0,6,1744882873
DKqQyyutjKK9sAEi3B4h2Syfwqa9N4LB7C7T2JbzbU7W,11111111111111111111111111111111,SOL,47.249109397,47249109397,9,1744882873
DKqQyyutjKK9sAEi3B4h2Syfwqa9N4LB7C7T2JbzbU7W,So11111111111111111111111111111111111111112,WSOL,47.247070117,47247070117,9,1744882873
AEK3Z5CGNgmRQHxK9sRHbbn6MJ5oCg5M96qsXjQJE123,11111111111111111111111111111111,SOL,22.335339062,22335339062,9,1744882873
9i5wTYfVBMBZMvAy78frR9MzbJDYXSzJeayDUHNk6b8F,11111111111111111111111111111111,SOL,0.07143744,71437440,9,1744882873
HzwtjANeVzJPpnXTYt9MYMjVmkhTMfUyS8pJWqSRWLNr,11111111111111111111111111111111,SOL,0.00139896,1398960,9,1744882873
6vPjNiPknqyvCgLEBBQvomKZa2RP4LaY7d7urhRUoVhK,11111111111111111111111111111111,SOL,98.153579499,98153579499,9,1744882873
6vPjNiPknqyvCgLEBBQvomKZa2RP4LaY7d7urhRUoVhK,So11111111111111111111111111111111111111112,WSOL,98.151530219,98151530219,9,1744882873
7L7jcaK9phFFLpGs8k7ofh7kYT9ZsG6iCynsEo2xEuUt,11111111111111111111111111111111,SOL,0.00203928,2039280,9,1744882873
7L7jcaK9phFFLpGs8k7ofh7kYT9ZsG6iCynsEo2xEuUt,4TBi66vi32S7J8X1A6eWfaLHYmUXu7CStcEmsJQdpump,Ghibli,0.0,0,6,1744882873
J3C1DF9oioYNwhkoxtXo1stfuP4rbXFNHHcfBRbezjEy,11111111111111111111111111111111,SOL,0.00718272,7182720,9,1744882873
usGw5gvZvinwDTqjaUrn4773zbhXCpkhtsYhQGfNbJh,11111111111111111111111111111111,SOL,0.00203928,2039280,9,1744882873
usGw5gvZvinwDTqjaUrn4773zbhXCpkhtsYhQGfNbJh,4TBi66vi32S7J8X1A6eWfaLHYmUXu7CStcEmsJQdpump,Ghibli,627122.755055,627122755055,6,1744882873
B4MggkQ2x6Add643aNhhDCx4AUP44LGcKvvaEEHMKV3U,11111111111111111111111111111111,SOL,7.737901369,7737901369,9,1744882873
B4MggkQ2x6Add643aNhhDCx4AUP44LGcKvvaEEHMKV3U,So11111111111111111111111111111111111111112,WSOL,7.735862089,7735862089,9,1744882873
Fcvbvbp3ApyX5KfLfi35hb3aGuo26Rvn3w5AaHFd7jCR,11111111111111111111111111111111,SOL,0.0233856,23385600,9,1744882873
GWoFpaHKf7PLJK41Kjh4y2HfecjiBfTRL7Lz2VdHp2K8,11111111111111111111111111111111,SOL,0.00203928,2039280,9,1744882873
GWoFpaHKf7PLJK41Kjh4y2HfecjiBfTRL7Lz2VdHp2K8,7LSsEoJGhLeZzGvDofTdNg7M3JttxQqGWNLo6vWMpump,Figure,0.0,0,6,1744882873
AEdYk7rj27FC6PMDMpLV7FrHRjrsdLLis2BTbnhBa1Cx,11111111111111111111111111111111,SOL,0.00203928,2039280,9,1744882873
AEdYk7rj27FC6PMDMpLV7FrHRjrsdLLis2BTbnhBa1Cx,8BtoThi2ZoXnF7QQK1Wjmh2JuBw9FjVvhnGMVZ2vpump,DARK,0.0,0,6,1744882873
35kZ7R4Fumvh6MJNcf61fLbj9Q9q6TsqpMg26BJrtLjQ,11111111111111111111111111111111,SOL,0.00203928,2039280,9,1744882873
35kZ7R4Fumvh6MJNcf61fLbj9Q9q6TsqpMg26BJrtLjQ,43SXvpf4c41t2uErsw7aL6w5qhnie6BXSSPqiTcTpump,DB,0.0,0,6,1744882873
Fj8QKDuNcptyXT6Cub2TnjWs6zZ3qya49dw8q4DE4f8V,11111111111111111111111111111111,SOL,15.385678217,15385678217,9,1744882885
6m4ZwGp8zCuqjBoAn11pYAQun2FwSMe86RwPbqpf34YC,11111111111111111111111111111111,SOL,0.43103424,431034240,9,1744882885
EMHpZ54E65JAtyZ4ZSLpcwi7q1t3BPLucR28oNLR6DK2,11111111111111111111111111111111,SOL,0.312265287,312265287,9,1744882873
3uAKYb2C5uJfhP4yZaLGvgymfBtkqhdxNHpYpn9enfxh,11111111111111111111111111111111,SOL,5.497665916,5497665916,9,1744882873
3uAKYb2C5uJfhP4yZaLGvgymfBtkqhdxNHpYpn9enfxh,So11111111111111111111111111111111111111112,WSOL,5.495626636,5495626636,9,1744882873
4pteHMHs7jDpUMV9ybTXHPG8KgKC92ZZDWakBSHiCwwN,11111111111111111111111111111111,SOL,0.07143744,71437440,9,1744882885
A2GozjvtuZiKphAPKqToFc85GTomD5KjrtxfCFTxH4pv,11111111111111111111111111111111,SOL,0.07143744,71437440,9,1744882885
CgHDyshciC5gLzjJwkZ9YcQxJV2KUGdCibK1JxUNuvD7,11111111111111111111111111111111,SOL,0.07143744,71437440,9,1744882873
Hc8RWgVNNvBN9ebphfgsVU4zmzEf3T5RtEKzRZq3PQck,11111111111111111111111111111111,SOL,0.07143744,71437440,9,1744882873
Ea5dM5N3vRmDnEKf9i5eBZhEwhNMUW32epaQBmmHs1MG,11111111111111111111111111111111,SOL,0.00203928,2039280,9,1744882873
Ea5dM5N3vRmDnEKf9i5eBZhEwhNMUW32epaQBmmHs1MG,5HV956n7UQT1XdJzv43fHPocest5YAmi9ipsuiJx7zt7,memecoin,0.0,0,6,1744882873
7zdY1QxZhZFX8TxMHvC4CAayucXHcard2yHM7mgeftUC,11111111111111111111111111111111,SOL,0.00203928,2039280,9,1744882873
7zdY1QxZhZFX8TxMHvC4CAayucXHcard2yHM7mgeftUC,13TVvChoA7S2qdB7GhP8sDret3aPBetBjvWHtL3Ymeme,TIME,0.0,0,6,1744882873
FrCk7yrn1eTqUzqSEKLik5S5mVTw2JjUQYohxbzJzrA8,11111111111111111111111111111111,SOL,0.00203928,2039280,9,1744882873
FrCk7yrn1eTqUzqSEKLik5S5mVTw2JjUQYohxbzJzrA8,DPTP4fUfWuwVTgCmttWBu6Sy5B9TeCTBjc2YKgpDpump,Defiant,0.0,0,6,1744882873
XF6WGiSyPEyra5BH7nsRLmNMADmTGyE5KFrbEd12Cy8,11111111111111111111111111111111,SOL,0.538259099,538259099,9,1744882873
4dQ4jn25KcbZ9SCThh49QhPwmf4E91Ro2drvqJ9eQKyJ,11111111111111111111111111111111,SOL,0.00203928,2039280,9,1744882873
4dQ4jn25KcbZ9SCThh49QhPwmf4E91Ro2drvqJ9eQKyJ,8T7RjdERSeQNqUhthUgEEUr33g6xdVVxND5YmgjSpump,Kekels,0.0,0,6,1744882873
Aq68VxEu86NYeM5bG7L7mb7h2YMTX5qgwU8YXMRt41r7,11111111111111111111111111111111,SOL,14.382028907,14382028907,9,1744882873
Aq68VxEu86NYeM5bG7L7mb7h2YMTX5qgwU8YXMRt41r7,So11111111111111111111111111111111111111112,WSOL,14.379989627,14379989627,9,1744882873
HKDgwkTY1yok8MTZqiuH7pajRAPJW1jUt4Jpxh9C2fuL,11111111111111111111111111111111,SOL,0.00203928,2039280,9,1744882873
HKDgwkTY1yok8MTZqiuH7pajRAPJW1jUt4Jpxh9C2fuL,FeR8VBqNRSUD5NtXAj2n3j1dAHkZHfyDktKuLXD4pump,jellyjelly,0.0,0,6,1744882873
B4zpqUNPvdFSxHSY9EckojnzsnD7CU48ZBWcqTgoXFQ1,11111111111111111111111111111111,SOL,0.0053244,5324400,9,1744882873
HeXaCMdtiNFL8VvpEeAsueZxu6Foegs8WiBZpMLMWgEt,11111111111111111111111111111111,SOL,0.002089122,2089122,9,1744882873
HeXaCMdtiNFL8VvpEeAsueZxu6Foegs8WiBZpMLMWgEt,So11111111111111111111111111111111111111112,WSOL,4.9842e-05,49842,9,1744882873
6ugSz7z7P2g7pzKLUsfWYjD52pm4MdsxMU3xKg2G4kB4,11111111111111111111111111111111,SOL,0.00203928,2039280,9,1744882873
6ugSz7z7P2g7pzKLUsfWYjD52pm4MdsxMU3xKg2G4kB4,FeR8VBqNRSUD5NtXAj2n3j1dAHkZHfyDktKuLXD4pump,jellyjelly,0.131592,131592,6,1744882873
GfWeHgqP8x22mzEbni91pUFgPdrHACRCBWhWtGh9aBEQ,11111111111111111111111111111111,SOL,0.02925288,29252880,9,1744882873
21WzuCh8cQnUGosboTh72xFzSYy3s9BvmyqbvAWXBkPt,11111111111111111111111111111111,SOL,0.07143744,71437440,9,1744882873
ATg4QnVFiAAGr4FyiqGEn2Ljd6FVpzXBemDnJpQJT4ij,11111111111111111111111111111111,SOL,0.07143744,71437440,9,1744882873
FxGUaX8UsGzDDSXXtimf9pZzQG55F7hyAhKBQFQezPqH,11111111111111111111111111111111,SOL,0.07143744,71437440,9,1744882873
EFrho7ET4hTNPwXACBY65JEobsBSBhAy7AgRadwPAizU,11111111111111111111111111111111,SOL,0.07143744,71437440,9,1744882873
39SExGAdKDVwuoLMjMUpNRF5UXWpANsz8CZXuNKNYUgN,11111111111111111111111111111111,SOL,0.005435761,5435761,9,1744882873
4JbeXjxZHKVC37wRjF9MeyMmJe1BDPHDU5LMtm5xSh1t,11111111111111111111111111111111,SOL,0.458402637,458402637,9,1744882873
4JbeXjxZHKVC37wRjF9MeyMmJe1BDPHDU5LMtm5xSh1t,So11111111111111111111111111111111111111112,WSOL,0.456363356,456363356,9,1744882873
GKL9psNy2ESzDVRpLkmJSnaRDMPeCDkQdBogLYx91gZC,11111111111111111111111111111111,SOL,0.00203928,2039280,9,1744882873
GKL9psNy2ESzDVRpLkmJSnaRDMPeCDkQdBogLYx91gZC,FeR8VBqNRSUD5NtXAj2n3j1dAHkZHfyDktKuLXD4pump,jellyjelly,15961.482991,15961482991,6,1744882873
4yui7MjmvVcdKLYzNVWyDSFj5eEbykiHNCB44szzaSrx,11111111111111111111111111111111,SOL,0.07040736,70407360,9,1744882873
GmUcABVqFzXfFXnsuLG7Vm6ZD6K1mr3JCNHk7pDnNWej,11111111111111111111111111111111,SOL,0.07040736,70407360,9,1744882873
6QLD9C1x1bWpxT2GgVgSGRBw3RNZUx9ZqnumfQFyWjK3,11111111111111111111111111111111,SOL,0.07040736,70407360,9,1744882873
7y7QN6ngGBQkQtmh8HotmaNRFc7z6HhGk8jTHGQrdKDU,11111111111111111111111111111111,SOL,0.07143744,71437440,9,1744882873
A6P16Uj4LYFTGnAU9jf5WJiPA6Vc8nzu1dTo9GtsaQ2y,11111111111111111111111111111111,SOL,0.07143744,71437440,9,1744882873
G8AyWnyowr9c6ynsrDnr7bsxQynbJ2YKEoKrun8GLcaZ,11111111111111111111111111111111,SOL,0.07216128,72161280,9,1744882873
4PWULVQjXEN8TMXXc5Vrd4CLJWgsFRUw4udGXwZwtRJX,11111111111111111111111111111111,SOL,0.07216128,72161280,9,1744882873
BV2H8RRApQSzxramJ63i5nhYY1SL66Pr4GGqD9sKBPTb,11111111111111111111111111111111,SOL,0.07216128,72161280,9,1744882873
Dd3LetEg3gFjAbALuW8cezXnDCo7khav2WZ59dxU1pHH,11111111111111111111111111111111,SOL,0.07216128,72161280,9,1744882873
6wG52XDeCNronDgUyQFwrbs7VrxFZfhXFKYU3u4ibG9n,11111111111111111111111111111111,SOL,0.07216128,72161280,9,1744882873
BLeBRgwxqjcKZFGe6TnR69tYiTNeyDGfpDiigkuGHjB2,11111111111111111111111111111111,SOL,0.0,0,9,1744882873
3bC2e2RxcfvF9oP22LvbaNsVwoS2T98q6ErCRoayQYdq,11111111111111111111111111111111,SOL,0.057757401,57757401,9,1744882873
D1GHCUZCEjraHeGaooBYbvtBhe3t4186EUmKwMjoRWoe,11111111111111111111111111111111,SOL,5838.509067568,5838509067568,9,1744882873
D1GHCUZCEjraHeGaooBYbvtBhe3t4186EUmKwMjoRWoe,So11111111111111111111111111111111111111112,WSOL,5838.506828287,5838506828287,9,1744882873
AWqyxgarzsDrADVmcv9r3vzeL2s5WWPmZhLgnYKjyndF,11111111111111111111111111111111,SOL,0.00203928,2039280,9,1744882873
AWqyxgarzsDrADVmcv9r3vzeL2s5WWPmZhLgnYKjyndF,FeR8VBqNRSUD5NtXAj2n3j1dAHkZHfyDktKuLXD4pump,jellyjelly,62222674.516364,62222674516364,6,1744882873
9m9StNsXr4J9rYNPyyvUNKhuXQDUvxrZWaCkQEmDzs4s,11111111111111111111111111111111,SOL,0.00718272,7182720,9,1744882873
3HksxMociP5owxUjfHngYucPprFB8C8xSEt7XyY62Vd9,11111111111111111111111111111111,SOL,0.00203928,2039280,9,1744882873
3HksxMociP5owxUjfHngYucPprFB8C8xSEt7XyY62Vd9,FeR8VBqNRSUD5NtXAj2n3j1dAHkZHfyDktKuLXD4pump,jellyjelly,129808.134465,129808134465,6,1744882873
5hpEXSN7iKJ9HpfJi4iWJQZpsP5LFLjekUhE6vBS6uA7,11111111111111111111111111111111,SOL,30.306714025,30306714025,9,1744882873
5hpEXSN7iKJ9HpfJi4iWJQZpsP5LFLjekUhE6vBS6uA7,So11111111111111111111111111111111111111112,WSOL,30.304674744,30304674744,9,1744882873
7YSHqUkwm6N1bPvDTGcfegXt4CJfDCSALak1v7WFFit7,11111111111111111111111111111111,SOL,0.0233856,23385600,9,1744882873
BVBFeY3RrCApBkJQPmWg4Cpi6vBbwhK2LeVVp98ngF8R,11111111111111111111111111111111,SOL,0.00718272,7182720,9,1744882873
CrBjkzqfDFEMUDe5GArE1TZrKMZJBhWJz3ojsfasUoJe,11111111111111111111111111111111,SOL,0.00203928,2039280,9,1744882873
CrBjkzqfDFEMUDe5GArE1TZrKMZJBhWJz3ojsfasUoJe,FeR8VBqNRSUD5NtXAj2n3j1dAHkZHfyDktKuLXD4pump,jellyjelly,2401.041238,2401041238,6,1744882873
5qmnpEUns1oSYs3UTBVHyTwr5BxyGo2XMToJbnrLfSae,11111111111111111111111111111111,SOL,0.039269561,39269561,9,1744882873
5qmnpEUns1oSYs3UTBVHyTwr5BxyGo2XMToJbnrLfSae,So11111111111111111111111111111111111111112,WSOL,0.037230281,37230281,9,1744882873
HKzPwAS1zc4vZsFYJoNpZGU2cpDReJ475xbMpxmijacw,11111111111111111111111111111111,SOL,0.0233856,23385600,9,1744882873
AQFayFjF6dejZxjBANb6L589cByfiRZyAvHMkp2932Sg,11111111111111111111111111111111,SOL,0.00718272,7182720,9,1744882873
42buS1HSdXX6Njz5iMaG1C2Cg5dytQMA4w3tcYFWq3FJ,11111111111111111111111111111111,SOL,0.00203928,2039280,9,1744882873
42buS1HSdXX6Njz5iMaG1C2Cg5dytQMA4w3tcYFWq3FJ,FeR8VBqNRSUD5NtXAj2n3j1dAHkZHfyDktKuLXD4pump,jellyjelly,13622.445196,13622445196,6,1744882873
2Q4Grdwb7DMgwekgNE7sAoDFC1F2ALzi88pT7vhyYwVb,11111111111111111111111111111111,SOL,1.992330674,1992330674,9,1744882873
2Q4Grdwb7DMgwekgNE7sAoDFC1F2ALzi88pT7vhyYwVb,So11111111111111111111111111111111111111112,WSOL,1.990291393,1990291393,9,1744882873
7rUH8W9zXwE8Wz9dpAQeKPb14Y2GihCVAzZStymx85sn,11111111111111111111111111111111,SOL,0.0233856,23385600,9,1744882873
6ioUUQDzB6pGzLEzPxLEJDoLE1BWirQWm8RLjz4DkWbQ,11111111111111111111111111111111,SOL,0.01163712,11637120,9,1744882873
GptVt7j3rFN47Kon6gRkUrk9fvwBhLZHVoRtNpaeyD3W,11111111111111111111111111111111,SOL,7.397182391,7397182391,9,1744882873
GptVt7j3rFN47Kon6gRkUrk9fvwBhLZHVoRtNpaeyD3W,So11111111111111111111111111111111111111112,WSOL,7.39514311,7395143110,9,1744882873
GGsG5v3kmbzwm32H9UejByHVijxL1Cki3625mAFcPyKn,11111111111111111111111111111111,SOL,0.00203928,2039280,9,1744882873
GGsG5v3kmbzwm32H9UejByHVijxL1Cki3625mAFcPyKn,FeR8VBqNRSUD5NtXAj2n3j1dAHkZHfyDktKuLXD4pump,jellyjelly,322865.856238,322865856238,6,1744882873
7fdgLfS3eHgBYmNH8kvR7gJi4kSJ6rHuYBgMZ89L4odc,11111111111111111111111111111111,SOL,0.03209256,32092560,9,1744882873
D4FPEruKEHrG5TenZ2mpDGEfu1iUvTiqBxvpU8HLBvC2,11111111111111111111111111111111,SOL,0.00253344,2533440,9,1744882885
Gex2NJRS3jVLPfbzSFM5d5DRsNoL5ynnwT1TXoDEhanz,11111111111111111111111111111111,SOL,0.0017052,1705200,9,1744882873
whirLbMiicVdio4qvUfM5KAg6Ct8VwpYzGff3uctyCc,11111111111111111111111111111111,SOL,0.00114144,1141440,9,1744882885
FeR8VBqNRSUD5NtXAj2n3j1dAHkZHfyDktKuLXD4pump,11111111111111111111111111111111,SOL,527.730253564,527730253564,9,1744882873
94jgqZZBE7v3CNEaQDrQjK8nZv1P1oib5rqNhzJqbRVU,11111111111111111111111111111111,SOL,0.0136416,13641600,9,1744882873
8jAft2jnKtjx9MQNtiR9cE3RxrsaL8sjJJgCbHAd1XeS,11111111111111111111111111111111,SOL,8.080664069,8080664069,9,1744882885
37Fz6yZjFdZS6DDsJSsswX5kSvunaZQtQ5zusC3y9V7S,11111111111111111111111111111111,SOL,11.920733441,11920733441,9,1744882885
FKiyMb5BzqKpe1Y4Px98vxm3XXHAGHgSkQZ2wZwmzoub,11111111111111111111111111111111,SOL,52.668314702,52668314702,9,1744882873
6F4gdYb1sqHGMeFaeEcqt8N6S2anHre2BkZM7QWo8r6N,11111111111111111111111111111111,SOL,0.395380321,395380321,9,1744882873
DCdTPyDbXNHrmdv4ZyPPzEfY4mPAqH4hDPtowAteoNgv,11111111111111111111111111111111,SOL,60.20182825,60201828250,9,1744882885
DSzLJLUQD55sxaCsJBHLFSV1SYngMmT7oY8rLpFhyGgb,11111111111111111111111111111111,SOL,7.248451053,7248451053,9,1744882885
Gpa6TFBPLFnDC8hFDAqULNjgHeugDFZYuseQ7Bb12T8D,11111111111111111111111111111111,SOL,0.00203928,2039280,9,1744882873
Gpa6TFBPLFnDC8hFDAqULNjgHeugDFZYuseQ7Bb12T8D,FeR8VBqNRSUD5NtXAj2n3j1dAHkZHfyDktKuLXD4pump,jellyjelly,0.0,0,6,1744882873
SELEXm1aELCweknS2tsG6A4WivjVvgrTWn9doHNLj66,11111111111111111111111111111111,SOL,10.809577879,10809577879,9,1744882885
6BUqzA7GtQJ3qZXHrViMSGFdXNvrbcD56Png1mNRqGN6,11111111111111111111111111111111,SOL,0.477487433,477487433,9,1744882885
1so1ctTM24PdU7RLZJzJKYYVYri3gjNeCd8nmHbpdXg,11111111111111111111111111111111,SOL,161.242715901,161242715901,9,1744882885
scanjszMg2p4pXCZJWNUY8gEN6sCqY2oThXV58NPbWd,11111111111111111111111111111111,SOL,103.550282317,103550282317,9,1744882885
farbZXR7aBQSMCYiUXzoS4pRUsvuCZ38f6AXMXiKACf,11111111111111111111111111111111,SOL,332.131688627,332131688627,9,1744882885
Ej35PiU6wxfrQeJJwuqoT7s2gYSwCjcxQtEpHvpvWBu2,11111111111111111111111111111111,SOL,2.648198054,2648198054,9,1744882885
C2ocKwTTZCDpwuyZuem7hih2pkpataAx21P5KHkKboko,11111111111111111111111111111111,SOL,4.064872746,4064872746,9,1744882873
64nguvEcyUjXAqjjqMerVr6qW5jrDk1L8x9QwcFkzJJg,11111111111111111111111111111111,SOL,0.0270744,27074400,9,1744882873
DyB4TbDBqPUsCfsJMuoqjktEAod7D3KMNULSo7R1Rb61,11111111111111111111111111111111,SOL,1.182274004,1182274004,9,1744882873
GNtkRwovsw2YybUdypURJQDpVimS7a9eTqc12YfsaDh2,11111111111111111111111111111111,SOL,0.0239424,23942400,9,1744882873
8Yq98CFAorqAc3CN7XtMVgKLrBc78wsBvjhAbFr4sNQ5,11111111111111111111111111111111,SOL,7.404731559,7404731559,9,1744882885
EGg6LTZDgV9CgpPZnpTTzmebSSyaH91cQ2eoiDxiJPvm,11111111111111111111111111111111,SOL,45.615712538,45615712538,9,1744882885
Cayzy3AWZfUK4MpBvdEEJRdJY7tE95EAMLzGauuyHcg1,11111111111111111111111111111111,SOL,1.519325602,1519325602,9,1744882885
HUxgBvmLRewFXnVme5QcxrQkNtnvAYqfULGU82tfRZBr,11111111111111111111111111111111,SOL,0.0270744,27074400,9,1744882885
89D8ZVWUSBegx2FT9cvZWUCvobAvL4aozVKUiRtzNDBd,11111111111111111111111111111111,SOL,4.321825602,4321825602,9,1744882885
9U7VPhmEhNzBDiBWWGPBzs3Zqfkegn2JYuugKVwz99oJ,11111111111111111111111111111111,SOL,0.0270744,27074400,9,1744882885
84YLEg7HE4rfvamnk7kVayJcX5iWX42jjaDLFg3WTVQA,11111111111111111111111111111111,SOL,10.695800602,10695800602,9,1744882885
Ea3vtE3XARvKTrB2ESuFqyMZwbgFMhPaEFmMxo2nRvWH,11111111111111111111111111111111,SOL,0.027074403,27074403,9,1744882885
8HxxkmjxP5cx3Q4hEhRG4aCDpzMdARCfRKTgrevDsL5S,11111111111111111111111111111111,SOL,4.013200605,4013200605,9,1744882885
ECDNq96uvSpkTps6q46mPtZBXBAfnL2YFgNGA3y4oTYW,11111111111111111111111111111111,SOL,0.0270744,27074400,9,1744882885
TRUMPdBAv1xG1BeuiYMbeqCzySBVpkPtw2bfL8x2GJA,11111111111111111111111111111111,SOL,274.187239518,274187239518,9,1744882885
MAGAwoQLu8gzMdb6S7hUCW6twaKrXWVHWDs7qZ1UNJu,11111111111111111111111111111111,SOL,0.247954743,247954743,9,1744882885
57i31UEyDg4koaZMZ1wAHbYuezXv3AVaHtvJgJarxt3f,11111111111111111111111111111111,SOL,348.446936619,348446936619,9,1744882885
Ev3gPXRo6TJeQ2QhxfqWFoasdoGbmDytYvJbUabEHfLf,11111111111111111111111111111111,SOL,75.03843401,75038434010,9,1744882885
J4Aw8KDh4GKHm9WvGaFbpDefNkqZkh8fvMC2GCuhPsv8,11111111111111111111111111111111,SOL,3.313097932,3313097932,9,1744882885
6VHT9jsLgm9hBNuRNRzPQpLdbxoFqLfcCzUJSog8VBmF,11111111111111111111111111111111,SOL,0.0270744,27074400,9,1744882885
2w98ie44eGKo8kdYshbs1Uv6rm7btQP7h8RxmowEsvLF,11111111111111111111111111111111,SOL,9.798716602,9798716602,9,1744882885
Do66Pz3BAtVeTVLUEn3QhBKA7VYMUYvfqYsh8157SMbd,11111111111111111111111111111111,SOL,0.027074401,27074401,9,1744882885
9Cjoq1m66wqDFhnbyhB5LhKQWhcCynU8USV9qQn42eZu,11111111111111111111111111111111,SOL,9.78676181,9786761810,9,1744882885
5wP5Qm9frQfXY9QadZZHqgy6GEvqtHjpJ6uongxdb5gJ,11111111111111111111111111111111,SOL,0.21867328,218673280,9,1744882885
5ZjxMYBbnKd4VFxLjAChSWMTeQ96147HnxZvQJxUseHV,11111111111111111111111111111111,SOL,63.141743456,63141743456,9,1744882885
8B2Z2R8dRvqFcXuLBwinu3Jq7HQidCaJCnDuRRqeJLC1,11111111111111111111111111111111,SOL,61.860543041,61860543041,9,1744882885
1unarWPGGseFag2WfnoFv8o9P7vTPU8eHex9GinP3eY,11111111111111111111111111111111,SOL,121.819504443,121819504443,9,1744882885
LunarE7WQyxpPwKo2hkEZZquu6UDWMNjvf3JyzGmdfp,11111111111111111111111111111111,SOL,7.93466543,7934665430,9,1744882885
PbkAD15RR3mwpgrsfQGkDZ71qdqSThGEWZZhEThL57s,11111111111111111111111111111111,SOL,0.553984904,553984904,9,1744882873
DYnwNCY8j35TbGr2TBJSoK8N7Bk9SyVBikApMGh6WZvw,11111111111111111111111111111111,SOL,0.001914,1914000,9,1744882873
1avaAUcjccXCjSZzwUvB2gS3DzkkieV2Mw8CjdN65uu,11111111111111111111111111111111,SOL,0.00114144,1141440,9,1744882873
9m3wEeK3v5yyqDGMnDiDRR3FjCwZjRVB4n92pieGtTbP,11111111111111111111111111111111,SOL,0.00163288,1632880,9,1744882873
mrgn28BhocwdAUEenen3Sw2MR9cPKDpLkDvzDdR7DBD,11111111111111111111111111111111,SOL,42.756654118,42756654118,9,1744882885
mrgn2vsZ5EJ8YEfAMNPXmRux7th9cNfBasQ1JJvVwPn,11111111111111111111111111111111,SOL,33.487843965,33487843965,9,1744882885
CVvaeDPR2o7P1eawG5c9TPFLzSXAewwPovPmREaEL4Cm,11111111111111111111111111111111,SOL,16.007376113,16007376113,9,1744882885
DMSuZcavta8L1w1tSiH8bALWjz6Q6KSryGG6m6Az4Qt5,11111111111111111111111111111111,SOL,0.48443002,484430020,9,1744882885
DTSUkYHd2e9P2HLyZfbLarsbDdPhQUhZnWjRYuJZQRC8,11111111111111111111111111111111,SOL,174.88206638,174882066380,9,1744882885
Haz7b47sZBpxh9SwggGndN3fAyNQ1S949BPdxWXS3ab6,11111111111111111111111111111111,SOL,0.22897008,228970080,9,1744882885
6YqCXhV9VZfXts9WpcX4YNQd29ZgX2pTzA42KPYnQjt8,11111111111111111111111111111111,SOL,0.0,0,9,1744882873
CCPWz1WreB5xRsAH7YQgzZPwWTEYuSqKRNBzoZMALWKL,11111111111111111111111111111111,SOL,34.174984997,34174984997,9,1744882885
H56SEt6dfdSum4ahHWYSYxUCrJpbQpzW1sYahGTD7kCE,11111111111111111111111111111111,SOL,0.011031649,11031649,9,1744882873
CRANkLNAUCPFapK5zpc1BvXA1WjfZpo6wEmssyECxuxf,11111111111111111111111111111111,SOL,5.851914478,5851914478,9,1744882873
8E574AJ8caAt6asxgcVD983uMVEQeoNVn1L8ZBgtK5DZ,11111111111111111111111111111111,SOL,0.00244992,2449920,9,1744882873
BpHHaXm9fmnkh4zkh3WdKUuova41PwZeDmuMCgifELsm,11111111111111111111111111111111,SOL,0.00244992,2449920,9,1744882873
AMM5G2nxuKUwCLRYTW7qqEwuoqCtNSjtbipwEmm2g8bH,11111111111111111111111111111111,SOL,0.00114144,1141440,9,1744882873
JDAXEJmcA4m2DyHNxofskzNkY1qdBP7JLT66wP8o43Xs,11111111111111111111111111111111,SOL,3.571382817,3571382817,9,1744882873
9NVNQa3gdMdEeq7YW9ZCQrnUdWAaPK4JwfXZ1UpZtw3p,11111111111111111111111111111111,SOL,0.03134784,31347840,9,1744882873
35MbvS1Juz2wf7GsyHrkCw8yfKciRLxVpEhfZDZFrB4R,11111111111111111111111111111111,SOL,0.00122496,1224960,9,1744882885
93FG52TzNKCnMiasV14Ba34BYcHDb9p4zK4GjZnLwqWR,11111111111111111111111111111111,SOL,0.00122496,1224960,9,1744882885
25Eax9W8SA3wpCQFhJEGyHhQ2NDHEshZEDzyMNtthR8D,11111111111111111111111111111111,SOL,0.00935424,9354240,9,1744882873
2UZMvVTBQR9yWxrEdzEQzXWE61bUjqQ5VpJAGqVb3B19,11111111111111111111111111111111,SOL,0.00935424,9354240,9,1744882873
3x85u7SWkmmr7YQGYhtjARgxwegTLJgkSLRprfXod6rh,11111111111111111111111111111111,SOL,0.00629184,6291840,9,1744882873
FdxNjvkfbj6S2g5tCdydexgkJMACWhGtQEqEtMkWCAZn,11111111111111111111111111111111,SOL,0.0,0,9,1744882873
H9NZAgk7KDXMr8Sg2x8PA39VHYRK5Bpn1jvrz6HD8GwG,11111111111111111111111111111111,SOL,42.073522063,42073522063,9,1744882873
nebu15XQKGpxzhhckADBX9PgvGN5qk9RRJCFLKc118w,11111111111111111111111111111111,SOL,36.535187211,36535187211,9,1744882885
nebu1WnZBrFZz5X7sfPWuEqyb8LBSsrXpxaesnK9CRE,11111111111111111111111111111111,SOL,0.06415728,64157280,9,1744882885
omegahqefiV3bcrbwwx654NqiMrLVwDiewqnqekpNgo,11111111111111111111111111111111,SOL,36.235398133,36235398133,9,1744882885
EMVmh5hF6LT1sZM9G7dEX1bykRYEymWY2vtE7QHBBAW6,11111111111111111111111111111111,SOL,14.947043302,14947043302,9,1744882885
gojir4WnhS7VS1JdbnanJMzaMfr4UD7KeX1ixWAHEmw,11111111111111111111111111111111,SOL,10.289524491,10289524491,9,1744882885
goJiRADNdmfnJ4iWEyft7KaYMPTVsRba2Ee1akDEBXb,11111111111111111111111111111111,SOL,0.15686448,156864480,9,1744882885
2UBhtRuyr9nvWsUnrbWrvJiYWEU8TVBD4PLYQJKiRa9H,11111111111111111111111111111111,SOL,9.680362337,9680362337,9,1744882885
Luna8BkZNpZ9DKmszrZYPvFpTr4eJJfxxTnGDwTrYkv,11111111111111111111111111111111,SOL,0.0270744,27074400,9,1744882885
F8Db4M7hZRQRjedfMcY7Vu6dMJ8drSQxHC8Rrn7DJq6A,11111111111111111111111111111111,SOL,5.927765027,5927765027,9,1744882885
CxFe8PsDXAuzgZzP7N8um59iL517Lz8SWtPahbfU9zVo,11111111111111111111111111111111,SOL,0.15480432,154804320,9,1744882885
c3rtoMCHSbFrLRTAdw4iRowKSn4BrDtvSPbuyJwkHwx,11111111111111111111111111111111,SOL,26.136615429,26136615429,9,1744882885
AuBB9st3RqhHBkzZgBSm6SVnHZNJQSHeBWCSkik4bzdA,11111111111111111111111111111111,SOL,3.608985967,3608985967,9,1744882885
HzrEstnLfzsijhaD6z5frkSE2vWZEH5EUfn3bU9swo1f,11111111111111111111111111111111,SOL,17.017538784,17017538784,9,1744882885
DQ7D6ZRtKbBSxCcAunEkoTzQhCBKLPdzTjPRRnM6wo1f,11111111111111111111111111111111,SOL,97.98356114,97983561140,9,1744882885
oPaLtitM6cwpFVzP2rDhLsJLdY2vcbuZiJJyD1TFUKs,11111111111111111111111111111111,SOL,187.845576642,187845576642,9,1744882885
oPaLTmyvoUhW26QCMwLA5JNUeBYy72PDpFoXQF8SeX4,11111111111111111111111111111111,SOL,0.08681904,86819040,9,1744882885
nymsHergYedT9CJMgtGMvqXUTGcbs5o3MiWTJUbqTGY,11111111111111111111111111111111,SOL,216.713431078,216713431078,9,1744882885
nymsndUdAZyUPpWYz5VEg8Ghj9cFvwTRgciLogpmYaQ,11111111111111111111111111111111,SOL,0.305196,305196000,9,1744882885
FugJZepeGfh1Ruunhep19JC4F3Hr2FL3oKUMezoK8ajp,11111111111111111111111111111111,SOL,564.421537122,564421537122,9,1744882885
7emL18Bnve7wbYE9Az7vYJjikxN6YPU81igf6rVU5FN8,11111111111111111111111111111111,SOL,7.573345246,7573345246,9,1744882885
CMPSSdrTnRQBiBGTyFpdCc3VMNuLWYWaSkE8Zh5z6gbd,11111111111111111111111111111111,SOL,3.019667829,3019667829,9,1744882885
EARNynHRWg6GfyJCmrrizcZxARB3HVzcaasvNa8kBS72,11111111111111111111111111111111,SOL,0.0270744,27074400,9,1744882885
6TkKqq15wXjqEjNg9zqTKADwuVATR9dW3rkNnsYme1ea,11111111111111111111111111111111,SOL,87.625214834,87625214834,9,1744882885
GvZEwtCHZ7YtCkQCaLRVEXsyVvQkRDhJhQgB6akPme1e,11111111111111111111111111111111,SOL,1.497585118,1497585118,9,1744882885
722RdWmHC5TGXBjTejzNjbc8xEiduVDLqZvoUGz6Xzbp,11111111111111111111111111111111,SOL,738.634463782,738634463782,9,1744882885
EXhYxF25PJEHb3v5G1HY8Jn8Jm7bRjJtaxEghGrUuhQw,11111111111111111111111111111111,SOL,1645.24206206,1645242062060,9,1744882885
BiGcsiuFCLuiTzXoQgfLdge9sfpwr55YzdT8Kp7bCXmS,11111111111111111111111111111111,SOL,64.371715491,64371715491,9,1744882885
G8hvpQDLe7hGgYtWYt4TJJEbGbgLFCBJYiMi9pMD9Kk2,11111111111111111111111111111111,SOL,0.253692,253692000,9,1744882885
3Nh4kFZSfb7Hkeg2TKqfYEtu4pr2gr4zde4FrVtAJmaB,11111111111111111111111111111111,SOL,0.0,0,9,1744882873
6eDpHapB8ch9TqU4Z4DJTfzbgc4j27DvkymBQUq7Zf8Y,11111111111111111111111111111111,SOL,0.119374011,119374011,9,1744882873
5ddo32xdfxBvxweFYeSDbteK53Fj68fAVvVqyRF6MpHY,11111111111111111111111111111111,SOL,6.938256228,6938256228,9,1744882873
4QXWStoyEErTZFVsvKrvxuNa6QT8zpeA8jddZunSGvYE,11111111111111111111111111111111,SOL,0.00122496,1224960,9,1744882885
5VJou4ufN2vE11zyZUaLsKLTXhyzCTgiq6QDsts2YnnD,11111111111111111111111111111111,SOL,0.00122496,1224960,9,1744882885
9Qq91rsgDVNHahbbejHFonQ9FtUvzyVbH3xkVj2wSvG9,11111111111111111111111111111111,SOL,0.00629184,6291840,9,1744882873
E6vCUxgcNfRLSu1wPHwqiN419LB22GAujb97tZDa91mh,11111111111111111111111111111111,SOL,0.04065114,40651140,9,1744882873
8BbCGbxsQk1HYohgdn1TMUNs6RYcX4Hae3k8mt4rvnzf,11111111111111111111111111111111,SOL,0.00935424,9354240,9,1744882873
29r4yNFTEczzMxLN39jPj59dZZjLZdr5p1HyjQC5Wvnu,11111111111111111111111111111111,SOL,83.16772216,83167722160,9,1744882873
3hxomW2SZyW23BVsxQdLb7nqKqUF6UBAd3bNKWA9n8j1,11111111111111111111111111111111,SOL,0.11360112,113601120,9,1744882873
tPTMVvqGgzecHLQKHUhoXR8UFuZrFzz9UKK4ywVdLaZ,11111111111111111111111111111111,SOL,54.050422936,54050422936,9,1744882873
5yFNiQbTabGCMzvfyrhjiMAH1g6VEcs7uHe4W3KyYwR7,11111111111111111111111111111111,SOL,1.04638283,1046382830,9,1744882873
Xoir1BnQX9TbEvon9HRbD8tkjcD9dorsxmNjZAV64Re,11111111111111111111111111111111,SOL,5.422869745,5422869745,9,1744882885
DzPT1ZWDeURdTj38QBSceWnrpYFxZRBLPRXmUgHVDAGR,11111111111111111111111111111111,SOL,0.12802224,128022240,9,1744882885
PULSARKCJTG5xMoJTxaKHtVzr9H4Kv84haZnnewArAG,11111111111111111111111111111111,SOL,331.080025687,331080025687,9,1744882885
PULSARWFx8NpS5rbUxRgJiUbGVrGrVT6j8CykdH4UCX,11111111111111111111111111111111,SOL,0.354118182,354118182,9,1744882885
4JahMMrVRS1gimWoXpD5H6KwKc2MrsoTDFMaStMttL1E,11111111111111111111111111111111,SOL,200.263039539,200263039539,9,1744882885
4EsJD6cpaae8rh27U9pHsfxAheCLQnze1bDvXZfpjcUv,11111111111111111111111111111111,SOL,1.31528304,1315283040,9,1744882885
G1eAmANVWf6ZeoxG4aMbS1APauyEDHqLxHFytzk5hZqN,11111111111111111111111111111111,SOL,10.870060083,10870060083,9,1744882885
G1EAMrJcvzs5SwqAQRgDTjYBEGrxxJVwNS7qiUtB3akg,11111111111111111111111111111111,SOL,1.641841056,1641841056,9,1744882885
AYY1TCe347UZ7zueBmF4MyoFkeEZquRUNVBNoUZiRoew,11111111111111111111111111111111,SOL,130.209961472,130209961472,9,1744882885
AfyTzhTXBRBCxGdTEMc9LNEkVGVGfGA9wHf1VikaNb37,11111111111111111111111111111111,SOL,0.52785776,527857760,9,1744882885
SPHERExTW7GaMgS4RN6MbghYvXU2REfFWHgpxMH1P69,11111111111111111111111111111111,SOL,18.558177326,18558177326,9,1744882885
SPHEREcukWjz5VUiGU7Kh3fWeN4neyNw1ma2qQHXmrH,11111111111111111111111111111111,SOL,0.0270744,27074400,9,1744882885
3MVdbyD3niYjAj1uskREY5UsxqNj4nvPHn8fCMahdM71,11111111111111111111111111111111,SOL,341.139463003,341139463003,9,1744882885
EcWtSUtmgCPfLP456LrKG7QqhSSSeSVuQAJSdqFtBK3v,11111111111111111111111111111111,SOL,3.19763906,3197639060,9,1744882885
mrgn4sJJu5GBa5wbKyjuASzhyCifvcedGoLtpKjB3Wf,11111111111111111111111111111111,SOL,61.968056556,61968056556,9,1744882885
mrgn4t2JabSgvGnrCaHXMvz8ocr4F52scsxJnkQMQsQ,11111111111111111111111111111111,SOL,0.332500274,332500274,9,1744882885
9ueKvL3WiLM4mNUZrfWqPTYY2Np5YwzFTYvAiPibx1Zq,11111111111111111111111111111111,SOL,18.088770968,18088770968,9,1744882885
68Lq2AaLY1j4zVhzNc1R8sWWgfh5QdPMP1Fawx1iWEVV,11111111111111111111111111111111,SOL,0.03119472,31194720,9,1744882885
DBfh9QUCZde2U6buTbNhxSEnaqPV9Z2cfmjsBJu9qrLw,11111111111111111111111111111111,SOL,214.165272132,214165272132,9,1744882885
WkP89qGBLsdu2XNVigu7WZThfCEsBJEvDBwWxUCv5vj,11111111111111111111111111111111,SOL,0.13832514,138325140,9,1744882885
chdvWr6T14nqGRFD37KY36dsvhkCtDaufW5rpu3AfHe,11111111111111111111111111111111,SOL,5.907252309,5907252309,9,1744882873
chdv8H9fPfk2zFqSVaxRjsEo2qEDmswbju3BVgAHPNb,11111111111111111111111111111111,SOL,0.0270744,27074400,9,1744882873
HLnodbYkL5PFA8hjAZDkm5pGzV7eLTvcs671AW2L6St9,11111111111111111111111111111111,SOL,33.472249568,33472249568,9,1744882885
7KVnUL45FH4N8Z7x1dnvJ7GzMx12cs81mS26mHzNjQPN,11111111111111111111111111111111,SOL,1.241893292,1241893292,9,1744882885
A4hyMd3FyvUJSRafDUSwtLLaQcxRP4r1BRC9w2AJ1to2,11111111111111111111111111111111,SOL,9.991910169,9991910169,9,1744882885
J1to2NAwajc8hD6E6kujdQiPn1Bbt2mGKKZLY9kSQKdB,11111111111111111111111111111111,SOL,46.308476752,46308476752,9,1744882885
BeSovDCzhEAfgwDyXBuhmCFKsu5WQ3PaX61GEfteNzXM,11111111111111111111111111111111,SOL,63.445981262,63445981262,9,1744882885
BeSov1og3sEYyH9JY3ap7QcQDvVX8f4sugfNPf9YLkcV,11111111111111111111111111111111,SOL,51.144796557,51144796557,9,1744882885
iggyroq4YSBgSfmruSxuz3uj7dZvnsFXyZFXYcYy3FR,11111111111111111111111111111111,SOL,352.690378429,352690378429,9,1744882885
motHerBDDLoLpk1VwWmztHvw81sMdyoQKtcGsdbYzYq,11111111111111111111111111111111,SOL,0.21454896,214548960,9,1744882885
2zAbHUpE4MRgEwq1MWh3i9aJyzazSjUUPrmhNViqQn5W,11111111111111111111111111111111,SOL,180.070771763,180070771763,9,1744882885
ESjX2jRuvdr2a47JfEKjP24gNsgreE9PvSpkw4t5Xn2M,11111111111111111111111111111111,SOL,202.281863277,202281863277,9,1744882885
hnhCMmnrmod4rcyc3QRKkLEC9XnPTvYJ2gBvjgFiV4o,11111111111111111111111111111111,SOL,7.221655208,7221655208,9,1744882885
hnhxfrndd827LET6jvnQV4aWqpS2EedaHcT4gj8ArSu,11111111111111111111111111111111,SOL,0.0270744,27074400,9,1744882885
FZ4MT1HYJHd9GK8D5mJ9f3r7irLaDL5NxBNLjGqrLqs9,11111111111111111111111111111111,SOL,9.99191525,9991915250,9,1744882885
FuvD3qqrVjuh355sBs1u8bUS3aU8NgknymLskPvtAc6N,11111111111111111111111111111111,SOL,2299.759001591,2299759001591,9,1744882885
XkCriyrNwS3G4rzAXtG5B1nnvb5Ka1JtCku93VqeKAr,11111111111111111111111111111111,SOL,1010.362019388,1010362019388,9,1744882873
beefKGBWeSpHzYBHZXwp5So7wdQGX6mu4ZHCsH3uTar,11111111111111111111111111111111,SOL,853.220688936,853220688936,9,1744882873
61QB1Evn9E3noQtpJm4auFYyHSXS5FPgqKtPgwJJfEQk,11111111111111111111111111111111,SOL,10.954236501,10954236501,9,1744882885
5iZ5PQPy5Z9XDnkfoWPi6nvUgtxWnRFwZ36WaftPuaVM,11111111111111111111111111111111,SOL,0.050185449,50185449,9,1744882885
7Zm1pE4FubFYZDyAQ5Labh3A4cxDcvve1s3WCRgEAZ84,11111111111111111111111111111111,SOL,89.552542829,89552542829,9,1744882885
XzMLju7T6BSSngmsPogeuryd6uswiimkPU87gB2chho,11111111111111111111111111111111,SOL,176.333128018,176333128018,9,1744882885
7y5VhV4fkz6r4zUmH2UiwPjLwXzPL1PcV28or5NWkWRL,11111111111111111111111111111111,SOL,302.120922472,302120922472,9,1744882885
HxRrsnbc6K8CdEo3LCTrSUkFaDDxv9BdJsTDzBKnUVWH,11111111111111111111111111111111,SOL,0.484429921,484429921,9,1744882885
CW9C7HBwAMgqNdXkNgFg9Ujr3edR2Ab9ymEuQnVacd1A,11111111111111111111111111111111,SOL,2870.210303462,2870210303462,9,1744882885
6D2jqw9hyVCpppZexquxa74Fn33rJzzBx38T58VucHx9,11111111111111111111111111111111,SOL,4742.443827321,4742443827321,9,1744882885
DNVZMSqeRH18Xa4MCTrb1MndNf3Npg4MEwqswo23eWkf,11111111111111111111111111111111,SOL,1289.272935433,1289272935433,9,1744882873
9Diao4uo6NpeMud7t5wvGnJ3WxDM7iaYxkGtJM36T4dy,11111111111111111111111111111111,SOL,2586.15368099,2586153680990,9,1744882873
D4r6Rcua2L7nHHhdaiZe2k2bTfPg2WQqcNYpG6bugvCG,11111111111111111111111111111111,SOL,41.999715576,41999715576,9,1744882885
8yPiZWMNYMhEqTmPSRc6LsWLFC8pewYEzmgc5kRCLTrZ,11111111111111111111111111111111,SOL,0.4288066,428806600,9,1744882885
JupRhwjrF5fAcs6dFhLH59r3TJFvbcyLP2NRM8UGH9H,11111111111111111111111111111111,SOL,29.661076226,29661076226,9,1744882885
CatzoSMUkTRidT5DwBxAC2pEtnwMBTpkCepHkFgZDiqb,11111111111111111111111111111111,SOL,0.359771862,359771862,9,1744882885
FBKFWadXZJahGtFitAsBvbqh5968gLY7dMBBJUoUjeNi,11111111111111111111111111111111,SOL,870.916714418,870916714418,9,1744882885
AZoCYB4VgoM9DR9f1ZFcBn8xPSbtbqoxZnKJR7tkvEoX,11111111111111111111111111111111,SOL,2129.938756785,2129938756785,9,1744882885
7ZSVbdE4gTWq7rh8d6a22LoMmSCHNB45aBtnHD5C5bUc,11111111111111111111111111111111,SOL,5.269498874,5269498874,9,1744882885
CviQXDMPZPVAZ5qgVGN2gSBSD9GqqwRt7VZidoHMpArr,11111111111111111111111111111111,SOL,7.184048817,7184048817,9,1744882885
3W3NxpDqirkLbdm76zPV9giJycwFF9K18f6YgwHpma8P,11111111111111111111111111111111,SOL,0.666334538,666334538,9,1744882885
6rC1zg98a89eQurdnvXz6uJ3zZZa2f683WwCDB41Us8w,11111111111111111111111111111111,SOL,0.312402085,312402085,9,1744882885
B9KuBnmo5kMstTENiWY5HErMgzyMcj3x2mrLFeYyumdq,11111111111111111111111111111111,SOL,3.086787693,3086787693,9,1744882873
92W6sFsim2fAYVBVVXHcQ4Q2DoARyDfuXZM3KYBnsRVN,11111111111111111111111111111111,SOL,0.927045052,927045052,9,1744882873
mineL1YNwcRnxN93B2sX6q22R11WfRqxnY4NBV8KfFY,11111111111111111111111111111111,SOL,30.479857005,30479857005,9,1744882885
6q1VNp8Vy2Go12vb8CwbjUqqj2SXr2JYftJRWs71sW23,11111111111111111111111111111111,SOL,15.854863137,15854863137,9,1744882885
FXfNZwnDQxNR3NVHzA3Xpctzey7AUmgz5YvWTHiUActw,11111111111111111111111111111111,SOL,8.169408324,8169408324,9,1744882873
EWRHPjhZmYj4oqgo4MyjuqoWzuPhCcRvTtdGDjuLWeMq,11111111111111111111111111111111,SOL,0.027074401,27074401,9,1744882873
D1zqVW87NyyQAuGGNJVLa626QjQsEmkEmx8XynVMN98s,11111111111111111111111111111111,SOL,1.39564479,1395644790,9,1744882873
QxAyeuVu3oWJt9BBCcuSphvXADPic7hq9dXSwLYssmo,11111111111111111111111111111111,SOL,0.417635887,417635887,9,1744882873
1MuaDGhuN7KRqvsupUcYmq9u1YRh1pp38hu1WV2WC6S,11111111111111111111111111111111,SOL,6.747603874,6747603874,9,1744882885
4z9rbspUBsnZmTQbWSSPETkXmWHfhzQXXc289Z3m6XcJ,11111111111111111111111111111111,SOL,0.0270744,27074400,9,1744882885
8buJst58M53hS9Zq5Gdrx83WV6FxP9SYC6q7twwGRTuu,11111111111111111111111111111111,SOL,0.339750565,339750565,9,1744882885
B191sdbDFjEmLLNixWEfjsoxoYLbr5hnpT39KKoqgkUp,11111111111111111111111111111111,SOL,0.213588585,213588585,9,1744882885
p1ayS5DGgrM7m1VU4zcppoTWPbcFGhrBYTh7Wm6ApAC,11111111111111111111111111111111,SOL,20.450922234,20450922234,9,1744882873
P1ayLpEHHVagavo2WGM3Rp9KKxwYU2VKQrfjdXGmKt1,11111111111111111111111111111111,SOL,9.76779994,9767799940,9,1744882873
KTMkUG8WCw9FdH44jLMBpc1teGafnYL6SgP4fHHbsNM,11111111111111111111111111111111,SOL,6.11005408,6110054080,9,1744882885
EpicsoqLdDP8qRn3wQRKTSKAXbjK9dUgFfNPRQS77MQD,11111111111111111111111111111111,SOL,0.679760529,679760529,9,1744882885
bay3wXfJsu9ds1zQBoQQ4DUwFGs3NP6q4gca9WM5G1z,11111111111111111111111111111111,SOL,26.512655831,26512655831,9,1744882885
bay3rQMjiLPy6Nvi7tfNeVK26inBCxf88hKYyeKy64H,11111111111111111111111111111111,SOL,0.09299952,92999520,9,1744882885
DtY5Bzxd75iWQRvKwM2xLUxqwLT1RRoeNwmVvgS2JANA,11111111111111111111111111111111,SOL,12.473496982,12473496982,9,1744882885
BSRRvjdKd8SHApi3KtTGbzrdhUojitiwAt4xt4nAxbFh,11111111111111111111111111111111,SOL,1.010972678,1010972678,9,1744882885
2FtwoBFTBFt4FKpeQAh1otggKPhPHh1Aka2dQ7LvyKyD,11111111111111111111111111111111,SOL,11.861833046,11861833046,9,1744882885
BNYVMkawH7ekKdbZ7NHqd7duLVc6QLATHYf5aqMkwjec,11111111111111111111111111111111,SOL,0.448102204,448102204,9,1744882885
4vdWYn2KbmQ3Dns5wVBfz4CFQDds4b7CpsC8MHBhHAib,11111111111111111111111111111111,SOL,4.36271178,4362711780,9,1744882873
DvFTFLrEQSfEadPQdesvf5bpYWYqXK9iaJAjq95piQBs,11111111111111111111111111111111,SOL,1.281455758,1281455758,9,1744882873
8uPW9msN75rfaKiwy8y8NxEX5zSk2WejtVv5YhZr3jCo,11111111111111111111111111111111,SOL,10.996771854,10996771854,9,1744882885
5daP6pZoPSak6UEKuRg2HHjvTPpqqwB113oNamGNKuuZ,11111111111111111111111111111111,SOL,5.972200812,5972200812,9,1744882885
hxMhrsuGPDmkLJ4mTxEjyeMST3VGhTiwJvS9XgHwePj,11111111111111111111111111111111,SOL,12.987002595,12987002595,9,1744882873
hxVjzDmta9TuN1gM981TRKnfwG2uZ9TQDGwSCs3uDow,11111111111111111111111111111111,SOL,1.908605693,1908605693,9,1744882873
1NF88KpPdxVAwRSc17cEpwmfusxrrkRmR7G7u8cEva8,11111111111111111111111111111111,SOL,12.829197885,12829197885,9,1744882885
EVA88V2YdC1to75CYQd2vWTcAhswsZ7hPoWRqAdLAWfa,11111111111111111111111111111111,SOL,0.05179632,51796320,9,1744882885
nateKhsYkrVc992UuTfAhEEFQqr2zQfpGg9RafNkxdC,11111111111111111111111111111111,SOL,27.180701242,27180701242,9,1744882885
nateBZg7oHVPLB2samBLkKvfzedU3ALZBexMFPMKjn1,11111111111111111111111111111111,SOL,2.583439754,2583439754,9,1744882885
G3x5eb53kUpp92FWiyqRWJ3Q6e9tH3dEjGDgDWYf6was,11111111111111111111111111111111,SOL,12.549370756,12549370756,9,1744882873
GFK84uv9cr1d6KnkPERSEYagTvpLKTuwa8W9adx1qMg6,11111111111111111111111111111111,SOL,0.757130859,757130859,9,1744882873
6c6RrC9TWNgiVXnbZ6hehNuhyh81pZK1yAj5w2nXZTwi,11111111111111111111111111111111,SOL,32.939107491,32939107491,9,1744882873
5eJQDSbgTZSEmH3zSWDEdAKgjavUUn9BkouCFNLz1x93,11111111111111111111111111111111,SOL,0.0270744,27074400,9,1744882873
2zykwzzo1pd3H2oSj5j5SRLTvmpa9Nr2S2Bh8tTVd5Tq,11111111111111111111111111111111,SOL,8.829069766,8829069766,9,1744882885
Hmq1oALENff8DejgYhJxB4njb6pyCtuMKKxotdZicB4n,11111111111111111111111111111111,SOL,2.227987872,2227987872,9,1744882885
KBoNKoxPjdEmR4TrV9wH9wi96x9vSAs9NET94h91SGJ,11111111111111111111111111111111,SOL,300.804997835,300804997835,9,1744882885
KBoNKQQj7QpVEzKKFbzxASVUjXx8TauASwYb546hCqS,11111111111111111111111111111111,SOL,0.30725616,307256160,9,1744882885
23U4mgK9DMCxsv2StC4y2qAptP25Xv5b2cybKCeJ1to3,11111111111111111111111111111111,SOL,9.94685014,9946850140,9,1744882885
J1to3PQfXidUUhprQWgdKkQAMWPJAEqSJ7amkBDE9qhF,11111111111111111111111111111111,SOL,2.5622257,2562225700,9,1744882885
SWnetabTLirPWqEK1V1T7HkVLC5vGvfjEsb89wiqrGh,11111111111111111111111111111111,SOL,78.524822594,78524822594,9,1744882873
SWnetzxKaKtuysePKKAzdPAk3gqWgPYxg31vet69Xnz,11111111111111111111111111111111,SOL,43.675417901,43675417901,9,1744882873
D8kuk3qEiVBGwYkuMGKfBDwuRi6jjRkzjAZg45fdaRLx,11111111111111111111111111111111,SOL,30.603818743,30603818743,9,1744882885
7X7oVv6K6wawMNzVriczSAEk18GzqyrYrvqyJbwLAY3s,11111111111111111111111111111111,SOL,17.562422175,17562422175,9,1744882885
2mMGsb5uy1Q4Dvezr8HK2E8SJoChcb2X7b61tJPaVHHd,11111111111111111111111111111111,SOL,819.377527614,819377527614,9,1744882873
CAf8jfgqhia5VNrEF4A7Y9VLD3numMq9DVSceq7cPhNY,11111111111111111111111111111111,SOL,1139.681916966,1139681916966,9,1744882873
PAWsME7oYbjt5TRNc11mBa33JhKnQr9AYherdr9YAZ6,11111111111111111111111111111111,SOL,106.728276637,106728276637,9,1744882885
3ZUQekqiZoybB57y49eqtvSaoonqDwuNbeqEGwN88JkQ,11111111111111111111111111111111,SOL,0.09299952,92999520,9,1744882885
BP4XZG94R74uK5WgNewUa6uBcQGfmPtQnoVRpSYY31FV,11111111111111111111111111111111,SOL,5.883603304,5883603304,9,1744882873
BHuk6wv9pskvSuMxzAFksmFNxEWZDHDsYWSwvTKcCnhx,11111111111111111111111111111111,SOL,0.05385648,53856480,9,1744882873
FSyAsxcE7g8pSSEu5nx7Hkz44rMZiYio5Wz8Lszh3Nbi,11111111111111111111111111111111,SOL,92.492380387,92492380387,9,1744882885
QXmsTYFK7YT2BpP2AnvXwuRpfwmsJZpovLcUqdSjoK1,11111111111111111111111111111111,SOL,20.009957623,20009957623,9,1744882885
6qwYjs5vCSEKaTMBbHinnW8fvdGj1r8cpzPoAV1EHKsw,11111111111111111111111111111111,SOL,9.864988656,9864988656,9,1744882873
Azc2uttGtHsRLorfQzd7tsMNtfaEg7LyvVEMVtckPCNN,11111111111111111111111111111111,SOL,0.500175449,500175449,9,1744882873
Cu9Ls6dsTL6cxFHZdStHwVSh1uy2ynXz8qPJMS5FRq86,11111111111111111111111111111111,SOL,9.970484235,9970484235,9,1744882873
5iJDEVRi1nMLwKAWhYbEokZnvBAe15rgFaHGkggVEP9z,11111111111111111111111111111111,SOL,0.207327273,207327273,9,1744882873
NATsUSZGohWw8xtLdxG4yus21UCkaes4FLfM2eqKbRk,11111111111111111111111111111111,SOL,18.871546596,18871546596,9,1744882873
fuyugZxM5S4NyV3ZYoc6ebs3fmRTrZ3X27MKCFvHpVD,11111111111111111111111111111111,SOL,3.214130462,3214130462,9,1744882873
3YVoK8UN62dyiPZnGBzBTkGdwsVmmK1MpRoLcxNRs9BE,11111111111111111111111111111111,SOL,347.875591528,347875591528,9,1744882885
FRTcwF2LHHLV2VxKB9nzNpqyBXjpKvkEs5aRuMXrrk8X,11111111111111111111111111111111,SOL,228.709490948,228709490948,9,1744882885
EvnRmnMrd69kFdbLMxWkTn1icZ7DCceRhvmb2SJXqDo4,11111111111111111111111111111111,SOL,52.250603852,52250603852,9,1744882873
9QU2QSxhb24FUX3Tu2FpczXjpK3VYrvRudywSZaM29mF,11111111111111111111111111111111,SOL,50.01,50010000000,9,1744882873
2m1A2WM1vte7RWz5xTTw4i1SiXmngVtXhqFERaUjoAAb,11111111111111111111111111111111,SOL,57.628881865,57628881865,9,1744882885
8wTSPukwTAzNzEYyUdc8UiKkTg1hNtZ1xLum7o1Ne6wr,11111111111111111111111111111111,SOL,2776.458728416,2776458728416,9,1744882885
6WgdYhhGE53WrZ7ywJA15hBVkw7CRbQ8yDBBTwmBtAHN,11111111111111111111111111111111,SOL,519.735759567,519735759567,9,1744882885
6aow5rTURdbhbeMDrFrbP2GR5vZjMEhktEy87iH1VGPs,11111111111111111111111111111111,SOL,734.955545897,734955545897,9,1744882885
GoeW4aFK4dGoekJySgUynWDxBZiQJqm8GDAF4H53tDK9,11111111111111111111111111111111,SOL,40.155565842,40155565842,9,1744882885
Ak5BJzQe2R8qFuyYmaAFPjXuD7XPux3ZNTv52D7rfiqR,11111111111111111111111111111111,SOL,1.0,1000000000,9,1744882885
6aDs9tUm2gErcPn2c1TZnp5cu2bQV9BzyuwW4baWQYd4,11111111111111111111111111111111,SOL,428.843363047,428843363047,9,1744882885
ERut3CwqVeoa616QBaoHc5jL52RpkXjZZZ7MeaMaCtLi,11111111111111111111111111111111,SOL,1030.169433006,1030169433006,9,1744882885
SLAY6uN1zZpXBTfbuDDCesNmM5D288xrz8uYvfS3n41,11111111111111111111111111111111,SOL,26.162908227,26162908227,9,1744882873
SLaYv7tCwetrFGbPCRnqpHswG5qqKino78EYpbGF7xY,11111111111111111111111111111111,SOL,0.16892464,168924640,9,1744882873
3s97yjq2MhoPVPC3U9VeE3Z5S643Pweovg88ysvrQPw5,11111111111111111111111111111111,SOL,33.214590016,33214590016,9,1744882873
D3QPJm7BDzzPeRG51YZSEz3LfV7GvFNu9NkcibzURxuj,11111111111111111111111111111111,SOL,0.72245376,722453760,9,1744882873
EkvdKhULbMFqjKBKotAzGi3kwMvMpYNDKJXXQQmi6C1f,11111111111111111111111111111111,SOL,890.601862336,890601862336,9,1744882873
3ZYJxzCeweSoh2Jj7oCgencFs9y27iKmXJeqYapje1cj,11111111111111111111111111111111,SOL,2131.044519393,2131044519393,9,1744882873
9jxgosAfHgHzwnxsHw4RAZYaLVokMbnYtmiZBreynGFP,11111111111111111111111111111111,SOL,4734.784610184,4734784610184,9,1744882873
HZKopZYvv8v6un2H6KUNVQCnK5zM9emKKezvqhTBSpEc,11111111111111111111111111111111,SOL,1215.748147135,1215748147135,9,1744882873
vu1sGn2f1Xim6voHNLt4nLn38zNkYdLasU7hEr1TC2D,11111111111111111111111111111111,SOL,7.718637203,7718637203,9,1744882885
6F5xdRXh2W3B2vhte12VG79JVUkUSLYrHydGX1SAadfZ,11111111111111111111111111111111,SOL,88.902175254,88902175254,9,1744882885
9UM8wQ8F5oMiRcP5YdqD6Lr4krpBWCD8LtgQYoisJd9i,11111111111111111111111111111111,SOL,1190.617910703,1190617910703,9,1744882885
9jToNMWCLW1GeoLGPZNvEfuXE4AUwiRsrC1HMGmh3PTu,11111111111111111111111111111111,SOL,234.225827122,234225827122,9,1744882885
5pPRHniefFjkiaArbGX3Y8NUysJmQ9tMZg3FrFGwHzSm,11111111111111111111111111111111,SOL,274.305140595,274305140595,9,1744882873
DdCNGDpP7qMgoAy6paFzhhak2EeyCZcgjH7ak5u5v28m,11111111111111111111111111111111,SOL,1073.149665339,1073149665339,9,1744882873
CNhoQcXia4kvPu37sTZcLyGLqQjHhBXJ6KFDcJyaefVi,11111111111111111111111111111111,SOL,3.47480487,3474804870,9,1744882873
A9imXij39MJWMREfxxXxfcrU3jRezNuWXas5KgZgpi1V,11111111111111111111111111111111,SOL,0.0270744,27074400,9,1744882873
DeepM3FDWaAb7o53rvyZk5YvHLG3FvDiVXJLRY78z51p,11111111111111111111111111111111,SOL,9.303368868,9303368868,9,1744882873
DeEpSdaw8uBLQ5T2HQhDf8fBSVbm13jGqJwoSF3HTpL5,11111111111111111111111111111111,SOL,0.027074403,27074403,9,1744882873
4CKFRwj6YzVygMptmFtZgBNNn7zyCsVibM8Aq5pG252v,11111111111111111111111111111111,SOL,10.821221686,10821221686,9,1744882873
3kV8UahWWN7Fh41PddYczuismJSLjtrKhYRZW5RUqiEK,11111111111111111111111111111111,SOL,0.484928908,484928908,9,1744882873
EXAJfWzR6SmYyWQpCrP6o8Ppj9YNPVLjdHZNssC12xjV,11111111111111111111111111111111,SOL,3.156562445,3156562445,9,1744882885
5NbEJGaA9J3TL7ZkwFxwAmeNLsUd6K3miPDjcmesE1av,11111111111111111111111111111111,SOL,0.06003696,60036960,9,1744882885
Bz6FHRznS6TmAoWbsbuU7Xq5To3T2HFyAPWQuJCKUy9w,11111111111111111111111111111111,SOL,4.807686916,4807686916,9,1744882885
BNMpeggKMXACBVr26ebGyMy3RvuQBMDo62co1RpLKwuG,11111111111111111111111111111111,SOL,0.406587187,406587187,9,1744882885
3fnhNULLwi3BEyFUVS3qAqPjwegsNDTr3k7C8GxFbmau,11111111111111111111111111111111,SOL,3.991777494,3991777494,9,1744882873
CtombV3RrUSMKJEjnhTALqFTxKg4uLmYzRex348LRxSH,11111111111111111111111111111111,SOL,0.8539686,853968600,9,1744882873
CnevKtH5zaThFqJmpWZSBzjEMY8bsWiVkkeP6GVSMVgf,11111111111111111111111111111111,SOL,4.305470632,4305470632,9,1744882885
EgKg7McUZ57vW5EztfqjgFzCm2ztRG4rkSvh5FdsQhSV,11111111111111111111111111111111,SOL,0.369332231,369332231,9,1744882885
BbUTmY3saxeJJze2Vc1ueqEpV8Btj24wKpFbZ1r4XzXr,11111111111111111111111111111111,SOL,18.293625096,18293625096,9,1744882873
EDjoFJLunZhjS7difXbi1DvLPPdFenf7YvTFoa9y5pCZ,11111111111111111111111111111111,SOL,0.804873821,804873821,9,1744882873
FdH9QEQBxPQfaF2JpcjgdfcMnDb7rjZkCDRCWLRjTQwj,11111111111111111111111111111111,SOL,5.58804104,5588041040,9,1744882873
HcbE5huUVDgsf7SURsRfQqnFMp3Zz3i49eXMddugPyAP,11111111111111111111111111111111,SOL,0.339475845,339475845,9,1744882873
Ag6jpXVMAFanMMzSfeKR1sKyrRbUkYZuMSBaAbjcAE8M,11111111111111111111111111111111,SOL,7.686165442,7686165442,9,1744882873
7PGx3h8ZYb8A2TXh8fvLDPg5dJ9dmxxfA1xoDQCd1m49,11111111111111111111111111111111,SOL,1.793099728,1793099728,9,1744882873
Hpq4nm4CtYynqiao5mJCFyD4sbiXXEQiSN2JXScJ5rff,11111111111111111111111111111111,SOL,1.656508919,1656508919,9,1744882873
HnHDn142kXEKCPCdUNYYoz9LU1my9z4a867mswrFZJ2p,11111111111111111111111111111111,SOL,0.03531504,35315040,9,1744882873
HMWXfjaeSHhww1wvdBhqhHVP9v96mFB4LJ9xP2MXbDGH,11111111111111111111111111111111,SOL,4.441741051,4441741051,9,1744882873
FwLsjPJdnSiuCvs1NXyR1cV6Sw5GRE6Lj2s1gZ9NNTmv,11111111111111111111111111111111,SOL,0.334080967,334080967,9,1744882873
Fumin2Kx6BjkbUGMi4E7ZkRQg4KmgDv2j5xJBi98nUAD,11111111111111111111111111111111,SOL,0.620010841,620010841,9,1744882873
ELLB9W7ZCwRCV3FzWcCWoyKP6NjZJKArLyGtkqefnHcG,11111111111111111111111111111111,SOL,0.3287232,328723200,9,1744882873
EVvkB3QgKsHZ2Tj9GTnQ8mQZJUFmRTkH31g9KEmQ8A62,11111111111111111111111111111111,SOL,1.861518762,1861518762,9,1744882873
GtieaErmxgFVySoaxcN3RP3m6kcmpWGqknZ3peXkaRPC,11111111111111111111111111111111,SOL,22.066954946,22066954946,9,1744882873
siriXy5CcarNiz4XL8ssBQGiy2PwReVLny3Bcxq6Ymb,11111111111111111111111111111111,SOL,5.560260766,5560260766,9,1744882873
a1exajFBsggm7R7ydb4LwyEAdsLCUKNAiUrre9B12kV,11111111111111111111111111111111,SOL,54.752649806,54752649806,9,1744882873
indMGAW9rPd6d4Pe8YoN2gYRhUpLmEDdSGeQVo6kJ46,11111111111111111111111111111111,SOL,2.436982837,2436982837,9,1744882873
indVHvxmQVkK4VsdHiK8kXjLDSjHfHRfP3yvZ947Gn3,11111111111111111111111111111111,SOL,0.030000603,30000603,9,1744882873
J75rPTt9n28CGsnk7LDrUbs293Da72gsexpkzJtLLrBi,11111111111111111111111111111111,SOL,5.391814624,5391814624,9,1744882873
8uoJXyrWmE8hL5Kx3Z3zjC9S4zV6FSeP5NQEw2DTqkfU,11111111111111111111111111111111,SOL,1.811267261,1811267261,9,1744882873
wiFDeRHa4zcPvrZzdrnBEYCWAjMTjnV2vBgQeCpWSa9,11111111111111111111111111111111,SOL,306.109515205,306109515205,9,1744882873
HaTniLULzUW7Mfq5qBXPU3okduucnoq81Kr21niLjNgT,11111111111111111111111111111111,SOL,0.22484976,224849760,9,1744882873
sw111gPaikSJLqobN3s6KogBD1zGH2w92ahqdKEzjCw,11111111111111111111111111111111,SOL,172.631866712,172631866712,9,1744882873
sw222BfVDABppvydacSCj3JVaPSC83RoRtyvLmr6pNx,11111111111111111111111111111111,SOL,169.983459346,169983459346,9,1744882873
wetkjRRRDrSPAzHqfVHtFDbhNnejKm5UPfkHeccFCpo,11111111111111111111111111111111,SOL,9.745885644,9745885644,9,1744882873
wetwJSUHT5afX3gP49q75gkz8FcCfvsw2kuSQ1UjT9R,11111111111111111111111111111111,SOL,2.684720084,2684720084,9,1744882873
4J9HoqBamEDyEKGDZgeRjCpiGCirHzqP1CadWmznrghF,11111111111111111111111111111111,SOL,1.578625402,1578625402,9,1744882873
Cqg1VwU4pdC8zAYMZZUViJuy1v1G8vxdYeUW3UNCqpfV,11111111111111111111111111111111,SOL,0.506110829,506110829,9,1744882873
EPFZFVrXuveEQar9LaEkt5kDRPMnbvK54qu5FwCxpkcy,11111111111111111111111111111111,SOL,5.692415499,5692415499,9,1744882873
1oH9rfyrbKoP7ucJ1Zr2HLHmDU8N6G1G6dEuruFsSqy,11111111111111111111111111111111,SOL,3.063510661,3063510661,9,1744882873
CtBqxQ3fberuV2WxcNvba7C7QiQQe616rumT2F4mD4gn,11111111111111111111111111111111,SOL,3.653336797,3653336797,9,1744882873
GuPUYQmbRN7mdoMNDXW9sq3KTAFjL2GuxQPVhTZoFDhN,11111111111111111111111111111111,SOL,0.514495595,514495595,9,1744882873
HNz9KC2vFPfC7TPmNtzh7nCDWDBYTLpCbmn5QD2UYX9u,11111111111111111111111111111111,SOL,2.316085271,2316085271,9,1744882885
4gg56BTsCSEXW3CLw7BuT31x3ptEjSz6aeVE1Xjby22R,11111111111111111111111111111111,SOL,0.523051862,523051862,9,1744882885
CpuDNi3iVoHXbaT8gHpzKe6rqeBasoYjEKi21q7NRVJS,11111111111111111111111111111111,SOL,20.499655249,20499655249,9,1744882873
2QE9X9X4tdDUTYic1DgBBJjU7cWUNPbKYGerCb9KqDQN,11111111111111111111111111111111,SOL,3.688801943,3688801943,9,1744882873
8vwn3wRePwXh7ZZExhsVSpzagnhp9nWrGJ4QEe8bXyQN,11111111111111111111111111111111,SOL,3.960758934,3960758934,9,1744882885
4hZueUrKETMSg3k94JihgbyCdc8nma3GcvdeKBrtWamQ,11111111111111111111111111111111,SOL,0.601354222,601354222,9,1744882885
AYTzhcFH5JcPz71wRz4pV9iJu7cCRchD12q6fpx2fCtM,11111111111111111111111111111111,SOL,4.077657122,4077657122,9,1744882873
DKnZkpsqtS4kpFP5zWudrg8w9eCUHixJ2QCRtwwxh8Me,11111111111111111111111111111111,SOL,0.991568854,991568854,9,1744882873
4dALbSiXCWQFF4KvA2hoKrpVLMUscVFFyfSxW8m2K1Ex,11111111111111111111111111111111,SOL,7.478740804,7478740804,9,1744882885
9jmvcGEGNq83FqzJrRVHoRX6sDc3MFbg8PeKyCGwzKgm,11111111111111111111111111111111,SOL,0.0270744,27074400,9,1744882885
MfDuWeqSHEqTFVYZ7LoexgAK9dxk7cy4DFJWjWMGVWa,11111111111111111111111111111111,SOL,98.549372099,98549372099,9,1744882885
9bUURPfwDStZzXtEGxEarAhwL9q3d57SGWpp7PPoa14,11111111111111111111111111111111,SOL,0.00203938,2039380,9,1744882885
9bUURPfwDStZzXtEGxEarAhwL9q3d57SGWpp7PPoa14,Es9vMFrzaCERmJfrF4H2FYD4KCoNkY11McCe8BenwNYB,USDT,1917780.258909,1917780258909,6,1744882885
9vrX5X8rNobXxTgKraJ1QyU2pYECNmkFnGeFosBGRdXj,11111111111111111111111111111111,SOL,0.07216128,72161280,9,1744882885
CTyFguG69kwYrzk24P3UuBvY1rR5atu9kf2S6XEwAU8X,11111111111111111111111111111111,SOL,42569.232170262,42569232170262,9,1744882885
CTyFguG69kwYrzk24P3UuBvY1rR5atu9kf2S6XEwAU8X,So11111111111111111111111111111111111111112,WSOL,42569.230130982,42569230130982,9,1744882885
D1nWSt2UgRecUQ4xUCqY69NyGLjqCjsKS9YYmT4cgUAK,11111111111111111111111111111111,SOL,0.07216128,72161280,9,1744882885
6753FE9MXMv68A5T3Tqp465MHi1wsFSw6beEUM7nPVJf,11111111111111111111111111111111,SOL,0.00114144,1141440,9,1744882885
FDhEpUyMGUJhVvhwEkq4KRx5cPrxhgR3LZMn6hLdP4FG,3JHA93ZEz1ezAZKfYei6Z2aLWVqEBiVQgRxkuYZXpump,TimeToTalk,798252.812428,798252812428,6,1744882885
FDhEpUyMGUJhVvhwEkq4KRx5cPrxhgR3LZMn6hLdP4FG,11111111111111111111111111111111,SOL,0.00203928,2039280,9,1744882885
HHsuxS4mBX7fdoMb8BNzsdEUXYC3YEPU8njVRXXDLpme,11111111111111111111111111111111,SOL,1.193046215,1193046215,9,1744882885
4ApAqF7pr5owfGAKANKxAm5bY5BYRMi7DF5m9mReG8af,11111111111111111111111111111111,SOL,0.0,0,9,1744882885
6sTLJQns8EvriiMqCmWTSDyXyvMvDZaZ9H8HinZbCjEK,11111111111111111111111111111111,SOL,0.00203928,2039280,9,1744882885
6sTLJQns8EvriiMqCmWTSDyXyvMvDZaZ9H8HinZbCjEK,3JHA93ZEz1ezAZKfYei6Z2aLWVqEBiVQgRxkuYZXpump,TimeToTalk,127719730.289133,127719730289133,6,1744882885
9iqoyQa9X9moVbJwDGc5sZDQsPMxynJk4xwsGUDhPZhQ,11111111111111111111111111111111,SOL,138.852983653,138852983653,9,1744882885
9iqoyQa9X9moVbJwDGc5sZDQsPMxynJk4xwsGUDhPZhQ,So11111111111111111111111111111111111111112,WSOL,138.850944373,138850944373,9,1744882885
3JHA93ZEz1ezAZKfYei6Z2aLWVqEBiVQgRxkuYZXpump,11111111111111111111111111111111,SOL,0.0014616,1461600,9,1744882885
9CKYvfQ9C7PKeGJqGWzuLu53Px8eZgjYGqrXgMjoZXsW,11111111111111111111111111111111,SOL,0.00235944,2359440,9,1744882885
26uKgGqCx3myoyMCrLdjjWqkTvfrtcfdXdxXswRaqY5Y,11111111111111111111111111111111,SOL,1.878124929,1878124929,9,1744882885
ZXL8HbhK738q637hX57jwK5Wc71c35zeot2KoHQBhEe,11111111111111111111111111111111,SOL,0.0239424,23942400,9,1744882885
3EaZgAGoduVg4RaBx8t2d8zzZovhcHUZrrGbNhZq7o67,11111111111111111111111111111111,SOL,0.0239424,23942400,9,1744882885
5usQCdyTRnwMREMWdDfBX3DaxDtC7ZS71PGEfoDgrDm1,11111111111111111111111111111111,SOL,0.0239424,23942400,9,1744882885
6w3CAhPYNq5ibPJzkCfwbePjpUv7SdFdNq7qozYxUDX1,11111111111111111111111111111111,SOL,0.0239424,23942400,9,1744882885
9YSHNuUDhHB2eKErWozmMiw89oHzjUBb9U9Wp1Y2co4o,11111111111111111111111111111111,SOL,0.0239424,23942400,9,1744882885
BXKtFymt73F1ieysfuVefGAv3SkdU531GhPjvY81moWS,11111111111111111111111111111111,SOL,0.0239424,23942400,9,1744882885
5rvdu5xUpMjV8z9kajvLevsev7uaZmcnQvZBHrSrmZDj,11111111111111111111111111111111,SOL,0.387905014,387905014,9,1744882885
AyEH9t66T4SZJ7prfZnEwUYyt7Y88wF1f66969Ab3f7f,11111111111111111111111111111111,SOL,0.00203928,2039280,9,1744882885
AyEH9t66T4SZJ7prfZnEwUYyt7Y88wF1f66969Ab3f7f,BN7CMvRWNa1fVEaoCRNMSdKA8wwrhdj2Wnytv6Ljpump,Kekistan,0.0,0,6,1744882885
BN7CMvRWNa1fVEaoCRNMSdKA8wwrhdj2Wnytv6Ljpump,11111111111111111111111111111111,SOL,0.0014616,1461600,9,1744882885
99Ev7i1GpPuXJgAsJbLNSju5twioF4E52CGhbkXrevgB,11111111111111111111111111111111,SOL,2.786187683,2786187683,9,1744882885
APrZjUSJa29673X3LkfT9kDMDXVVS3V2w16GTn3sWmzV,11111111111111111111111111111111,SOL,0.0,0,9,1744882885
C1SKvTrfhQRC9W9cBFLNmsX2hZNswTMVcibv56ED5nTQ,11111111111111111111111111111111,SOL,0.00203928,2039280,9,1744882885
C1SKvTrfhQRC9W9cBFLNmsX2hZNswTMVcibv56ED5nTQ,GAQfmVvFbTatc4gdKFXk2Aa2T2iFN35Azx8R1LZppump,Brian,0.0,0,6,1744882885
2YpHjfCtPU2Ny2J6onLKZ9dpqcjjWc6uBEho2hcCrmYY,11111111111111111111111111111111,SOL,0.0015,1500000,9,1744882885
4o9kDwyuBhcCF6mmp78HZHPc5Kdw1AmcSwBpcdyQhZvT,11111111111111111111111111111111,SOL,0.02037888,20378880,9,1744882885
BBqy6gAVMzRH1S7y9XvBNaS3axRovqe2VgNrgwYc3mYM,11111111111111111111111111111111,SOL,4.858468124,4858468124,9,1744882885
C8RRUZWhDyBsQq3LfX6sBjeqxdx7GW12myhAC53n1byE,11111111111111111111111111111111,SOL,0.00122496,1224960,9,1744882885
9JwLDt6CSXPNFYVaYjMRfEuEeiAHPDG27mNWd2yATqWj,11111111111111111111111111111111,SOL,0.00203928,2039280,9,1744882885
9JwLDt6CSXPNFYVaYjMRfEuEeiAHPDG27mNWd2yATqWj,EPjFWdd5AufqSSqeM2qN1xzybapC8G4wEGGkZwyTDt1v,USDC,180089.437898,180089437898,6,1744882885
2jDFkxzH75ZCBEKcGVZnn2ndK7AZdRbCYBRGLKGP3APg,11111111111111111111111111111111,SOL,0.00203928,2039280,9,1744882885
2jDFkxzH75ZCBEKcGVZnn2ndK7AZdRbCYBRGLKGP3APg,7GCihgDB8fe6KNjn2MYtkzZcRjQy3t9GHdC8uHYmW2hr,POPCAT,274814.387548441,274814387548441,9,1744882885
AqL7AVn8iot45xw5HZoHcbPDpF5h5V2gmaxmSDdkAAnp,11111111111111111111111111111111,SOL,0.00203928,2039280,9,1744882885
AqL7AVn8iot45xw5HZoHcbPDpF5h5V2gmaxmSDdkAAnp,27G8MtK7VtTcCHkpASjSDdkWWYfoqT6ggEuKidVJidD4,JLP,0.336764,336764,6,1744882885
AqJA9VxDeZjxoLi7b57JuF1tVaiUAGrRCkYPyqY7s6qy,11111111111111111111111111111111,SOL,0.110485146,110485146,9,1744882885
AqJA9VxDeZjxoLi7b57JuF1tVaiUAGrRCkYPyqY7s6qy,So11111111111111111111111111111111111111112,WSOL,0.108445866,108445866,9,1744882885
6PfdgU7GKmERsCNyw3iuvneQokTDTmMYZdD1y88jBUcL,11111111111111111111111111111111,SOL,0.07143744,71437440,9,1744882885
7EzsCrLRM8wBFx8RSQa3ti9xxeGp8mcRdsgmrz9NeDoz,11111111111111111111111111111111,SOL,0.07143744,71437440,9,1744882885
tkrEmamHvvy64MwcWPwHdVzGvZ72HTD4E4xEW9SmqdA,11111111111111111111111111111111,SOL,0.00114144,1141440,9,1744882885
7GCihgDB8fe6KNjn2MYtkzZcRjQy3t9GHdC8uHYmW2hr,11111111111111111111111111111111,SOL,344.419283031,344419283031,9,1744882885
FRhB8L7Y9Qq41qZXYLtC2nw8An1RJfLLxRF2x9RwLLMo,11111111111111111111111111111111,SOL,0.017129802,17129802,9,1744882885
4Vc6N76UBu26c3jJDKBAbvSD7zPLuQWStBk7QgVEoeoS,11111111111111111111111111111111,SOL,0.00203928,2039280,9,1744882885
4Vc6N76UBu26c3jJDKBAbvSD7zPLuQWStBk7QgVEoeoS,7GCihgDB8fe6KNjn2MYtkzZcRjQy3t9GHdC8uHYmW2hr,POPCAT,16077858.580254138,16077858580254138,9,1744882885
n6CwMY77wdEftf2VF6uPvbusYoraYUci3nYBPqH1DJ5,11111111111111111111111111111111,SOL,30645.483478091,30645483478091,9,1744882885
n6CwMY77wdEftf2VF6uPvbusYoraYUci3nYBPqH1DJ5,So11111111111111111111111111111111111111112,WSOL,30645.480438811,30645480438811,9,1744882885
6NUiVmsNjsi4AfsMsEiaezsaV9N4N1ZrD4jEnuWNRvyb,11111111111111111111111111111111,SOL,0.005443997,5443997,9,1744882885
2KiAy13bDCMGfJ8MqbpTC7g3CunHjLQYMs3wK14XM5LZ,11111111111111111111111111111111,SOL,0.00203928,2039280,9,1744882885
2KiAy13bDCMGfJ8MqbpTC7g3CunHjLQYMs3wK14XM5LZ,27G8MtK7VtTcCHkpASjSDdkWWYfoqT6ggEuKidVJidD4,JLP,2249763.669533,2249763669533,6,1744882885
GoJSsR8AwPWCbbbFfwVtT97vTEdKs3kwGkahgvhiybMU,11111111111111111111111111111111,SOL,0.00203928,2039280,9,1744882885
GoJSsR8AwPWCbbbFfwVtT97vTEdKs3kwGkahgvhiybMU,EPjFWdd5AufqSSqeM2qN1xzybapC8G4wEGGkZwyTDt1v,USDC,891807.465875,891807465875,6,1744882885
2mUXAXVP6XPtx9QvesxBnAjKtrMfejjWDK6biPKLkV6W,11111111111111111111111111111111,SOL,0.07040736,70407360,9,1744882885
9Z52vEskBeNBNBpnP3GZJJhtdeui3bwi9Vp6htDSNpnZ,11111111111111111111111111111111,SOL,0.07040736,70407360,9,1744882885
7cs1chipprbrp8z84E7GX7WMf63Cgrohyi3r1W6gUGpu,11111111111111111111111111111111,SOL,0.07040736,70407360,9,1744882885
8e8EiakqpXzeJoZ1h5ZrTSN6SsXXukP2JN2E9N6cFwKm,11111111111111111111111111111111,SOL,0.009865155,9865155,9,1744882885
7e57ZDLMdRexM8p4FfMg8PL3f1ssvaXLuY1MGviYuKSF,11111111111111111111111111111111,SOL,0.00203928,2039280,9,1744882885
7e57ZDLMdRexM8p4FfMg8PL3f1ssvaXLuY1MGviYuKSF,27G8MtK7VtTcCHkpASjSDdkWWYfoqT6ggEuKidVJidD4,JLP,58067.266067,58067266067,6,1744882885
5VEdspvwNHAEp7fTPXru5ZnQzWdC7HLDus6DypMrQDdc,11111111111111111111111111111111,SOL,4402.656691506,4402656691506,9,1744882885
5VEdspvwNHAEp7fTPXru5ZnQzWdC7HLDus6DypMrQDdc,So11111111111111111111111111111111111111112,WSOL,4402.654552225,4402654552225,9,1744882885
8s822s1pMqBE1GzoWLdTVydA1PkYwqGmN2yYxAKb2ofU,11111111111111111111111111111111,SOL,0.0233856,23385600,9,1744882885
E5V3wpqMjuFLfKpCBnRXUpqQvaZXxgcTpDMGfPnb8rRV,11111111111111111111111111111111,SOL,0.07143744,71437440,9,1744882885
8HchJS2ufNvZv6i3Q6zRLvBDpVe1P72ArR86p2hUHvg6,11111111111111111111111111111111,SOL,0.0,0,9,1744882885
2ENZsAWPKq7T9LnVLHM7mGqtGZNVFsf6GrsVdH5Q9a1m,11111111111111111111111111111111,SOL,0.0015,1500000,9,1744882885
6LDKXn2hqEtdW1r9jH2ykv5j4y3n4EPt1ZHDn5iVZgck,11111111111111111111111111111111,SOL,0.02037888,20378880,9,1744882885
9tf66dCep1uusXEgumv28PjWrUsyz4eBUtGHxo5QU1Nn,11111111111111111111111111111111,SOL,3.979469025,3979469025,9,1744882885
DJgHNRr4LiWjGDZDAU2JYXkdBNUCdjVbxknifgEAnnmb,11111111111111111111111111111111,SOL,0.0,0,9,1744882885
4KWcF2NARAFhn7HiV5svPNwGtpdKPp1WapeKPwa6CHm1,11111111111111111111111111111111,SOL,0.0061248,6124800,9,1744882885
CHzRhHoZGQRamgG3n7uVcqvLdZTzYjKC6fYx5B72dL86,11111111111111111111111111111111,SOL,0.02335776,23357760,9,1744882885
AxxmPCSD5bSMSYNu3Y4dvyUF5cZJFxkJUPjyy3sjAYHP,11111111111111111111111111111111,SOL,0.01625856,16258560,9,1744882885
EhLzaBeud5A546SBWEr4ADQjKDLA36h4mtBGu6GSyHgM,11111111111111111111111111111111,SOL,0.00203928,2039280,9,1744882885
EhLzaBeud5A546SBWEr4ADQjKDLA36h4mtBGu6GSyHgM,HKaAdq3rgtc7XBUXGaPc3mHVqwcpViXHHrCgmRHg494v,SPX,170485.381206,170485381206,6,1744882885
G7a1kxWRV96ZU2cp3syx6rkFdRWk5weTmRkgsE87QF7j,11111111111111111111111111111111,SOL,294.587979225,294587979225,9,1744882885
G7a1kxWRV96ZU2cp3syx6rkFdRWk5weTmRkgsE87QF7j,So11111111111111111111111111111111111111112,WSOL,294.585939945,294585939945,9,1744882885
GwSMAjobtc6z8x9Qm5jb3o3X2ohJWa4yXYtLA69tEaD5,11111111111111111111111111111111,SOL,0.00359136,3591360,9,1744882885
CDJJi58LrMfBEVRKtjEhEeYRVFs4912YbD5RwxyNeAxb,11111111111111111111111111111111,SOL,0.10197792,101977920,9,1744882885
5fFhsGvabCyEVNswgR2wUfa85qT1kZGj7u4h1yursLf1,11111111111111111111111111111111,SOL,0.10197792,101977920,9,1744882885
ETmcnqiuPYDuVHRUrTFWiKGP7m6DKWvsbqZX8U9DNCaf,11111111111111111111111111111111,SOL,0.07959456,79594560,9,1744882885
3Gf9DmF7zyEwy3zSYjAvZXxcoLLEzgRVXbMoyTbdnbpH,11111111111111111111111111111111,SOL,0.00203928,2039280,9,1744882885
3Gf9DmF7zyEwy3zSYjAvZXxcoLLEzgRVXbMoyTbdnbpH,HKaAdq3rgtc7XBUXGaPc3mHVqwcpViXHHrCgmRHg494v,SPX,0.0,0,6,1744882885
43YS1shZUib7vwhNW9qNLrHBH2S3qsfLiqABjqUMpmKE,11111111111111111111111111111111,SOL,0.00203928,2039280,9,1744882885
43YS1shZUib7vwhNW9qNLrHBH2S3qsfLiqABjqUMpmKE,So11111111111111111111111111111111111111112,WSOL,0.0,0,9,1744882885
37KirBpD7hSiDa3LrbtYX2gsLrPUvVyxt3ZgdnJC7uS8,11111111111111111111111111111111,SOL,0.00203928,2039280,9,1744882885
37KirBpD7hSiDa3LrbtYX2gsLrPUvVyxt3ZgdnJC7uS8,HKaAdq3rgtc7XBUXGaPc3mHVqwcpViXHHrCgmRHg494v,SPX,95000011.656083,95000011656083,6,1744882885
HLBSqFmUSXHH2BuRPLMgxXR9sezwUPCRRXPYPTS5uSWF,11111111111111111111111111111111,SOL,0.0,0,9,1744882885
EcspiZ2L3k1c2bT6x8DUSS3PV63uJeeJx4LqMWtt9rtn,11111111111111111111111111111111,SOL,0.018029752,18029752,9,1744882885
37hNaEv9FPFQjip72G5wSNz17UBUKRiERMhV6fHLmkPa,11111111111111111111111111111111,SOL,0.00203928,2039280,9,1744882885
37hNaEv9FPFQjip72G5wSNz17UBUKRiERMhV6fHLmkPa,7V48p3BaTNy6m6yiTJ3JsuV3sLXTwWj3gtWfSh6Hguto,STTR,233572869.75049284,233572869750492850,9,1744882885
4DHWNBdoEgoS8PriiVTajvcSDEHwCMjYNUJsUZ2KR5U6,11111111111111111111111111111111,SOL,0.0,0,9,1744882885
4g3oL3MdipKJq5KQfymVgYTDPySCmfhBtw2kStSjhD3g,11111111111111111111111111111111,SOL,4.231605238,4231605238,9,1744882885
4g3oL3MdipKJq5KQfymVgYTDPySCmfhBtw2kStSjhD3g,So11111111111111111111111111111111111111112,WSOL,4.229565958,4229565958,9,1744882885
8aybvoC3MoLZKoo5kAjUxoCfXwy2ijRnD6SrVKCgc1Sp,11111111111111111111111111111111,SOL,0.0053244,5324400,9,1744882885
93W8tpAG2afnqE3B9jmq67kEMrpDhFaqmhUvLuZNovpm,11111111111111111111111111111111,SOL,0.02925288,29252880,9,1744882885
HCXsMiKLozuiLBaFMsFXGx7gJ8PYUu6dtLDG8aKQ5xmD,11111111111111111111111111111111,SOL,0.00203928,2039280,9,1744882885
HCXsMiKLozuiLBaFMsFXGx7gJ8PYUu6dtLDG8aKQ5xmD,7V48p3BaTNy6m6yiTJ3JsuV3sLXTwWj3gtWfSh6Hguto,STTR,0.0,0,9,1744882885
7V48p3BaTNy6m6yiTJ3JsuV3sLXTwWj3gtWfSh6Hguto,11111111111111111111111111111111,SOL,0.0014616,1461600,9,1744882885
GTwDs5mNHRZzyNvPQFmdTJuCNaEWjvGVqha4dWyzcsr5,11111111111111111111111111111111,SOL,5.922417908,5922417908,9,1744882885
3ZBHiejMUC5oiv3zhQwZAcjPmFsUpU6i9zsBYsTDGzgz,11111111111111111111111111111111,SOL,6.01186587,6011865870,9,1744882885
3ZBHiejMUC5oiv3zhQwZAcjPmFsUpU6i9zsBYsTDGzgz,So11111111111111111111111111111111111111112,WSOL,6.00982659,6009826590,9,1744882885
8VFNwP1JQvanEaajFNZmvzdYpyNumnyvKpxux8si7CTW,11111111111111111111111111111111,SOL,0.00203928,2039280,9,1744882885
8VFNwP1JQvanEaajFNZmvzdYpyNumnyvKpxux8si7CTW,BN7CMvRWNa1fVEaoCRNMSdKA8wwrhdj2Wnytv6Ljpump,Kekistan,208146912.449942,208146912449942,6,1744882885
CLRz4CKXDM2QMMDaXXBsocSxbcQJQrMVxhetdsJvyxei,11111111111111111111111111111111,SOL,85.135079098,85135079098,9,1744882885
CLRz4CKXDM2QMMDaXXBsocSxbcQJQrMVxhetdsJvyxei,So11111111111111111111111111111111111111112,WSOL,85.133039818,85133039818,9,1744882885
CdFSbo19FzBS5Z2AmdRQZhknJNuE1A8dECiVFs8Hyfjh,11111111111111111111111111111111,SOL,0.00203928,2039280,9,1744882885
CdFSbo19FzBS5Z2AmdRQZhknJNuE1A8dECiVFs8Hyfjh,BN7CMvRWNa1fVEaoCRNMSdKA8wwrhdj2Wnytv6Ljpump,Kekistan,4709341.60465,4709341604650,6,1744882885
BbpRfzmrBVajCMAUZHEEvxY8Ug1WQrrErkxN3fekFsmD,11111111111111111111111111111111,SOL,0.00235944,2359440,9,1744882885
BHhDGPEZqLP6Et9mCeJBu5ZohadZWBayRtu86fYNUxbc,3n12ZfH7zYcS53gNpR7Lb1fYkzmJ4B55TPqzHHDwpump,MAGA,0.0,0,6,1744882885
BHhDGPEZqLP6Et9mCeJBu5ZohadZWBayRtu86fYNUxbc,11111111111111111111111111111111,SOL,0.00203928,2039280,9,1744882885
G1RmCa3PedZ3NdTdPNyGw1z5oEFE2p4LTx6gBdtHX5Ut,3n12ZfH7zYcS53gNpR7Lb1fYkzmJ4B55TPqzHHDwpump,MAGA,261929373.909821,261929373909821,6,1744882885
G1RmCa3PedZ3NdTdPNyGw1z5oEFE2p4LTx6gBdtHX5Ut,11111111111111111111111111111111,SOL,0.00203928,2039280,9,1744882885
FN8tiwvpFGuHyZPSYgNzQsRkKiRgtTGzRD3DNdwnCSKN,11111111111111111111111111111111,SOL,0.220138586,220138586,9,1744882885
Bn5RYkUwtzJmypXutWPre8c9Vp47vRan6P18hZKXrT3r,11111111111111111111111111111111,SOL,66.111047521,66111047521,9,1744882885
3n12ZfH7zYcS53gNpR7Lb1fYkzmJ4B55TPqzHHDwpump,11111111111111111111111111111111,SOL,0.0014616,1461600,9,1744882885
HSKxYeAYh9BYHtSWiQVJ8BztZm9uvssBJZynfC1qyWah,HzwqbKZw8HxMN6bF2yFZNrht3c2iXXzpKcFu7uBEDKtr,EURC,0.0,0,6,1744882885
HSKxYeAYh9BYHtSWiQVJ8BztZm9uvssBJZynfC1qyWah,11111111111111111111111111111111,SOL,0.00203928,2039280,9,1744882885
6mEmjfJFXgvusacn3QPsr5swUNu3c55VMJfiPz8ovBag,11111111111111111111111111111111,SOL,0.495227656,495227656,9,1744882885
6GnqnFEs4LsFLw9GffNnzSSRejLvNPnP3PZ8yk7rezdS,11111111111111111111111111111111,SOL,0.00203928,2039280,9,1744882885
6GnqnFEs4LsFLw9GffNnzSSRejLvNPnP3PZ8yk7rezdS,EPjFWdd5AufqSSqeM2qN1xzybapC8G4wEGGkZwyTDt1v,USDC,1016.920198,1016920198,6,1744882885
8aq9zUXe37KLtXSaEYt7oq65oNAJiu1my2kRNMRPhTD5,11111111111111111111111111111111,SOL,0.00203928,2039280,9,1744882885
8aq9zUXe37KLtXSaEYt7oq65oNAJiu1my2kRNMRPhTD5,HzwqbKZw8HxMN6bF2yFZNrht3c2iXXzpKcFu7uBEDKtr,EURC,506284.729133,506284729133,6,1744882885
4Mcxjg6QzNsyA7YMvQurhzQNTbtAGxW84xVmeLAWrQ52,11111111111111111111111111111111,SOL,0.002893255,2893255,9,1744882885
4Mcxjg6QzNsyA7YMvQurhzQNTbtAGxW84xVmeLAWrQ52,So11111111111111111111111111111111111111112,WSOL,0.000853975,853975,9,1744882885
2oQ6F4wH1gxxWFsE5w4QoZcz2eBesk3Uo6TfAKPMLxNF,11111111111111111111111111111111,SOL,0.07040736,70407360,9,1744882885
GF3cSwMPe5udk7C6w5Jmwf1r9YVvFiWgNG77wCLwiD7U,11111111111111111111111111111111,SOL,0.00203928,2039280,9,1744882885
GF3cSwMPe5udk7C6w5Jmwf1r9YVvFiWgNG77wCLwiD7U,EPjFWdd5AufqSSqeM2qN1xzybapC8G4wEGGkZwyTDt1v,USDC,46.018564,46018564,6,1744882885
CaohZGaBaLmXyFQ4cLc83wGZTET7Mt9xMtUqR9EGaMHF,11111111111111111111111111111111,SOL,0.07040736,70407360,9,1744882885
HQpDbDRr5qwHDCDyQYaDddnz6LPTMYKtuQ2AQKGESm5R,11111111111111111111111111111111,SOL,0.07143744,71437440,9,1744882885
BXgoXUNapbdpK2ZnSRW4F3PUYPhR8zJkch37PEJUkS8C,11111111111111111111111111111111,SOL,0.00203928,2039280,9,1744882885
BXgoXUNapbdpK2ZnSRW4F3PUYPhR8zJkch37PEJUkS8C,Es9vMFrzaCERmJfrF4H2FYD4KCoNkY11McCe8BenwNYB,USDT,7e-06,7,6,1744882885
6i68TM44UYSawGAS4Bx1vX31Af7QNZaRNBLUbc4r8exB,11111111111111111111111111111111,SOL,0.00203928,2039280,9,1744882885
6i68TM44UYSawGAS4Bx1vX31Af7QNZaRNBLUbc4r8exB,EPjFWdd5AufqSSqeM2qN1xzybapC8G4wEGGkZwyTDt1v,USDC,1635247.866197,1635247866197,6,1744882885
ArisQNcbjXPJD7RgPRvysatX3xcfHPTbcTkfD8kDoZ9i,11111111111111111111111111111111,SOL,0.005485778,5485778,9,1744882885
7qscKXFXCd1WQinZJvSDLsGLTTEwjmd88a871pz2V3Ja,11111111111111111111111111111111,SOL,0.07040736,70407360,9,1744882885
9BjNZYSCZ3ac3XUYVKte4YYtmBGd7ATKfRshTGN99NxQ,11111111111111111111111111111111,SOL,0.0,0,9,1744882885
3HFYxX2r2DGRLDHfTD99Fty3Y8XhE7zBosFoyvRsvrx5,11111111111111111111111111111111,SOL,0.00718272,7182720,9,1744882885
A8H6SuVmnNpMVBgnS7NiKC1rXpdWSMZMgJPzMZqzFkoV,11111111111111111111111111111111,SOL,0.07143744,71437440,9,1744882885
8NRxDjpZS6jifS7JCB46714pbE7Zqa5NnGKoNgZDuMtH,11111111111111111111111111111111,SOL,0.0233856,23385600,9,1744882885
CUmCywT5QVF9Zxq2SvrDNJ2aRjYrqyQv6y9466bWaxxj,11111111111111111111111111111111,SOL,652.348394204,652348394204,9,1744882885
CUmCywT5QVF9Zxq2SvrDNJ2aRjYrqyQv6y9466bWaxxj,So11111111111111111111111111111111111111112,WSOL,652.346354924,652346354924,9,1744882885
GmL6pkheWHKiCkntJVCjEgeV1Hb1RGLZsFL6bR4mMHFf,11111111111111111111111111111111,SOL,0.00203928,2039280,9,1744882885
GmL6pkheWHKiCkntJVCjEgeV1Hb1RGLZsFL6bR4mMHFf,HzwqbKZw8HxMN6bF2yFZNrht3c2iXXzpKcFu7uBEDKtr,EURC,38907.79967,38907799670,6,1744882885
9NcXc1zuqgsvChwPLEniH1WQ8z4DyS6QnbFuQHSpSMNg,11111111111111111111111111111111,SOL,0.07143744,71437440,9,1744882885
HzwqbKZw8HxMN6bF2yFZNrht3c2iXXzpKcFu7uBEDKtr,11111111111111111111111111111111,SOL,0.0034616,3461600,9,1744882885
HUcasdKeLaC1GMYVKpQrSuJSJUAaZxyVe8zY1NoAb7xg,11111111111111111111111111111111,SOL,534.248664777,534248664777,9,1744882885
845yWKspevkXJP3aUrXHsYPJAwmhmeFFzRGA93LC1Yfp,11111111111111111111111111111111,SOL,315.907338184,315907338184,9,1744882885
6AMWTvaL1pscDo5CAaBhPfv7xnSLjJ3ZXScV9yt5Gr5G,So11111111111111111111111111111111111111112,WSOL,0.249257304,249257304,9,1744882885
6AMWTvaL1pscDo5CAaBhPfv7xnSLjJ3ZXScV9yt5Gr5G,11111111111111111111111111111111,SOL,0.251296684,251296684,9,1744882885
5m28svocZGbDWUQbL3G1hAbJNhrzenzct6NbKH8VgmYQ,11111111111111111111111111111111,SOL,2.311212741,2311212741,9,1744882885
63kWhdcuc3N4BT2vgc6dK7G95V25Tus3kuHkEY1RY6fR,11111111111111111111111111111111,SOL,0.00203928,2039280,9,1744882885
63kWhdcuc3N4BT2vgc6dK7G95V25Tus3kuHkEY1RY6fR,6EATy4aqxPqEmfnze9pAo2917tf2P6LGpovkx3hrw1yP,CAT,534172.541885,534172541885,6,1744882885
B1dvu5AQcF5m4S5njXinAuHSB11kj14QiUMXRHSNMbLa,11111111111111111111111111111111,SOL,0.0,0,9,1744882885
CebN5WGQ4jvEPvsVU4EoHEpgzq1VV7AbicfhtW4xC9iM,11111111111111111111111111111111,SOL,11647.365455717,11647365455717,9,1744882885
EuxAxECjPCcjEM3Eckr147oi1FMtWUMwcWTeZ2ENZRdP,11111111111111111111111111111111,SOL,0.0,0,9,1744882885
F3nPpZwUdMHzYMgCfEawDbqAc1BuED7pSXKMFbTA1PHV,11111111111111111111111111111111,SOL,1.222880529,1222880529,9,1744882885
6o8n1MdCUtMvTtc1cxLKuPF8TntfgCZ719GA6XumX1Qg,11111111111111111111111111111111,SOL,0.00203928,2039280,9,1744882885
6o8n1MdCUtMvTtc1cxLKuPF8TntfgCZ719GA6XumX1Qg,J3PCLjNH3FzYcqxQPWyMswnPx4bgiG3hvTHuWWdNpump,Deshawn,0.0,0,6,1744882885
FmcNvAWzffSqMKD1JJyj92NSKPVwjnbBen18xFn8Y1D2,11111111111111111111111111111111,SOL,0.0,0,9,1744882885
HCXaTnCeufUNUwS63B67dKbvfX6cNw49H3H6EWEriTuA,11111111111111111111111111111111,SOL,303.749166878,303749166878,9,1744882885
7XjpQTwpaQbR4x7UHA9PCNmJqdhpd1o91U821msvtSFc,7GCihgDB8fe6KNjn2MYtkzZcRjQy3t9GHdC8uHYmW2hr,POPCAT,2538241.568640844,2538241568640844,9,1744882885
7XjpQTwpaQbR4x7UHA9PCNmJqdhpd1o91U821msvtSFc,11111111111111111111111111111111,SOL,0.00203928,2039280,9,1744882885
VwHcuKvDkMsRCfkAUFQ7xSaWaEYbVRsw5sSab3cAnCJ,11111111111111111111111111111111,SOL,0.07040739,70407390,9,1744882885
ADWDjCY9RnxsiFmBUkQtRfHEyt9SBn5f3ftFKGDqtSS7,11111111111111111111111111111111,SOL,0.07040736,70407360,9,1744882885
AHTTzwf3GmVMJdxWM8v2MSxyjZj8rQR6hyAC3g9477Yj,11111111111111111111111111111111,SOL,0.00545393,5453930,9,1744882885
ATUMydDvNcELzNk9GP1Ky7i2Mgx2t2ej5aNPMhA6F2VH,11111111111111111111111111111111,SOL,1378.027438401,1378027438401,9,1744882885
ATUMydDvNcELzNk9GP1Ky7i2Mgx2t2ej5aNPMhA6F2VH,So11111111111111111111111111111111111111112,WSOL,1378.02537909,1378025379090,9,1744882885
ChcWkmUbWDbBspDjPX6ZXi7Hb9kZ7VTbNUf6nMtWF1YH,11111111111111111111111111111111,SOL,0.00203928,2039280,9,1744882885
ChcWkmUbWDbBspDjPX6ZXi7Hb9kZ7VTbNUf6nMtWF1YH,7GCihgDB8fe6KNjn2MYtkzZcRjQy3t9GHdC8uHYmW2hr,POPCAT,777998.025366758,777998025366758,9,1744882885
Gj6FYDfnpmxWdL9sW3qombes9naaKCvb5ZBGvCfAnaA8,11111111111111111111111111111111,SOL,0.07040736,70407360,9,1744882885
7T9uvDmpdKVzxsWkEQvpnZKnEsaK6LQ7tnDpd6pNJfZH,11111111111111111111111111111111,SOL,0.0,0,9,1744882885
99BCptTj3ZJGTsnoAv8fRrZ4M4tWvK7xA6nXdYZU8prQ,11111111111111111111111111111111,SOL,65.754918371,65754918371,9,1744882885
BkPQYpBFQfNzSwcGpf8YqXjFcJ6LkUPibciaJMecncTF,11111111111111111111111111111111,SOL,0.0,0,9,1744882885
AvAtfi1M6zu2QUsszjEmakQmkr9XBhGSC7CksPMivbtp,11111111111111111111111111111111,SOL,0.00203928,2039280,9,1744882885
AvAtfi1M6zu2QUsszjEmakQmkr9XBhGSC7CksPMivbtp,13TVvChoA7S2qdB7GhP8sDret3aPBetBjvWHtL3Ymeme,TIME,611083.750013,611083750013,6,1744882885
8ctcHN52LY21FEipCjr1MVWtoZa1irJQTPyAaTj72h7S,11111111111111111111111111111111,SOL,0.450311488,450311488,9,1744882885
8ctcHN52LY21FEipCjr1MVWtoZa1irJQTPyAaTj72h7S,So11111111111111111111111111111111111111112,WSOL,0.446271707,446271707,9,1744882885
9sgFsFXqNK26Jtqtav7zNxwr4rUL4H2fEoz7ez6g22qH,11111111111111111111111111111111,SOL,0.07143744,71437440,9,1744882885
52Z3NpHcfCEu5dEsAhnckds8bpLv5ywQc6kvZ37qgZRk,11111111111111111111111111111111,SOL,0.07143744,71437440,9,1744882885
XR3NKVdf8kHo1V3yN6NK2HvEdXwA5UFfqzXQyh8PrtT,BQX1cjcRHXmrqNtoFWwmE5bZj7RPneTmqXB979b2pump,Italianrot,36783575.724149,36783575724149,6,1744882885
XR3NKVdf8kHo1V3yN6NK2HvEdXwA5UFfqzXQyh8PrtT,11111111111111111111111111111111,SOL,0.00203928,2039280,9,1744882885
96HASMdZiPJ7cALiBg6hX6nx7V6oMLbd7ABR56PbTCjm,11111111111111111111111111111111,SOL,0.471631174,471631174,9,1744882885
7Ru3vHubTYAJPdwxxAUGoRtHHdUApKMzANjTCCrSQP43,11111111111111111111111111111111,SOL,0.00203928,2039280,9,1744882885
7Ru3vHubTYAJPdwxxAUGoRtHHdUApKMzANjTCCrSQP43,BQX1cjcRHXmrqNtoFWwmE5bZj7RPneTmqXB979b2pump,Italianrot,0.0,0,6,1744882885
8ewbbSFkNCagZ77o8sxMmtD5gECD7bQu1GaN8jdjoMFF,11111111111111111111111111111111,SOL,0.0,0,9,1744882885
2baC5JL75NosEr2oLJZ14gbNjWDuUq3ui33ZPLZTgCEA,11111111111111111111111111111111,SOL,0.0061248,6124800,9,1744882885
4pcw9woMjX4w2iTvAayViDUmG7zstJYRpc3LzuTm5UKH,11111111111111111111111111111111,SOL,1195.149086042,1195149086042,9,1744882885
4pcw9woMjX4w2iTvAayViDUmG7zstJYRpc3LzuTm5UKH,So11111111111111111111111111111111111111112,WSOL,1195.147046762,1195147046762,9,1744882885
DMkGrw9xsMkSFU3scN4qLsYf2PoDLvmV58gySWxmQYe5,11111111111111111111111111111111,SOL,0.0,0,9,1744882885
5UyEfoHtVj5Zv7Kr441iAcDuT6XJ26w76f6WkGFXLS3R,11111111111111111111111111111111,SOL,0.610381674,610381674,9,1744882885
7gEQ6syDZmyPE4JdfJm4qatawnDqvqdh6i8jJjCXio6h,11111111111111111111111111111111,SOL,2.687773752,2687773752,9,1744882885
JSvtokJbtGsYhneKomFBjnJh4djEQLdHV2kAeS43bBZ,11111111111111111111111111111111,SOL,0.00203958,2039580,9,1744882885
JSvtokJbtGsYhneKomFBjnJh4djEQLdHV2kAeS43bBZ,EPjFWdd5AufqSSqeM2qN1xzybapC8G4wEGGkZwyTDt1v,USDC,71.369679,71369679,6,1744882885
2MFoS3MPtvyQ4Wh4M9pdfPjz6UhVoNbFbGJAskCPCj3h,11111111111111111111111111111111,SOL,0.400062197,400062197,9,1744882885
6KNzhm4YhhNbMJJJqcw3dJ4xNe8PUoHJmX3ACdfi4Juf,11111111111111111111111111111111,SOL,0.00203928,2039280,9,1744882885
6KNzhm4YhhNbMJJJqcw3dJ4xNe8PUoHJmX3ACdfi4Juf,Fiq8K21K62zLFP6q6Wrh7nc4AZJmqoavyTxEX6Bkpump,drawify,110245.069851,110245069851,6,1744882885
A4SbaK3eKbWQsonAupUSaeFYJqWDTrDLvH1SoEh5K2vg,11111111111111111111111111111111,SOL,0.00203928,2039280,9,1744882885
A4SbaK3eKbWQsonAupUSaeFYJqWDTrDLvH1SoEh5K2vg,Es9vMFrzaCERmJfrF4H2FYD4KCoNkY11McCe8BenwNYB,USDT,265262.913918,265262913918,6,1744882885
CA373iPfXMFoB5WokjytCh8J6MfSdsNbmqpteexydA3V,11111111111111111111111111111111,SOL,0.00203928,2039280,9,1744882885
CA373iPfXMFoB5WokjytCh8J6MfSdsNbmqpteexydA3V,Fiq8K21K62zLFP6q6Wrh7nc4AZJmqoavyTxEX6Bkpump,drawify,16171.852585,16171852585,6,1744882885
F3Hej7eXZMWTr141APvCiNM7ZUn22cD9b1p8EcfFH8vn,11111111111111111111111111111111,SOL,0.00203958,2039580,9,1744882885
F3Hej7eXZMWTr141APvCiNM7ZUn22cD9b1p8EcfFH8vn,Es9vMFrzaCERmJfrF4H2FYD4KCoNkY11McCe8BenwNYB,USDT,24.99953,24999530,6,1744882885
H1qQ6Hent1C5wa4Hc3GK2V1sgg4grvDBbmKd5H8dsTmo,11111111111111111111111111111111,SOL,0.493511669,493511669,9,1744882885
H1qQ6Hent1C5wa4Hc3GK2V1sgg4grvDBbmKd5H8dsTmo,So11111111111111111111111111111111111111112,WSOL,0.490972189,490972189,9,1744882885
52ZjrBJDGueUBegcdknHZcwa5bnAiJcAJ65hgymxDdRB,11111111111111111111111111111111,SOL,0.00203928,2039280,9,1744882885
52ZjrBJDGueUBegcdknHZcwa5bnAiJcAJ65hgymxDdRB,EPjFWdd5AufqSSqeM2qN1xzybapC8G4wEGGkZwyTDt1v,USDC,373.870963,373870963,6,1744882885
AHFAv95Z67xnPYuHTf5a9uMEHdXFvbQvwc4EazY3tpt7,11111111111111111111111111111111,SOL,0.00203928,2039280,9,1744882885
AHFAv95Z67xnPYuHTf5a9uMEHdXFvbQvwc4EazY3tpt7,EPjFWdd5AufqSSqeM2qN1xzybapC8G4wEGGkZwyTDt1v,USDC,39462.808727,39462808727,6,1744882885
DbuvwPuLvH8uy2B1sKuu18aCd2QpCvfZdfDtdRZztBd2,11111111111111111111111111111111,SOL,0.0038976,3897600,9,1744882885
DhqdGGgkAnj8AYqh2zbb8JRS3bfZZ8j2JQTQZ739moCk,11111111111111111111111111111111,SOL,0.00203928,2039280,9,1744882885
DhqdGGgkAnj8AYqh2zbb8JRS3bfZZ8j2JQTQZ739moCk,EPjFWdd5AufqSSqeM2qN1xzybapC8G4wEGGkZwyTDt1v,USDC,4690.940756,4690940756,6,1744882885
HZ5JFB1ZoZs6NQLr7bb4MMEXDgty4Vs1ZghoyX35mNnV,11111111111111111111111111111111,SOL,295.728717506,295728717506,9,1744882885
HZ5JFB1ZoZs6NQLr7bb4MMEXDgty4Vs1ZghoyX35mNnV,So11111111111111111111111111111111111111112,WSOL,295.726678225,295726678225,9,1744882885
8xxez7dC4JvXAxov6cJXXzathPXaz8xGWRj18R9yFAtA,11111111111111111111111111111111,SOL,1.61939742,1619397420,9,1744882885
BqN576af8WP7TYydRESCxGaMfab8y1mcbban1uzRxvSn,11111111111111111111111111111111,SOL,0.002047082,2047082,9,1744882885
BqN576af8WP7TYydRESCxGaMfab8y1mcbban1uzRxvSn,Es9vMFrzaCERmJfrF4H2FYD4KCoNkY11McCe8BenwNYB,USDT,13670.2,13670200000,6,1744882885
Fh3nCxxBuiev6pNyBKLinbrSpCTMP2r61TwtsK8zW7HY,11111111111111111111111111111111,SOL,0.00204708,2047080,9,1744882885
Fh3nCxxBuiev6pNyBKLinbrSpCTMP2r61TwtsK8zW7HY,EPjFWdd5AufqSSqeM2qN1xzybapC8G4wEGGkZwyTDt1v,USDC,325444.13814,325444138140,6,1744882885
5qvYC1xZzPVLjhSawkhGJ1gjtsEVqMc9dRJwti1FfgWd,11111111111111111111111111111111,SOL,188.607768562,188607768562,9,1744882885
5qvYC1xZzPVLjhSawkhGJ1gjtsEVqMc9dRJwti1FfgWd,So11111111111111111111111111111111111111112,WSOL,188.605729282,188605729282,9,1744882885
DMHzt7J9Fx2Ueevm6DNcrYJNMwgjpTjMRr6w3gwMRk3e,11111111111111111111111111111111,SOL,0.00203928,2039280,9,1744882885
DMHzt7J9Fx2Ueevm6DNcrYJNMwgjpTjMRr6w3gwMRk3e,Fiq8K21K62zLFP6q6Wrh7nc4AZJmqoavyTxEX6Bkpump,drawify,198566143.668196,198566143668196,6,1744882885
5nmAbnjJfW1skrPvYjLTBNdhoKzJfznnbvDcM8G2U7Ki,11111111111111111111111111111111,SOL,0.0025056,2505600,9,1744882885
DEXYosS6oEGvk8uCDayvwEZz4qEyDJRf9nFgYCaqPMTm,11111111111111111111111111111111,SOL,0.00139896,1398960,9,1744882885
Enc6rB84ZwGxZU8aqAF41dRJxg3yesiJgD7uJFVhMraM,11111111111111111111111111111111,SOL,0.0,0,9,1744882885
Fiq8K21K62zLFP6q6Wrh7nc4AZJmqoavyTxEX6Bkpump,11111111111111111111111111111111,SOL,0.8989616,898961600,9,1744882885
HxLit4BFNwkKgdTbYWTGAVLEsuHadXewV7vT1418Q7QG,11111111111111111111111111111111,SOL,0.00235944,2359440,9,1744882885
FJqJ6sAbkkY39GW6nShjcVeP1hLPZMhHaUjpUsFhAPiw,11111111111111111111111111111111,SOL,49.179563138,49179563138,9,1744882885
9Voe5TQB2gYxuVUTjXCJ3JwXbciDKpC49HkHMtJ2DJME,11111111111111111111111111111111,SOL,0.0,0,9,1744882885
H9LcjF44nESKx2Vb3xf8W8N3jSTzpwVqGaFZ1qrGp8jx,11111111111111111111111111111111,SOL,0.00203928,2039280,9,1744882885
H9LcjF44nESKx2Vb3xf8W8N3jSTzpwVqGaFZ1qrGp8jx,3JHA93ZEz1ezAZKfYei6Z2aLWVqEBiVQgRxkuYZXpump,TimeToTalk,112343457.560365,112343457560365,6,1744882885
Fsa5uw2K8sYJmZhWvKG9YiRPoa454xxHwMg4SLPp8AQq,11111111111111111111111111111111,SOL,1.920857688,1920857688,9,1744882885
GJSC7c5p8R6iSLA5jGU3PBjBMVtc3LGcwYoVC8bhFfnJ,11111111111111111111111111111111,SOL,78.341314253,78341314253,9,1744882885
GJSC7c5p8R6iSLA5jGU3PBjBMVtc3LGcwYoVC8bhFfnJ,So11111111111111111111111111111111111111112,WSOL,78.339274973,78339274973,9,1744882885
GE3EquD3CztztV4vRYrWuFVweuJaQM1hAnKWAvV62A16,11111111111111111111111111111111,SOL,0.00203928,2039280,9,1744882885
GE3EquD3CztztV4vRYrWuFVweuJaQM1hAnKWAvV62A16,BdQR2zt6eJ5vJNWBHbE9wnjc6iDBYyQbfoSwCRX6pump,FUN,0.0,0,6,1744882885
5ovY7FVNyA8Q2MJHqTDtWR4tozQYtXM715drxhuadzPv,11111111111111111111111111111111,SOL,0.00203928,2039280,9,1744882885
5ovY7FVNyA8Q2MJHqTDtWR4tozQYtXM715drxhuadzPv,8T7RjdERSeQNqUhthUgEEUr33g6xdVVxND5YmgjSpump,Kekels,0.0,0,6,1744882885
3NM5Bgr7i1W7Ptcx5dDN6fxJGxGrXnDpESrrhcUuW5ME,11111111111111111111111111111111,SOL,1.308369221,1308369221,9,1744882885
FeYwy6YhnannZbnsd5wXURWNicXEsGcnTHBrkzcDixmm,11111111111111111111111111111111,SOL,7.100882467,7100882467,9,1744882885
8SRCoWHpziZzJvhoJfjE9vTzVSQsE61JaM6H22nm1ThU,11111111111111111111111111111111,SOL,0.00203928,2039280,9,1744882885
8SRCoWHpziZzJvhoJfjE9vTzVSQsE61JaM6H22nm1ThU,6RJ9qGf4oLsYWqcNCApgpiQyJmwQcEeXrTzoJ6JUpump,goldcoin,794663169.958708,794663169958708,6,1744882885
E5HH2U8TE3izthXzLBJ6er1c94ejSTCuL35ykf5U64j9,11111111111111111111111111111111,SOL,0.00203928,2039280,9,1744882885
E5HH2U8TE3izthXzLBJ6er1c94ejSTCuL35ykf5U64j9,6RJ9qGf4oLsYWqcNCApgpiQyJmwQcEeXrTzoJ6JUpump,goldcoin,0.0,0,6,1744882885
6RJ9qGf4oLsYWqcNCApgpiQyJmwQcEeXrTzoJ6JUpump,11111111111111111111111111111111,SOL,0.0014616,1461600,9,1744882885
DrT5UepKEYLrYwiRqhWppj9WGBQEw2ioqvxGEZ2fpRKS,11111111111111111111111111111111,SOL,0.089250509,89250509,9,1744882885
dHQtQ4m9r9L98yNXmVBp2JVboHeJaGYJhZ22rKBndch,11111111111111111111111111111111,SOL,0.07143744,71437440,9,1744882885
2DXoCkvoJV28JvNvW9PHrpDxefqhMzGKj59XJWRghzFi,11111111111111111111111111111111,SOL,0.07040736,70407360,9,1744882885
3wEoJBvwXSR3nLVhtaSrfyJYMBRLFuLmWN4dHghuYH68,11111111111111111111111111111111,SOL,0.00203928,2039280,9,1744882885
3wEoJBvwXSR3nLVhtaSrfyJYMBRLFuLmWN4dHghuYH68,HFw81sUUPBkNF5tKDanV8VCYTfVY4XbrEEPiwzyypump,DUCKAI,118271.94005,118271940050,6,1744882885
4fL8KrHb5tNjKWj3RW3hrEVZ9QzU8wxuZJXzb6DTuZhR,11111111111111111111111111111111,SOL,0.00203928,2039280,9,1744882885
4fL8KrHb5tNjKWj3RW3hrEVZ9QzU8wxuZJXzb6DTuZhR,Es9vMFrzaCERmJfrF4H2FYD4KCoNkY11McCe8BenwNYB,USDT,0.0,0,6,1744882885
4mdQgodP1CZsx6fZEQWesU7BtPpGdYn69gCCGYAEYqUj,11111111111111111111111111111111,SOL,0.00203958,2039580,9,1744882885
4mdQgodP1CZsx6fZEQWesU7BtPpGdYn69gCCGYAEYqUj,Es9vMFrzaCERmJfrF4H2FYD4KCoNkY11McCe8BenwNYB,USDT,3.960687,3960687,6,1744882885
6irKVfjnGnYUGcEFa1fcmfEx5L5VFzcoaaP7vjvS1abF,11111111111111111111111111111111,SOL,0.07143744,71437440,9,1744882885
7qsvwKqCxTYqzmGnZ7wiFfF9JAuT9ZSkqbesjKKoBorB,11111111111111111111111111111111,SOL,0.07040736,70407360,9,1744882885
7x4VcEX8aLd3kFsNWULTp1qFgVtDwyWSxpTGQkoMM6XX,11111111111111111111111111111111,SOL,0.249787731,249787731,9,1744882885
7x4VcEX8aLd3kFsNWULTp1qFgVtDwyWSxpTGQkoMM6XX,So11111111111111111111111111111111111111112,WSOL,0.247748151,247748151,9,1744882885
DPNFSk4kUZ7p2k2MdrQLrhDzdULCRSSj44M8e3c5n9oH,11111111111111111111111111111111,SOL,0.00203928,2039280,9,1744882885
DPNFSk4kUZ7p2k2MdrQLrhDzdULCRSSj44M8e3c5n9oH,27G8MtK7VtTcCHkpASjSDdkWWYfoqT6ggEuKidVJidD4,JLP,9.070246,9070246,6,1744882885
EHv3KERmGv9EinkZAL2NKow6dnbzY1iRLnGABofEmaFz,11111111111111111111111111111111,SOL,0.07040736,70407360,9,1744882885
F5HXfJBgvukaPKQ3NmRNTN3hJd4TuXaC7XwLMGNKWXGj,11111111111111111111111111111111,SOL,0.00203928,2039280,9,1744882885
F5HXfJBgvukaPKQ3NmRNTN3hJd4TuXaC7XwLMGNKWXGj,HFw81sUUPBkNF5tKDanV8VCYTfVY4XbrEEPiwzyypump,DUCKAI,7253.684168,7253684168,6,1744882885
GUfB9FDVMxu9qNwDS6uCsygd2fYXq5994pqPkmS7QYec,11111111111111111111111111111111,SOL,0.07143744,71437440,9,1744882885
J5iUWLs36yDcW3wWuBgtmwMxWU9f1LdacGBzuAB2Nw9J,11111111111111111111111111111111,SOL,0.00203928,2039280,9,1744882885
J5iUWLs36yDcW3wWuBgtmwMxWU9f1LdacGBzuAB2Nw9J,HFw81sUUPBkNF5tKDanV8VCYTfVY4XbrEEPiwzyypump,DUCKAI,4406.264867,4406264867,6,1744882885
6U91aKa8pmMxkJwBCfPTmUEfZi6dHe7DcFq2ALvB2tbB,11111111111111111111111111111111,SOL,2.151576718,2151576718,9,1744882885
HFw81sUUPBkNF5tKDanV8VCYTfVY4XbrEEPiwzyypump,11111111111111111111111111111111,SOL,13.2790616,13279061600,9,1744882885
6a3m2EgFFKfsFuQtP4LJJXPcAe3TQYXNyHUjjZpUxYgd,11111111111111111111111111111111,SOL,0.01015529,10155290,9,1744882885
EQCDoN8WHzYxCRmhxHBSEYCL5muMaZ2HHWbY121fEYsu,11111111111111111111111111111111,SOL,0.00203928,2039280,9,1744882885
EQCDoN8WHzYxCRmhxHBSEYCL5muMaZ2HHWbY121fEYsu,27G8MtK7VtTcCHkpASjSDdkWWYfoqT6ggEuKidVJidD4,JLP,336492.106705,336492106705,6,1744882885
Gg5msGGYPXGt9JpAC5oVdimjWZEXzKpunRDALaJ1Ny1U,11111111111111111111111111111111,SOL,15798.112162428,15798112162428,9,1744882885
Gg5msGGYPXGt9JpAC5oVdimjWZEXzKpunRDALaJ1Ny1U,So11111111111111111111111111111111111111112,WSOL,15798.109673147,15798109673147,9,1744882885
2fcbpYyDgTfT5AxMZjaUaqcumAJB8hipX8nWf93sBxMt,11111111111111111111111111111111,SOL,0.00203968,2039680,9,1744882885
2fcbpYyDgTfT5AxMZjaUaqcumAJB8hipX8nWf93sBxMt,27G8MtK7VtTcCHkpASjSDdkWWYfoqT6ggEuKidVJidD4,JLP,6338.595807,6338595807,6,1744882885
9mVBHAwYHeK9fBuN5kxCPad2rut7915meko3csaq4rWs,11111111111111111111111111111111,SOL,0.0233857,23385700,9,1744882885
C1e2EkjmKBqx8LPYr2Moyjyvba4Kxkrkrcy5KuTEYKRH,11111111111111111111111111111111,SOL,0.00719062,7190620,9,1744882885
Cdag6THfYEHgDpyAZhryydxNnkL8k7xTh51nVi7XNduD,11111111111111111111111111111111,SOL,0.00203968,2039680,9,1744882885
Cdag6THfYEHgDpyAZhryydxNnkL8k7xTh51nVi7XNduD,Es9vMFrzaCERmJfrF4H2FYD4KCoNkY11McCe8BenwNYB,USDT,7638.089457,7638089457,6,1744882885
v4dUs818VDjwjZHg4KJtxjqrtj3Wr2ygpHB7o24xe9E,11111111111111111111111111111111,SOL,0.00203928,2039280,9,1744882885
v4dUs818VDjwjZHg4KJtxjqrtj3Wr2ygpHB7o24xe9E,HFw81sUUPBkNF5tKDanV8VCYTfVY4XbrEEPiwzyypump,DUCKAI,43763617.425423,43763617425423,6,1744882885
98upGNneV2zf4TQ6xmeVkQFDYE43HkeCPPTwTvV12JYn,11111111111111111111111111111111,SOL,893.798177079,893798177079,9,1744882885
98upGNneV2zf4TQ6xmeVkQFDYE43HkeCPPTwTvV12JYn,So11111111111111111111111111111111111111112,WSOL,893.796137798,893796137798,9,1744882885
DMxAbQm2a5XXF4JMjmN1RTyx5o8yGGHScBkjo6AkEbVq,11111111111111111111111111111111,SOL,0.0061248,6124800,9,1744882885
4zKPdJqfhFW9FRPbUd3iuZmX4jHi2Lwsqbvh86B5AYEK,11111111111111111111111111111111,SOL,0.0,0,9,1744882885
7BipTb8pQh7xbjioxjzdCGDMV1AJspjnjMXq1e5HjvZN,11111111111111111111111111111111,SOL,2.240953561,2240953561,9,1744882885
24z9qQtPLFNYNLu3xUCVf17VmaHxv8zxcfLx9cZjiekV,11111111111111111111111111111111,SOL,0.00203928,2039280,9,1744882885
24z9qQtPLFNYNLu3xUCVf17VmaHxv8zxcfLx9cZjiekV,EPjFWdd5AufqSSqeM2qN1xzybapC8G4wEGGkZwyTDt1v,USDC,2020.767977,2020767977,6,1744882885
8a4j2i74fuPyDH4nKH9jHYbY2T9aTVgkMdk2niap5xfq,11111111111111111111111111111111,SOL,0.00105792,1057920,9,1744882885
9XRNon2NbzYtRdzTMpNntMdnNh3sEQZQseFkApz17jRD,11111111111111111111111111111111,SOL,0.00203928,2039280,9,1744882885
9XRNon2NbzYtRdzTMpNntMdnNh3sEQZQseFkApz17jRD,6p6xgHyF7AeE6TZkSmFsko444wqoP15icUSqi2jfGiPN,TRUMP,0.011037,11037,6,1744882885
BdJ76QwcqTxwyaXPX3EzueM4kcQGUqyENtv3MXJf6r2o,11111111111111111111111111111111,SOL,0.07143744,71437440,9,1744882885
GbV9jDeB8BSNAbi4VYw8ZvVvACBNjTR1GhsqjSsA1oNA,11111111111111111111111111111111,SOL,0.07143744,71437440,9,1744882885
EfRZ9kCLUj6nKzoEN7EZEKCxYpkbskonevsxbSrpCtqa,11111111111111111111111111111111,SOL,0.07143744,71437440,9,1744882885
FeecJF4qteQcxMe44L7fa9AM9eaqLwf4TsmPkioQUqDE,11111111111111111111111111111111,SOL,0.610245418,610245418,9,1744882885
FdV5wFWNvKMHacrNBR3vmokUgs1HbW3AWCfHTyHsQAx9,11111111111111111111111111111111,SOL,0.0,0,9,1744882885
MEVbwoHUDJNcxZHFFg4XsyuQmBUeXEHFLNqXH635Sgi,11111111111111111111111111111111,SOL,0.00114144,1141440,9,1744882885
3AbG3ZA19fJKjTSTMTCz7j2bodPagXog4PwTBi8H7UA4,11111111111111111111111111111111,SOL,0.022426783,22426783,9,1744882885
HrYQMvm9ZSmnuQL1QKBqW3rzghikpVFgfD1ZHYw22JLo,11111111111111111111111111111111,SOL,0.00203928,2039280,9,1744882885
HrYQMvm9ZSmnuQL1QKBqW3rzghikpVFgfD1ZHYw22JLo,6p6xgHyF7AeE6TZkSmFsko444wqoP15icUSqi2jfGiPN,TRUMP,14402.194355,14402194355,6,1744882885
AHRTN52eBDEjMgJuLaTBUU6MkT5i9i6KMdGop8Fi7hkG,11111111111111111111111111111111,SOL,0.00203928,2039280,9,1744882885
AHRTN52eBDEjMgJuLaTBUU6MkT5i9i6KMdGop8Fi7hkG,EPjFWdd5AufqSSqeM2qN1xzybapC8G4wEGGkZwyTDt1v,USDC,416306.968393,416306968393,6,1744882885
9d9mb8kooFfaD3SctgZtkxQypkshx6ezhbKio89ixyy2,11111111111111111111111111111111,SOL,0.17753099,177530990,9,1744882885
AK93dERw7MJsGFBUPfV1bkXzDviJZM1K6vg2yGDugk7L,11111111111111111111111111111111,SOL,0.00203928,2039280,9,1744882885
AK93dERw7MJsGFBUPfV1bkXzDviJZM1K6vg2yGDugk7L,6p6xgHyF7AeE6TZkSmFsko444wqoP15icUSqi2jfGiPN,TRUMP,15859329.596161,15859329596161,6,1744882885
81BadRGfaHFpAmuXpJ65k8tYtUWsZ54EFSmsVo1rbDTV,11111111111111111111111111111111,SOL,0.00203928,2039280,9,1744882885
81BadRGfaHFpAmuXpJ65k8tYtUWsZ54EFSmsVo1rbDTV,EPjFWdd5AufqSSqeM2qN1xzybapC8G4wEGGkZwyTDt1v,USDC,201669662.539603,201669662539603,6,1744882885
6zpxLXnQxqJFpfyjUasgYKSK2w5KxSHjEDfbYWfXLoFF,11111111111111111111111111111111,SOL,0.0233856,23385600,9,1744882885
6p6xgHyF7AeE6TZkSmFsko444wqoP15icUSqi2jfGiPN,11111111111111111111111111111111,SOL,1343.402410452,1343402410452,9,1744882885
DSmp2H8hp8eAB27TqRNgKGARD1t5MNrjvXur9UGNYb3B,11111111111111111111111111111111,SOL,0.397722678,397722678,9,1744882885
3UQUKjhMKaY2S6bjcQD6yHB7utcZt5bfarRCmctpRtUd,11111111111111111111111111111111,SOL,21.262007312,21262007312,9,1744882885
4ShRqC2n3PURN7EiqmB8X4WLR81pQPvGLTPjL9X8SNQp,11111111111111111111111111111111,SOL,0.02335776,23357760,9,1744882885
5txxTo3cBYytAo97Ca9hCT3zJCxv9knHXqNP9W2xEJkN,11111111111111111111111111111111,SOL,0.45710496,457104960,9,1744882885
92R9ZDC7buk2gQ8kHVynnSAxKjHYGUippr9QUdZ759iF,11111111111111111111111111111111,SOL,0.00359136,3591360,9,1744882885
9FA9apLaRe1u5RHAT7b5arT6gHESFUadKLh2e7LfnUCT,11111111111111111111111111111111,SOL,35.668019303,35668019303,9,1744882885
9FA9apLaRe1u5RHAT7b5arT6gHESFUadKLh2e7LfnUCT,So11111111111111111111111111111111111111112,WSOL,35.665980023,35665980023,9,1744882885
Cg5SE2g3WRvXN2RfGoy1DwZxqeS96EVWT7L2aCisJv44,11111111111111111111111111111111,SOL,0.45710496,457104960,9,1744882885
DRJdNZ8b8CHrq3xwTSofbhmbXFneZTQrPTgFGddJ6cDf,11111111111111111111111111111111,SOL,0.053031281,53031281,9,1744882885
DRJdNZ8b8CHrq3xwTSofbhmbXFneZTQrPTgFGddJ6cDf,So11111111111111111111111111111111111111112,WSOL,0.050992001,50992001,9,1744882885
De1kTifghhoa4DNfSpB9J5QXe7AjhUfjh4ZVf33gMYrU,11111111111111111111111111111111,SOL,0.00203928,2039280,9,1744882885
De1kTifghhoa4DNfSpB9J5QXe7AjhUfjh4ZVf33gMYrU,7GCihgDB8fe6KNjn2MYtkzZcRjQy3t9GHdC8uHYmW2hr,POPCAT,13927.19075675,13927190756750,9,1744882885
EBvGGuPyK4oxKpax2MNASQsRWfGoVJh4t1JJw8fuVcy3,11111111111111111111111111111111,SOL,0.00203928,2039280,9,1744882885
EBvGGuPyK4oxKpax2MNASQsRWfGoVJh4t1JJw8fuVcy3,7GCihgDB8fe6KNjn2MYtkzZcRjQy3t9GHdC8uHYmW2hr,POPCAT,10.0,10000000000,9,1744882885
HJUAR8MELHWJTsz72mbEpxcre83YBx61h2hsqKgvG59R,11111111111111111111111111111111,SOL,1.82549664,1825496640,9,1744882885
5tAB5F4nRBkbvaW2oB3JKk6dhgpQEdsNp7vnZA4bmSEP,11111111111111111111111111111111,SOL,0.00114144,1141440,9,1744882885
8Ym59BRuBt44GnhkQyYQPssGfY3kX4kFaHSs33PwMXbB,11111111111111111111111111111111,SOL,0.0,0,9,1744882885
Fee4ubrc66yyfME8ckBkSxJ5JT6WzWbZaTPJm5EeFJ7Z,11111111111111111111111111111111,SOL,0.669752207,669752207,9,1744882885
5sk6h1Jxocgw9TLf7W1X9yPNstUuZWKMTz6gVNYmVCC,11111111111111111111111111111111,SOL,0.07216128,72161280,9,1744882885
3MsJXVvievxAbsMsaT6TS4i6oMitD9jazucuq3X234tC,11111111111111111111111111111111,SOL,0.03209276,32092760,9,1744882885
6P4tvbzRY6Bh3MiWDHuLqyHywovsRwRpfskPvyeSoHsz,11111111111111111111111111111111,SOL,11384.003314064,11384003314064,9,1744882885
6P4tvbzRY6Bh3MiWDHuLqyHywovsRwRpfskPvyeSoHsz,So11111111111111111111111111111111111111112,WSOL,11383.986439583,11383986439583,9,1744882885
6mK4Pxs6GhwnessH7CvPivqDYauiHZmAdbEFDpXFk9zt,11111111111111111111111111111111,SOL,0.00203948,2039480,9,1744882885
6mK4Pxs6GhwnessH7CvPivqDYauiHZmAdbEFDpXFk9zt,EPjFWdd5AufqSSqeM2qN1xzybapC8G4wEGGkZwyTDt1v,USDC,253225.518191,253225518191,6,1744882885
875MyKDm8D5dE9ZxCG2oYvQdEwF4jmjbhYa22DJiHHjf,11111111111111111111111111111111,SOL,0.07216128,72161280,9,1744882885
8VYWdU14V78rcDepwmNt54bb1aam5qVUMUpEtW8oCn1E,11111111111111111111111111111111,SOL,0.00204938,2049380,9,1744882885
8VYWdU14V78rcDepwmNt54bb1aam5qVUMUpEtW8oCn1E,EPjFWdd5AufqSSqeM2qN1xzybapC8G4wEGGkZwyTDt1v,USDC,12515094.15994,12515094159940,6,1744882885
8sLbNZoA1cfnvMJLPfp98ZLAnFSYCFApfJKMbiXNLwxj,11111111111111111111111111111111,SOL,10.937574603,10937574603,9,1744882885
DoPuiZfJu7sypqwR4eiU7C5TMcmmiFoU4HaF5SoD8mRy,11111111111111111111111111111111,SOL,0.0136417,13641700,9,1744882885
FZCciwgSHvkv15MW7wuB8Z9VG4qrKt9Q6LDXcxK7WAzC,11111111111111111111111111111111,SOL,0.07216128,72161280,9,1744882885
CAVvfNWWPK3E3omyEDkvh55B9YeYAoydiJpagMY7M6KX,4k3Dyjzvzp8eMZWUXbBCjEvwSkkk59S5iCNLY3QrkX6R,RAY,277.461355,277461355,6,1744882885
CAVvfNWWPK3E3omyEDkvh55B9YeYAoydiJpagMY7M6KX,11111111111111111111111111111111,SOL,0.00203928,2039280,9,1744882885
projjosVCPQH49d5em7VYS7fJZzaqKixqKtus7yk416,11111111111111111111111111111111,SOL,3.287374819,3287374819,9,1744882885
J2qVJJK9CeCVSMQtbUwi8KJiMZfETZUHSawM3E4AgJpS,11111111111111111111111111111111,SOL,0.00203928,2039280,9,1744882885
J2qVJJK9CeCVSMQtbUwi8KJiMZfETZUHSawM3E4AgJpS,EPjFWdd5AufqSSqeM2qN1xzybapC8G4wEGGkZwyTDt1v,USDC,0.0,0,6,1744882885
8awFmuH8YGXpm4geYYRcqDsLiqrzPUnJrNCDi8rfmFPg,11111111111111111111111111111111,SOL,0.084879719,84879719,9,1744882885
8awFmuH8YGXpm4geYYRcqDsLiqrzPUnJrNCDi8rfmFPg,So11111111111111111111111111111111111111112,WSOL,0.082840439,82840439,9,1744882885
HfERMT5DRA6C1TAqecrJQFpmkf3wsWTMncqnj3RDg5aw,11111111111111111111111111111111,SOL,0.0017052,1705200,9,1744882885
2QdhepnKRTLjjSqPL1PtKNwqrUkoLee5Gqs8bvZhRdMv,11111111111111111111111111111111,SOL,0.013544904,13544904,9,1744882885
4d35yC7C8zhCDec7JbPptL9SEb4NUddKHxURgmvD8hfo,11111111111111111111111111111111,SOL,0.00203938,2039380,9,1744882885
4d35yC7C8zhCDec7JbPptL9SEb4NUddKHxURgmvD8hfo,EPjFWdd5AufqSSqeM2qN1xzybapC8G4wEGGkZwyTDt1v,USDC,256618.200706,256618200706,6,1744882885
E2BcoCeJLTa27mAXDA4xwEq3pBUcyH6XXEHYk4KvKYTv,11111111111111111111111111111111,SOL,1718.528711281,1718528711281,9,1744882885
E2BcoCeJLTa27mAXDA4xwEq3pBUcyH6XXEHYk4KvKYTv,So11111111111111111111111111111111111111112,WSOL,1718.5166719,1718516671900,9,1744882885
4fEjbMXTet3w8qhScPmT6X79ypagRydKLHPqcGsrhcmP,11111111111111111111111111111111,SOL,0.03229266,32292660,9,1744882885
9z9VTNvaTpJuwjn4LSnjHwZgUR9iGuy59BwXTNbxRF6s,11111111111111111111111111111111,SOL,0.0136417,13641700,9,1744882885
3oFwxfnruarKtfjREgULhoCEDbuNsuzx24vidJNd8vCK,11111111111111111111111111111111,SOL,0.07216138,72161380,9,1744882885
6yCJBkKyvc79xspMPMNCvNUaPta3QJGUNedRnnm1MTTr,11111111111111111111111111111111,SOL,0.07216128,72161280,9,1744882885
7xReUpbksgoGgucTKMTRHjGgTeReCb2itLVZDSktJYdn,11111111111111111111111111111111,SOL,0.07216128,72161280,9,1744882885
4k3Dyjzvzp8eMZWUXbBCjEvwSkkk59S5iCNLY3QrkX6R,11111111111111111111111111111111,SOL,345.276100373,345276100373,9,1744882885
2AXXcN6oN9bBT5owwmTH53C7QHUXvhLeu718Kqt8rvY2,11111111111111111111111111111111,SOL,0.219509563,219509563,9,1744882885
9Jgp8NpqEDFd5d3RQPfuRY7gMgRFByTNFmi68Ph1yvVb,11111111111111111111111111111111,SOL,14513.017103213,14513017103213,9,1744882885
9Jgp8NpqEDFd5d3RQPfuRY7gMgRFByTNFmi68Ph1yvVb,So11111111111111111111111111111111111111112,WSOL,14513.007548933,14513007548933,9,1744882885
Be1CFyoPAr8aBGxpvCPD2LD21hdz2vjYNq8EcypnmgGD,11111111111111111111111111111111,SOL,0.00203928,2039280,9,1744882885
Be1CFyoPAr8aBGxpvCPD2LD21hdz2vjYNq8EcypnmgGD,4k3Dyjzvzp8eMZWUXbBCjEvwSkkk59S5iCNLY3QrkX6R,RAY,794120.248519,794120248519,6,1744882885
DCURDhS5do6w9EytNmFxUNp3kYqXxfkv61Gs7FtLcH5a,11111111111111111111111111111111,SOL,0.03209256,32092560,9,1744882885
7mJwQZo15Q8nVS42WsdUbeqTDHUcLtGPg3j9p3fqNQcX,11111111111111111111111111111111,SOL,0.0156416,15641600,9,1744882885
83X2CtntvKWQ1L7CQYh7Dg6eYcm1Jm8rYgNpjHXBgd9U,11111111111111111111111111111111,SOL,0.07216128,72161280,9,1744882885
GWq12s9Hb3viVbykSPXJj5C3eFBuzzzjodGcsrnKSXQh,11111111111111111111111111111111,SOL,0.07216128,72161280,9,1744882885
FYRLJXa5zG6xz7tWsPdarSJuqaRTF1Vf1RxLuobaDmUs,11111111111111111111111111111111,SOL,0.07216128,72161280,9,1744882885
routeUGWgWzqBWFcrCfv8tritsqukccJPu3q5GPP3xS,11111111111111111111111111111111,SOL,0.00114144,1141440,9,1744882885
2HQa6tjCMzeV8uGG6BUf4jAzhHjQssJMZAn9U5aJbXXd,11111111111111111111111111111111,SOL,0.07216128,72161280,9,1744882885
38w3hZq69BZZ8G5v5hM9JUHXzBQB24HvBZg8Gz85YQH1,11111111111111111111111111111111,SOL,0.07216128,72161280,9,1744882885
3Y695CuQ8AP4anbwAqiEBeQF9KxqHFr8piEwvw3UePnQ,11111111111111111111111111111111,SOL,0.03209256,32092560,9,1744882885
3ucNos4NbumPLZNWztqGHNFFgkHeRMBQAVemeeomsUxv,11111111111111111111111111111111,SOL,1.207533639,1207533639,9,1744882885
4NFvUKqknMpoe6CWTzK758B8ojVLzURL5pC6MtiaJ8TQ,11111111111111111111111111111111,SOL,0.0136416,13641600,9,1744882885
4ct7br2vTPzfdmY3S5HLtTxcGSBfn6pnw98hsS6v359A,11111111111111111111111111111111,SOL,33721.428081013,33721428081013,9,1744882885
4ct7br2vTPzfdmY3S5HLtTxcGSBfn6pnw98hsS6v359A,So11111111111111111111111111111111111111112,WSOL,33721.325339732,33721325339732,9,1744882885
5it83u57VRrVgc51oNV19TTmAJuffPx5GtGwQr7gQNUo,11111111111111111111111111111111,SOL,0.00203928,2039280,9,1744882885
5it83u57VRrVgc51oNV19TTmAJuffPx5GtGwQr7gQNUo,EPjFWdd5AufqSSqeM2qN1xzybapC8G4wEGGkZwyTDt1v,USDC,4786378.262352,4786378262352,6,1744882885
J99LrLSvvvina6RWTcPu88ZN7MdcaV8WD91WL4i3dQHU,11111111111111111111111111111111,SOL,0.07216128,72161280,9,1744882885
3h2e43PunVA5K34vwKCLHWhZF4aZpyaC9RmxvshGAQpL,11111111111111111111111111111111,SOL,0.0017052,1705200,9,1744882885
Hs7iGFYpeuPhZGxGpYRfGkUW2m7wWkAGmw9xA9bc1tHi,11111111111111111111111111111111,SOL,25.962494891,25962494891,9,1744882885
6T5kjAEURp7jsEfX6NdQVczDseUgMFHtK349Agouwotq,11111111111111111111111111111111,SOL,21.151445616,21151445616,9,1744882885
BTqD5JG2eLZRbjE1jxru3oa72LTNUcW4TMaoMmUrdPMG,11111111111111111111111111111111,SOL,0.00203928,2039280,9,1744882885
BTqD5JG2eLZRbjE1jxru3oa72LTNUcW4TMaoMmUrdPMG,GptJXCaKXxuaPTpLRBZ6v9h3dkirgYv8thvzW7Utpump,ASSET,0.0,0,6,1744882885
B9Gdh9zrWYDotPTHtWqcKc4zeVfEnjEb6kTEhsc1Kqv,11111111111111111111111111111111,SOL,0.00203928,2039280,9,1744882885
B9Gdh9zrWYDotPTHtWqcKc4zeVfEnjEb6kTEhsc1Kqv,GptJXCaKXxuaPTpLRBZ6v9h3dkirgYv8thvzW7Utpump,ASSET,69901086.762439,69901086762439,6,1744882885
BhiJpz1aae4GdXB4ue8jVt5V2SyJypSoR7dyG3KaxFay,11111111111111111111111111111111,SOL,310.348205353,310348205353,9,1744882885
BhiJpz1aae4GdXB4ue8jVt5V2SyJypSoR7dyG3KaxFay,So11111111111111111111111111111111111111112,WSOL,310.346166073,310346166073,9,1744882885
AGn8ydRWzNu7j3ZkD9Z6Ac3CVVtWQLva4uSw4GMN9CbH,11111111111111111111111111111111,SOL,0.00718272,7182720,9,1744882885
G9SN3nzeVT9H2GsNYd22MesaMzBVPAV4B3S42NU3X7Vi,11111111111111111111111111111111,SOL,0.00203928,2039280,9,1744882885
G9SN3nzeVT9H2GsNYd22MesaMzBVPAV4B3S42NU3X7Vi,GptJXCaKXxuaPTpLRBZ6v9h3dkirgYv8thvzW7Utpump,ASSET,376705.929689,376705929689,6,1744882885
Ft5xqotWhQfVEctH37RbfTAd5VwTzJednCW2kAHreYxn,11111111111111111111111111111111,SOL,10.597423191,10597423191,9,1744882885
Ft5xqotWhQfVEctH37RbfTAd5VwTzJednCW2kAHreYxn,So11111111111111111111111111111111111111112,WSOL,10.595383911,10595383911,9,1744882885
2rHMhhczcN7ahHeXHRFeA5zTGU4vBSHkEKE8LTigtjKZ,11111111111111111111111111111111,SOL,0.0233856,23385600,9,1744882885
BnAiNH3mGZpUHSMm1eFMyVR12ZdkepEMsiGW14Fie4E,11111111111111111111111111111111,SOL,0.07143744,71437440,9,1744882885
3MfkfNhEr7ccNx3Nbvdc9UZFKYsNcmbLq3ginXjZkH4i,11111111111111111111111111111111,SOL,0.07143744,71437440,9,1744882885
5aSNdLmSFbXuTa1cdiz6gULXgnVRLV6MsU6WPAuhJqeV,11111111111111111111111111111111,SOL,0.07143744,71437440,9,1744882885
GptJXCaKXxuaPTpLRBZ6v9h3dkirgYv8thvzW7Utpump,11111111111111111111111111111111,SOL,0.017427662,17427662,9,1744882885
8bQTf4BjHjBVRtg7GcoVu9ZpfdJrYfvjbt8it4qMqa8N,11111111111111111111111111111111,SOL,0.00235944,2359440,9,1744882885
A3tPzGehth6Zxzt5jZRToeAisHagoUNVBTdWHbmWEjPi,11111111111111111111111111111111,SOL,0.00203928,2039280,9,1744882885
A3tPzGehth6Zxzt5jZRToeAisHagoUNVBTdWHbmWEjPi,5HV956n7UQT1XdJzv43fHPocest5YAmi9ipsuiJx7zt7,memecoin,0.0,0,6,1744882885
Dj3BK2Xq2H8766aQcSAEwM8FypQr4d9SUh2SoQjvikBh,11111111111111111111111111111111,SOL,0.00203928,2039280,9,1744882885
Dj3BK2Xq2H8766aQcSAEwM8FypQr4d9SUh2SoQjvikBh,B91Nyc6SnWqr5DRR34eEMKuZrWh4zBhW9VhX4UNLpump,jockey,0.0,0,6,1744882885
CzGrrwpgGsE8UgEmg3PPgzid8W1Uhc4fjuiHGoYv1PoQ,11111111111111111111111111111111,SOL,0.00203928,2039280,9,1744882885
CzGrrwpgGsE8UgEmg3PPgzid8W1Uhc4fjuiHGoYv1PoQ,B91Nyc6SnWqr5DRR34eEMKuZrWh4zBhW9VhX4UNLpump,jockey,69316404.904788,69316404904788,6,1744882885
EtN1DZJCbSTLcPfWLoPvtfFYokueAMcNvAp1m71wczTV,11111111111111111111111111111111,SOL,777.122073582,777122073582,9,1744882885
EtN1DZJCbSTLcPfWLoPvtfFYokueAMcNvAp1m71wczTV,So11111111111111111111111111111111111111112,WSOL,777.120034302,777120034302,9,1744882885
FR6Re2TX82pw64UAB9hxGi5Yq2ksZWLXGBjJ2Cw21x26,11111111111111111111111111111111,SOL,0.00718272,7182720,9,1744882885
FCsw3sEmHoTj3VSUF6FtEh3FearLmnYCCfH8xPSFNwVJ,11111111111111111111111111111111,SOL,0.00203928,2039280,9,1744882885
FCsw3sEmHoTj3VSUF6FtEh3FearLmnYCCfH8xPSFNwVJ,B91Nyc6SnWqr5DRR34eEMKuZrWh4zBhW9VhX4UNLpump,jockey,4923036.507732,4923036507732,6,1744882885
2KyYWm7MXTU1x5rqeia7ji7tSemcBsS7J17Z9SyXoNHw,11111111111111111111111111111111,SOL,72.825602448,72825602448,9,1744882885
2KyYWm7MXTU1x5rqeia7ji7tSemcBsS7J17Z9SyXoNHw,So11111111111111111111111111111111111111112,WSOL,72.823563168,72823563168,9,1744882885
AQmvtysdks5AJjSWfVMZXyENwz8nEzhGRBMg4tdWrBmp,11111111111111111111111111111111,SOL,0.0233856,23385600,9,1744882885
kfd42iaxe2aJWJ7bZJbARoSMh3L8VzxPJ4AVPAdJx6S,11111111111111111111111111111111,SOL,0.07143744,71437440,9,1744882885
4LqbPmPsF1nDVgCsxaPFiT6wE5HrnP7NjuxNyXj3yLTx,11111111111111111111111111111111,SOL,0.00918272,9182720,9,1744882885
AZEktxKC4qeAkKf8cNi1zySAUWqG8XFfWcrpduNg1aKb,11111111111111111111111111111111,SOL,0.00203928,2039280,9,1744882885
AZEktxKC4qeAkKf8cNi1zySAUWqG8XFfWcrpduNg1aKb,4TBi66vi32S7J8X1A6eWfaLHYmUXu7CStcEmsJQdpump,Ghibli,3389274.046798,3389274046798,6,1744882885
DENAEkq4D99UpqRbQv4uK3rR4SM9xpsQFYfo9Joj8tLv,11111111111111111111111111111111,SOL,278.941246011,278941246011,9,1744882885
DENAEkq4D99UpqRbQv4uK3rR4SM9xpsQFYfo9Joj8tLv,So11111111111111111111111111111111111111112,WSOL,278.939206731,278939206731,9,1744882885
65nuMqmPmhjR4jZWRj2XBNfRosBCYoyufRhFYytRF2PF,11111111111111111111111111111111,SOL,0.0233856,23385600,9,1744882885
FsfMoRZDbkErenhjceJju6HRHcpqZHSqVj1r7cJa39RD,11111111111111111111111111111111,SOL,0.07143744,71437440,9,1744882885
8vm7QLuXxmCp7ZGBKjSaGXSF98khAsa7FCNf7788pNLZ,11111111111111111111111111111111,SOL,0.07143744,71437440,9,1744882885
B91Nyc6SnWqr5DRR34eEMKuZrWh4zBhW9VhX4UNLpump,11111111111111111111111111111111,SOL,3.801748296,3801748296,9,1744882885
FYkuC1aeHV5ZiaUh6wF7zuuvc3B5heHzwuerXLWwMU88,11111111111111111111111111111111,SOL,0.00335944,3359440,9,1744882885
ob2htHLoCu2P6tX7RrNVtiG1mYTas8NGJEVLaFEUngk,11111111111111111111111111111111,SOL,8.44728878,8447288780,9,1744882885
N4rgh8Gj4gqsBmMQpUGbXr4WfwYWhVKu6VQ8qapXcw8,11111111111111111111111111111111,SOL,0.0015,1500000,9,1744882885
CjPxkS9zTxZYjf5N3VeQncwr3MjcBkGyuuLEmzVdsRUf,11111111111111111111111111111111,SOL,0.00122496,1224960,9,1744882885
opnb2LAfJYbRMAHHvqjCwQxanZn7ReEHp1k81EohpZb,11111111111111111111111111111111,SOL,0.00114144,1141440,9,1744882885
Gvxu1UiqNZXqs7Arsj7j4aYaEKwCjo6zVhKv6b7QZNB6,11111111111111111111111111111111,SOL,0.0,0,9,1744882885
A8SXa4nzkXnkaazuRmeBpo9jnBvMSxaAfxKQ1L6z8Z9X,11111111111111111111111111111111,SOL,0.00968832,9688320,9,1744882885
CYwvrMNTYzS9bXftriexXmcgRavXfNo8octro6Yjzv7h,11111111111111111111111111111111,SOL,0.00203928,2039280,9,1744882885
CYwvrMNTYzS9bXftriexXmcgRavXfNo8octro6Yjzv7h,EPjFWdd5AufqSSqeM2qN1xzybapC8G4wEGGkZwyTDt1v,USDC,0.013836,13836,6,1744882885
5HWRLnT2wetgHCFxjerXAZj2gYH5ZYDBB3EJkPk6gX3r,11111111111111111111111111111111,SOL,0.00203928,2039280,9,1744882885
5HWRLnT2wetgHCFxjerXAZj2gYH5ZYDBB3EJkPk6gX3r,DBRiDgJAMsM95moTzJs7M9LnkGErpbv9v6CUR1DXnUu5,DBR,3371565.0,3371565000000,6,1744882885
BRGrS5PPMb2wSbuUMZzwMewaB97a7kF8HnHAFTLtw3qf,11111111111111111111111111111111,SOL,0.00679296,6792960,9,1744882885
7bcoW3zsuAZNFSCY7jVTy7dKwGUpv3KxpFHkuUpcvXxJ,11111111111111111111111111111111,SOL,0.633917,633917000,9,1744882885
5uCz8fT4MRDjDQkyToFPmJFYhmD8rq2CL3WHB4J5FRiN,11111111111111111111111111111111,SOL,0.633917,633917000,9,1744882885
GxEaTgaXhQkHwProNN2yyewQtK8zqypLHfrHBPEaqdCK,11111111111111111111111111111111,SOL,0.63625556,636255560,9,1744882885
GdkVxnTUxaMNpFiDjeaqxp5WeuhT6KuDk4nG4yQ8pasL,11111111111111111111111111111111,SOL,0.00203928,2039280,9,1744882885
GdkVxnTUxaMNpFiDjeaqxp5WeuhT6KuDk4nG4yQ8pasL,EPjFWdd5AufqSSqeM2qN1xzybapC8G4wEGGkZwyTDt1v,USDC,19246.318929,19246318929,6,1744882885
6XC3nM986nm2C8Z6Hm9W3RJUc8gfjcCWENAbVyGDmgjG,11111111111111111111111111111111,SOL,0.00203928,2039280,9,1744882885
6XC3nM986nm2C8Z6Hm9W3RJUc8gfjcCWENAbVyGDmgjG,DBRiDgJAMsM95moTzJs7M9LnkGErpbv9v6CUR1DXnUu5,DBR,4915918.0,4915918000000,6,1744882885
3bWPj5eepJm8CxUzk5MMFMN2CFJkntxKvbmy4zwwtpJd,11111111111111111111111111111111,SOL,0.00203948,2039480,9,1744882885
3bWPj5eepJm8CxUzk5MMFMN2CFJkntxKvbmy4zwwtpJd,EPjFWdd5AufqSSqeM2qN1xzybapC8G4wEGGkZwyTDt1v,USDC,910424.122228,910424122228,6,1744882885
72jQFwjd14BEhyDfdQsH7D2hS5dN1H6bzsikjkyHyx2D,11111111111111111111111111111111,SOL,0.0136418,13641800,9,1744882885
9zEeukrJjKyZCp1o31BEANPesu9JfrxxtprSqbqeqXMT,11111111111111111111111111111111,SOL,0.07216128,72161280,9,1744882885
AA5RaVvyGyZgtmAsJJHT5ZVBxVPtAXuYaMwfgeFJW4Mk,11111111111111111111111111111111,SOL,0.03209276,32092760,9,1744882885
C8TyKJYXXZmcUJqwVcUBdTyYbGSZrMMkWVAU3g6rFUew,11111111111111111111111111111111,SOL,0.07216128,72161280,9,1744882885
CYbD9RaToYMtWKA7QZyoLahnHdWq553Vm62Lh6qWtuxq,11111111111111111111111111111111,SOL,1.975542021,1975542021,9,1744882885
GtZwqCTWofwSZjaHk9CX9GmHMFGjNVvJbPaVdzAKRcaD,11111111111111111111111111111111,SOL,0.07216138,72161380,9,1744882885
GviiXg2Xc1xCpyNY36r7h1EAy7uvse5UMkiiyHjRDU6Z,11111111111111111111111111111111,SOL,8944.618995259,8944618995259,9,1744882885
GviiXg2Xc1xCpyNY36r7h1EAy7uvse5UMkiiyHjRDU6Z,So11111111111111111111111111111111111111112,WSOL,8944.615735778,8944615735778,9,1744882885
EdPxg8QaeFSrTYqdWJn6Kezwy9McWncTYueD9eMGCuzR,11111111111111111111111111111111,SOL,0.0017055,1705500,9,1744882885
66ZC9U8y1uYaAxt4WFYVW11YZeZohvi8ev6wBHsAxykh,11111111111111111111111111111111,SOL,159.270540291,159270540291,9,1744882885
Axp8BkkTuh1tjFHQ3EmubUgULpifaxtHwDU8zcohoy7L,11111111111111111111111111111111,SOL,0.0061248,6124800,9,1744882885
DmGPSEkvg5W9mYHPMi7tHMMvav9Vof3EaoFzUhtwZjCZ,11111111111111111111111111111111,SOL,0.00203928,2039280,9,1744882885
DmGPSEkvg5W9mYHPMi7tHMMvav9Vof3EaoFzUhtwZjCZ,GLh5H2egDociJQKRH2fi5v1YaqJ4TcdU9cJk5MyezGg4,WECHAT,10837276.327918,10837276327918,6,1744882885
Nv3mAE34YSXez8CL6XFX9dJjKrYtdmvruwhKNhsgjkj,11111111111111111111111111111111,SOL,1.018099727,1018099727,9,1744882885
Nv3mAE34YSXez8CL6XFX9dJjKrYtdmvruwhKNhsgjkj,So11111111111111111111111111111111111111112,WSOL,1.016060446,1016060446,9,1744882885
CLXy7QH5YLGuxM8NysKQ3AogA3yARmHBCLcfGWdct9V,11111111111111111111111111111111,SOL,0.00203928,2039280,9,1744882885
CLXy7QH5YLGuxM8NysKQ3AogA3yARmHBCLcfGWdct9V,GLh5H2egDociJQKRH2fi5v1YaqJ4TcdU9cJk5MyezGg4,WECHAT,12664.764107,12664764107,6,1744882885
HAd2LQvk3gG1qM2vwcfrcA5HEbBxvEhxKedeXmKJUe8P,11111111111111111111111111111111,SOL,6.708761567,6708761567,9,1744882885
HAd2LQvk3gG1qM2vwcfrcA5HEbBxvEhxKedeXmKJUe8P,So11111111111111111111111111111111111111112,WSOL,6.706722285,6706722285,9,1744882885
NMexYaGWNfieZkuskUXhWg6wHzkCuGJewmc12Lp1mh5,11111111111111111111111111111111,SOL,0.0015,1500000,9,1744882885
m2tNoYEUCEGJNAv4D1CAJSeJvBSmowpFBSoGJRVGwmX,11111111111111111111111111111111,SOL,0.0,0,9,1744882885
EQLCiATucNqfez6f9aDYbCShRbzQrTabtd2F2ugirhbA,11111111111111111111111111111111,SOL,0.07143744,71437440,9,1744882885
Bi3PpExn9XLiCCdXChvQbUUbWU5c2KMVGv4JdsiLdRWm,11111111111111111111111111111111,SOL,0.07143744,71437440,9,1744882885
2ZpKVjbeNbr7JbqpnqH3BXvctjgV6xrAb3r89abNNpjL,11111111111111111111111111111111,SOL,0.00718272,7182720,9,1744882885
8DzmPrHbtUWd8jgkgQYQcSgA2oviKxv7fv3knxJhzZj2,11111111111111111111111111111111,SOL,0.00203928,2039280,9,1744882885
8DzmPrHbtUWd8jgkgQYQcSgA2oviKxv7fv3knxJhzZj2,DpqfDEjmgyshotRaoUqDvL2ooHpggyoZ9jGj8TeDpump,SOL,484199.881474,484199881474,6,1744882885
6czcLhktKuuN2Ktc783w1LQkuskRKWdxpeGwAomyhmzx,11111111111111111111111111111111,SOL,1.566202444,1566202444,9,1744882885
6czcLhktKuuN2Ktc783w1LQkuskRKWdxpeGwAomyhmzx,So11111111111111111111111111111111111111112,WSOL,1.564163164,1564163164,9,1744882885
7J3EFL2Rm9SiwuVzyxAGezubypqfrGnBxgCnFGJh2AbB,11111111111111111111111111111111,SOL,0.0233856,23385600,9,1744882885
pTJo5c4ynoxxRAgDyWgQKasR8dgqQHP3CSeoXzDgZvZ,11111111111111111111111111111111,SOL,0.00203928,2039280,9,1744882885
pTJo5c4ynoxxRAgDyWgQKasR8dgqQHP3CSeoXzDgZvZ,EPjFWdd5AufqSSqeM2qN1xzybapC8G4wEGGkZwyTDt1v,USDC,555103.147576,555103147576,6,1744882885
31yBkV2G6iYZdnpn9ekpBD48RUn9JP3tUtqYLWQb54qD,11111111111111111111111111111111,SOL,0.45710496,457104960,9,1744882885
5wchoBr91tdDpK4qTMFhhaYh4YGQ3t22G7LYN9ugQ7tZ,11111111111111111111111111111111,SOL,0.00359136,3591360,9,1744882885
6udXJKtXU9PvJ6Rxohw8zEHAeRLL6try2EBzUZDtcTXb,11111111111111111111111111111111,SOL,0.00203928,2039280,9,1744882885
6udXJKtXU9PvJ6Rxohw8zEHAeRLL6try2EBzUZDtcTXb,EPjFWdd5AufqSSqeM2qN1xzybapC8G4wEGGkZwyTDt1v,USDC,16.792317,16792317,6,1744882885
9Q1E7B4w5Vhb5RjbmojpEuZbMZ944m9vDZZJoxBcGBRS,11111111111111111111111111111111,SOL,0.02335776,23357760,9,1744882885
AC7w7RShXuxbybJMe8yh5vG8vNNpwhbYhQkzprTXaK6Y,11111111111111111111111111111111,SOL,0.00203928,2039280,9,1744882885
AC7w7RShXuxbybJMe8yh5vG8vNNpwhbYhQkzprTXaK6Y,7GCihgDB8fe6KNjn2MYtkzZcRjQy3t9GHdC8uHYmW2hr,POPCAT,5.0,5000000000,9,1744882885
CEyoiAtszXAPGxnbZEPaxAoYpr8LN6qTSSqut4DhD2HA,11111111111111111111111111111111,SOL,1.82549664,1825496640,9,1744882885
Ej1CZHUcHYcqAx3pJXUvqCTs3diVmEWSfozvQQLsQkyU,11111111111111111111111111111111,SOL,0.00203928,2039280,9,1744882885
Ej1CZHUcHYcqAx3pJXUvqCTs3diVmEWSfozvQQLsQkyU,7GCihgDB8fe6KNjn2MYtkzZcRjQy3t9GHdC8uHYmW2hr,POPCAT,2183740.594747844,2183740594747844,9,1744882885
G6W7xQzBxVz7XCZbavK1G3DBwojKmF2e3kPDBEFWoLgF,11111111111111111111111111111111,SOL,0.45710496,457104960,9,1744882885
HBS7a3br8GMMWuqVa7VB3SMFa7xVi1tSFdoF5w4ZZ3kS,11111111111111111111111111111111,SOL,0.0061248,6124800,9,1744882885
CGnVjobdBYXz9AkXmkV3nbxMsDCAbcXLyvfdwGGdpuVK,11111111111111111111111111111111,SOL,0.0,0,9,1744882885
8WVhh4wZvS5kra1tjtEjCjqZ5djL5ZYZ4YL4uRjr5zCE,11111111111111111111111111111111,SOL,457.987933462,457987933462,9,1744882885
25Tx89DtErw6zTH8SDr3GHhxy6a26gX5kbPmU9HsitmT,11111111111111111111111111111111,SOL,0.002262,2262000,9,1744882885
Hhf3jjfktLAUBTVu9AsQ9adWLVLXovH8hYR95z7yMmnT,11111111111111111111111111111111,SOL,0.00203928,2039280,9,1744882885
Hhf3jjfktLAUBTVu9AsQ9adWLVLXovH8hYR95z7yMmnT,EPjFWdd5AufqSSqeM2qN1xzybapC8G4wEGGkZwyTDt1v,USDC,82477.746034,82477746034,6,1744882885
Ecy4VUoNzks4XWZPZAHq6c8rkBhBJyiD6rEDEP6LUxcA,11111111111111111111111111111111,SOL,0.00877656,8776560,9,1744882885
7DPXtx7GJGzw1jGFg8bPaovySgaG9DCDJjmZF5ojh5Po,11111111111111111111111111111111,SOL,0.01283424,12834240,9,1744882885
2pKFFuEmVzR4TXtyBgPoyGb24HXTwQRNjaijgo8WX53N,11111111111111111111111111111111,SOL,0.0475716,47571600,9,1744882885
CtYpccWnyCB2kxqXP5iK7WJfTLkPRuN4Es6jAxzX81wZ,11111111111111111111111111111111,SOL,0.00595776,5957760,9,1744882885
3jzK2DLRhn8LwZhDkGMAX3hExdUdmnmWHX1dtFMsxLjw,11111111111111111111111111111111,SOL,0.00203928,2039280,9,1744882885
3jzK2DLRhn8LwZhDkGMAX3hExdUdmnmWHX1dtFMsxLjw,EPjFWdd5AufqSSqeM2qN1xzybapC8G4wEGGkZwyTDt1v,USDC,1970.722,1970722000,6,1744882885
F9zaZCDSmXwMnpcdSfEVytk3wgUjyVe9gd6aXd3swdwC,11111111111111111111111111111111,SOL,0.0230028,23002800,9,1744882885
3hAZdEABvqUanDUdAEexsbL9jtdJk91sHiS5ct243ift,11111111111111111111111111111111,SOL,0.00849816,8498160,9,1744882885
monacoUXKtUi6vKsQwaLyxmXKSievfNWEcYXTgkbCih,11111111111111111111111111111111,SOL,0.00114144,1141440,9,1744882885
2qGe259PArEkX8j9BfBkNPZDnMjhKxHCMpySyP4P1ev6,11111111111111111111111111111111,SOL,0.785612069,785612069,9,1744882885
3jXnYXG1HRcZdUJwhyfNYh2719CqocMfF5QWpxJZRyc4,11111111111111111111111111111111,SOL,0.0,0,9,1744882885
6G7vH3K1m5DPEpx4SkvQfba4tsgXHeqVDLGvqEUgae58,11111111111111111111111111111111,SOL,0.0,0,9,1744882885
DeY3sKKN3eceibcc7CDCn1fMZyNXNfGpi6Yikb8MH3Ye,11111111111111111111111111111111,SOL,0.0061248,6124800,9,1744882885
94rPTFGnaZVcgHJy2z8Mqex5rMGBctMzj3wLFn38BagE,11111111111111111111111111111111,SOL,0.02335776,23357760,9,1744882885
GN2Lf89j5suAXgZyy6HjVjzkHEB5oNaYRVE1ArBLGqSq,11111111111111111111111111111111,SOL,0.01625856,16258560,9,1744882885
DvjiMv1ZWMdcRbXtxaLrj4HWw3PKfrTHGWWyzA1er2r7,11111111111111111111111111111111,SOL,0.00203928,2039280,9,1744882885
DvjiMv1ZWMdcRbXtxaLrj4HWw3PKfrTHGWWyzA1er2r7,PjmVTrELJBSPh4q7dAmGVTxZARfx1kxY7A2PMwYpump,PINO,595957717.359703,595957717359703,6,1744882885
8jcDXuQjyYGqpVsSJhjYKfFWNycX8iBQdYAeFyqF3kqp,11111111111111111111111111111111,SOL,236.340409429,236340409429,9,1744882885
8jcDXuQjyYGqpVsSJhjYKfFWNycX8iBQdYAeFyqF3kqp,So11111111111111111111111111111111111111112,WSOL,236.338370149,236338370149,9,1744882885
BC7qMMBAHARgFZ2ZwMUATxEBgRmDoCsDCKP2y9mfUbwX,11111111111111111111111111111111,SOL,0.00359136,3591360,9,1744882885
7t6vnrvsBBtEYqTMj3skG24K4d1ty5P2aPJB9JjNYmia,11111111111111111111111111111111,SOL,0.10197792,101977920,9,1744882885
D8SQGzqnAg2uMc9HXCAsWqQiMa3iDjihSz4N2Df8zqYj,11111111111111111111111111111111,SOL,0.10197792,101977920,9,1744882885
7fXhEZW7xsUhGck7LEgdqRH4brD5w9XF1mDB6Rw1i3NY,11111111111111111111111111111111,SOL,0.07959456,79594560,9,1744882885
8YwcxEK9ijwgZUQN4Km3GyTVKHaGqBU52JyAxyh5MN6M,11111111111111111111111111111111,SOL,0.00203928,2039280,9,1744882885
8YwcxEK9ijwgZUQN4Km3GyTVKHaGqBU52JyAxyh5MN6M,PjmVTrELJBSPh4q7dAmGVTxZARfx1kxY7A2PMwYpump,PINO,0.0,0,6,1744882885
AAhEkmRx5vnoo1CnpJs6cRKQCeoNm9vzh2ndeHUtPi7M,11111111111111111111111111111111,SOL,0.00203928,2039280,9,1744882885
AAhEkmRx5vnoo1CnpJs6cRKQCeoNm9vzh2ndeHUtPi7M,So11111111111111111111111111111111111111112,WSOL,0.0,0,9,1744882885
HTnaDmK8MmywNUKesB9N8RoCYAXozv1KuFYHHFYT3VyA,11111111111111111111111111111111,SOL,0.00203928,2039280,9,1744882885
HTnaDmK8MmywNUKesB9N8RoCYAXozv1KuFYHHFYT3VyA,PjmVTrELJBSPh4q7dAmGVTxZARfx1kxY7A2PMwYpump,PINO,75469.331368,75469331368,6,1744882885
4nCeLXuQRcJ8vPnzv8TYxjYPgo9EbAn738D3y3Mv2GyE,11111111111111111111111111111111,SOL,0.0,0,9,1744882885
4EhiMeJ9i1ozKVMCYuBdzEWiBcqEZ6PQqUMsLbWzCUS5,11111111111111111111111111111111,SOL,3.686487869,3686487869,9,1744882885
2idbStwCYYwJpQGhidLdWxu46JVWo4XZNip17Qu8s7Vh,11111111111111111111111111111111,SOL,0.0,0,9,1744882885
4mkKHmbVvt326VuQE2dtZGhFroeem3m3ST85PttPs463,11111111111111111111111111111111,SOL,0.00203928,2039280,9,1744882885
4mkKHmbVvt326VuQE2dtZGhFroeem3m3ST85PttPs463,HKaAdq3rgtc7XBUXGaPc3mHVqwcpViXHHrCgmRHg494v,SPX,95000190.942996,95000190942996,6,1744882885
9wisX6VsgdUi4N1A1wfKSARdiMLw7yguZbLSV91xWJv5,11111111111111111111111111111111,SOL,24.164343898,24164343898,9,1744882885
Gc68kdPFw1qZs8kNbWFvPUgBCFss34z2nqio9qZKToFD,11111111111111111111111111111111,SOL,779.701256347,779701256347,9,1744882885
Gc68kdPFw1qZs8kNbWFvPUgBCFss34z2nqio9qZKToFD,So11111111111111111111111111111111111111112,WSOL,779.699217067,779699217067,9,1744882885
CwnYRRPjtBe1qMNNteDtAezWBWTw1xDbmSvDhSjeNUeE,11111111111111111111111111111111,SOL,0.00203928,2039280,9,1744882885
CwnYRRPjtBe1qMNNteDtAezWBWTw1xDbmSvDhSjeNUeE,13TVvChoA7S2qdB7GhP8sDret3aPBetBjvWHtL3Ymeme,TIME,0.0,0,6,1744882885
Gy6YZaNhPQCUNrYQAyR8qjUtyK7wqqQ6cRAVEMTJyDyU,11111111111111111111111111111111,SOL,0.00114144,1141440,9,1744882885
7uqMtxFzDT2MQuA2RLxGTwj2wJtNoWw43DjdDh19Ryoe,So11111111111111111111111111111111111111112,WSOL,41.244547162,41244547162,9,1744882885
7uqMtxFzDT2MQuA2RLxGTwj2wJtNoWw43DjdDh19Ryoe,11111111111111111111111111111111,SOL,41.246586442,41246586442,9,1744882885
HZeLxbZ9uHtSpwZC3LBr4Nubd14iHwz7bRSghRZf5VCG,So11111111111111111111111111111111111111112,WSOL,41796.571822061,41796571822061,9,1744882885
HZeLxbZ9uHtSpwZC3LBr4Nubd14iHwz7bRSghRZf5VCG,11111111111111111111111111111111,SOL,41796.578461342,41796578461342,9,1744882885
LkRpK5YgDUj5xVeaCGzentDiaRkE16kRuVn1rk4bvv9,11111111111111111111111111111111,SOL,0.002793855,2793855,9,1744882885
5oNbwfmgVmKmDJwkQy1vEh4xMWePBbEv4bmG5szRuBM8,11111111111111111111111111111111,SOL,1.598149637,1598149637,9,1744882885
5bfjTfwqnWN6nUn1apwWSxkbMfASWP2tAo81CBxMDSyQ,11111111111111111111111111111111,SOL,0.00203928,2039280,9,1744882885
5bfjTfwqnWN6nUn1apwWSxkbMfASWP2tAo81CBxMDSyQ,So11111111111111111111111111111111111111112,WSOL,0.0,0,9,1744882885
9V5c7zLkLz2SeT5S3NdRYCJHkWGfLGp757L36SnaKf6B,11111111111111111111111111111111,SOL,0.00203928,2039280,9,1744882885
9V5c7zLkLz2SeT5S3NdRYCJHkWGfLGp757L36SnaKf6B,GwkEDwePTa6aFosh9xzAniGK1zvLrQ5yPJfLnqwmuyhG,HYPERSKIDS,2406.697106,2406697106,6,1744882885
ARpBN3zqZfwidY8pngybrZFaNeYtBQT6fdYbvPUqkE21,11111111111111111111111111111111,SOL,0.00203928,2039280,9,1744882885
ARpBN3zqZfwidY8pngybrZFaNeYtBQT6fdYbvPUqkE21,Gtc4CE8jByNxbv2LDWDq1QthbmqyeQKSMLoetx3yPnEQ,UNKNOWN,9793716.023,9793716023000,6,1744882885
AihbLLjwUDf8tTh6o3kJjxeT1t8xF76399gsBSFRqKfp,11111111111111111111111111111111,SOL,0.0094656,9465600,9,1744882885
Az6TtMc28y4cHwvFkGQ59ZNUeXtEyt3rucuzFWL7yvtr,11111111111111111111111111111111,SOL,0.0075168,7516800,9,1744882885
CFi6zVrykYVbpjnW5uwgxwQ6szpr1fAru2XdKQBPKqCu,11111111111111111111111111111111,SOL,0.00203928,2039280,9,1744882885
CFi6zVrykYVbpjnW5uwgxwQ6szpr1fAru2XdKQBPKqCu,GwkEDwePTa6aFosh9xzAniGK1zvLrQ5yPJfLnqwmuyhG,HYPERSKIDS,9793716.023,9793716023000,6,1744882885
FERjPVNEa7Udq8CEv68h6tPL46Tq7ieE49HrE2wea3XT,11111111111111111111111111111111,SOL,0.571387227,571387227,9,1744882885
FZN7QZ8ZUUAxMPfxYEYkH3cXUASzH8EqA6B4tyCL8f1j,11111111111111111111111111111111,SOL,0.0014636,1463600,9,1744882885
Gtc4CE8jByNxbv2LDWDq1QthbmqyeQKSMLoetx3yPnEQ,11111111111111111111111111111111,SOL,0.0014616,1461600,9,1744882885
GyVrqdDMnT8Tshu7pvbE9iNHYm7SRZMy2iXpvXNMMRiu,11111111111111111111111111111111,SOL,0.00203928,2039280,9,1744882885
GyVrqdDMnT8Tshu7pvbE9iNHYm7SRZMy2iXpvXNMMRiu,FZN7QZ8ZUUAxMPfxYEYkH3cXUASzH8EqA6B4tyCL8f1j,UNKNOWN,960.755022264,960755022264,9,1744882885
4KZHf2DKP3iReX7BT2r4CwFA8m9RwBCzE8bymK9yKCTJ,11111111111111111111111111111111,SOL,0.002262,2262000,9,1744882885
A6bvwqBvktqpsMZVBa6kfwZ5EU7BT7nDPCoRt7Fjgftt,11111111111111111111111111111111,SOL,0.00877656,8776560,9,1744882885
G9HgyfaZ4w491sxHBPEpd1KhtDNGEzhpwbmRJxDDoCxH,11111111111111111111111111111111,SOL,0.01283424,12834240,9,1744882885
5pCER3H8M9xx8MXNnkXaXXxboEv3XFxnN6xXK3sVkE82,11111111111111111111111111111111,SOL,0.0475716,47571600,9,1744882885
EpdddM1XeQ1Tn4m48pEiE2fsXyfeQXkEo9d3u2K2PA3o,11111111111111111111111111111111,SOL,0.00595776,5957760,9,1744882885
HytadZSQgDvhfuUy5pdwW6VDP8c5fyYYiVzmQPfswn7n,11111111111111111111111111111111,SOL,0.00203928,2039280,9,1744882885
HytadZSQgDvhfuUy5pdwW6VDP8c5fyYYiVzmQPfswn7n,EPjFWdd5AufqSSqeM2qN1xzybapC8G4wEGGkZwyTDt1v,USDC,516.855,516855000,6,1744882885
9FhfV4mbNspiWuy5WfhN525Ls6iXxVPJHCA8eoadPU1q,11111111111111111111111111111111,SOL,0.0230028,23002800,9,1744882885
2SuEQSGUUfw5Shr8hEuKsn4EMjZ5LVqpzLJKJBz5tDAn,11111111111111111111111111111111,SOL,0.00849816,8498160,9,1744882885
3HSYXeGc3LjEPCuzoNDjQN37F1ebsSiR4CqXVqQCdekZ,11111111111111111111111111111111,SOL,0.00344699,3446990,9,1744882885
3HSYXeGc3LjEPCuzoNDjQN37F1ebsSiR4CqXVqQCdekZ,EPjFWdd5AufqSSqeM2qN1xzybapC8G4wEGGkZwyTDt1v,USDC,2026987.804295,2026987804295,6,1744882885
4DoNfFBfF7UokCC2FQzriy7yHK6DY6NVdYpuekQ5pRgg,11111111111111111111111111111111,SOL,12.09636746,12096367460,9,1744882885
8g4Z9d6PqGkgH31tMW6FwxGhwYJrXpxZHQrkikpLJKrG,11111111111111111111111111111111,SOL,6698.605767534,6698605767534,9,1744882885
8g4Z9d6PqGkgH31tMW6FwxGhwYJrXpxZHQrkikpLJKrG,So11111111111111111111111111111111111111112,WSOL,6698.593,6698593000000,9,1744882885
3dhukcoucu5piyWJL2mZnvYcfmkUMSfuMLxBXmwkNGFH,11111111111111111111111111111111,SOL,0.003464156,3464156,9,1744882885
8DNFKfBQpwPQUZWxskrXPz9YnSgU7Qc6a428H9Tz2wcM,11111111111111111111111111111111,SOL,0.002693658,2693658,9,1744882885
EgjwhSKCSoLgBn4318aDezbsnp83cq18GRpUnN7ZWY1q,11111111111111111111111111111111,SOL,0.002822908,2822908,9,1744882885
99nw71dmPem1hRKkPK91aFhMtH2gjBXq59ambXqXXBDq,11111111111111111111111111111111,SOL,0.002830678,2830678,9,1744882885
MvEdR2E8dkucXir6LyjrSKbvNveDYzF9hcdGtr73cs3,11111111111111111111111111111111,SOL,0.001323758,1323758,9,1744882885
33FsoN19oPNz2ACeC1Nx3ty8AiBGBxVnU2yTEV63jf54,9BB6NFEcjBCtnNLFko2FqVQBq8HHM13kCyYcdQbgpump,Fartcoin ,2.285962,2285962,6,1744882885
33FsoN19oPNz2ACeC1Nx3ty8AiBGBxVnU2yTEV63jf54,11111111111111111111111111111111,SOL,0.002040144,2040144,9,1744882885
7Dpt54LNjtnzhL1UKVHjRzrsnKfjE3uHLRaMYD87st7a,9BB6NFEcjBCtnNLFko2FqVQBq8HHM13kCyYcdQbgpump,Fartcoin ,256145.871626,256145871626,6,1744882885
7Dpt54LNjtnzhL1UKVHjRzrsnKfjE3uHLRaMYD87st7a,11111111111111111111111111111111,SOL,0.00203928,2039280,9,1744882885
EATb3DL9hWzgewidgcRpPpEn59qGrnHGv6Lizuc25XeD,11111111111111111111111111111111,SOL,0.00288778,2887780,9,1744882885
Pk6EtFZ42RxS72CFFdosQCxb5yBWHBgGtSf8QbXPDwU,11111111111111111111111111111111,SOL,0.00203928,2039280,9,1744882885
Pk6EtFZ42RxS72CFFdosQCxb5yBWHBgGtSf8QbXPDwU,7GCihgDB8fe6KNjn2MYtkzZcRjQy3t9GHdC8uHYmW2hr,POPCAT,0.0,0,9,1744882885
5dmSKmbxQRvnf8iVMBGNWd4WwXCbmd1bFK8MdQ1cykgW,11111111111111111111111111111111,SOL,13.989784092,13989784092,9,1744882885
5dmSKmbxQRvnf8iVMBGNWd4WwXCbmd1bFK8MdQ1cykgW,So11111111111111111111111111111111111111112,WSOL,13.987744812,13987744812,9,1744882885
8BMs46yZnuqiWa2WVdwZreYYsemRNS5Smjnw5x3Kyi75,11111111111111111111111111111111,SOL,0.07040736,70407360,9,1744882885
8nxpgdD9E5AWzM9BSpvZrrB8CudsTJADUfQYPE4qpytr,11111111111111111111111111111111,SOL,0.07040736,70407360,9,1744882885
DY47sZf8hZ92DzP9SSKtR6hxbJFWHXdjwdkPSJZxxapq,11111111111111111111111111111111,SOL,0.07040736,70407360,9,1744882885
F3Cw2YtMzu4fMpQtthWK5p8DgfRDLoCqZaha7pjuy2xy,11111111111111111111111111111111,SOL,0.07040736,70407360,9,1744882885
HTP7DP9sSJr9Erdgc7xRj6tKQMwwbMVEqnNEuk5jE6GS,11111111111111111111111111111111,SOL,0.07040736,70407360,9,1744882885
HYSJoNrqF9AncPxqojUDszN2m4uXsGckhnmNmC3tviEj,11111111111111111111111111111111,SOL,0.002180879,2180879,9,1744882885
HYSJoNrqF9AncPxqojUDszN2m4uXsGckhnmNmC3tviEj,EPjFWdd5AufqSSqeM2qN1xzybapC8G4wEGGkZwyTDt1v,USDC,3.279759,3279759,6,1744882885
HuzJK9oSm7hbC4cVXqeKi6MrrvVYKKMNM7AqpRa2vpfn,11111111111111111111111111111111,SOL,0.07040736,70407360,9,1744882885
JAJjqfrrAt1UgpysxrfQrDgHY9kUN79r1odnwdNXxvai,11111111111111111111111111111111,SOL,9.038455353,9038455353,9,1744882885
ArbiT5roZVrSvdXE4AWiBGkTMZrU1hWV7i7yuAhcJZBW,11111111111111111111111111111111,SOL,0.00114144,1141440,9,1744882885
2z2dj8yyRmXP8bwP8LqmxeZGVtuAGv4g2wgzp2Rz1QmJ,11111111111111111111111111111111,SOL,28436.11992278,28436119922780,9,1744882885
2z2dj8yyRmXP8bwP8LqmxeZGVtuAGv4g2wgzp2Rz1QmJ,So11111111111111111111111111111111111111112,WSOL,28436.117383499,28436117383499,9,1744882885
5ex8weR6VjuwTrE4aP7juXcGWPTiD9PJeMZiwZZderqc,11111111111111111111111111111111,SOL,0.00203928,2039280,9,1744882885
5ex8weR6VjuwTrE4aP7juXcGWPTiD9PJeMZiwZZderqc,9BB6NFEcjBCtnNLFko2FqVQBq8HHM13kCyYcdQbgpump,Fartcoin ,4888829.251837,4888829251837,6,1744882885
C9U2Ksk6KKWvLEeo5yUQ7Xu46X7NzeBJtd9PBfuXaUSM,11111111111111111111111111111111,SOL,0.006955764,6955764,9,1744882885
7t49Vxc2e3sNKn4xv8DVPDfh63tAPRNbr8JPCy2PpM6t,11111111111111111111111111111111,SOL,0.00203928,2039280,9,1744882885
7t49Vxc2e3sNKn4xv8DVPDfh63tAPRNbr8JPCy2PpM6t,7GCihgDB8fe6KNjn2MYtkzZcRjQy3t9GHdC8uHYmW2hr,POPCAT,736201.440944259,736201440944259,9,1744882885
DYFk5yvux4mkuQcxkA7H6FWgRQHc1Z7JUb42SJVxnhgG,11111111111111111111111111111111,SOL,0.00543576,5435760,9,1744882885
4Un9yaV18EBHApYRkEEpYWY3NsBPaABofWLNC21LapVE,11111111111111111111111111111111,SOL,0.008352,8352000,9,1744882885
Ai4kU7H79HHtK6pRTX13kqAgihH41afgLqnDAuPkekMC,11111111111111111111111111111111,SOL,0.00203928,2039280,9,1744882885
Ai4kU7H79HHtK6pRTX13kqAgihH41afgLqnDAuPkekMC,EPjFWdd5AufqSSqeM2qN1xzybapC8G4wEGGkZwyTDt1v,USDC,202464.928095,202464928095,6,1744882885
CTUhs66Gph5q4BcdWKmRAYqWDvwkrU1xFukivEh2GXm2,11111111111111111111111111111111,SOL,0.008352,8352000,9,1744882885
EciLGydSE5RvGLQ3YutztkAzgcA48kNMrbASVigVKCZg,11111111111111111111111111111111,SOL,0.05278464,52784640,9,1744882885
H75FJTVxzKcXsyxMsp2R1TSDP85m6LXiDFW5cFU4gL4W,11111111111111111111111111111111,SOL,0.00203928,2039280,9,1744882885
H75FJTVxzKcXsyxMsp2R1TSDP85m6LXiDFW5cFU4gL4W,7GCihgDB8fe6KNjn2MYtkzZcRjQy3t9GHdC8uHYmW2hr,POPCAT,226728.859085119,226728859085119,9,1744882885
5U1wLqXhryDj2ZQ1sEKtFm74JsM8R9cN7HUkJPFQg3kr,11111111111111111111111111111111,SOL,0.0,0,9,1744882885
9BB6NFEcjBCtnNLFko2FqVQBq8HHM13kCyYcdQbgpump,11111111111111111111111111111111,SOL,278.072810395,278072810395,9,1744882885
93Q6YTuLLp5UaoCeBXK3vxpPAXBjY2y4xe91mFnoGncy,11111111111111111111111111111111,SOL,0.0,0,9,1744882885
DCN5VRHz4Gte9QG1jj1feYUsDDJMkjB2GEa5FLCZK1tR,11111111111111111111111111111111,SOL,0.001882609,1882609,9,1744882885
5ZbVuXwGt16Ldn8xDybsaxwNVaUSkvNsajzNG5WgL7xs,11111111111111111111111111111111,SOL,0.000970223,970223,9,1744882885
3B2vV7n8FaDYa5WTfxRNQPmcuP2WoAWqPshhaah7ATKe,11111111111111111111111111111111,SOL,0.001992441,1992441,9,1744882885
AapLKMaVVZv3qHopooVPeJ1DHu56FbmqstDEJWbrVaVz,11111111111111111111111111111111,SOL,0.001830456,1830456,9,1744882885
EATTvFmfEs3dApzg14ZuSnaR8auqK5MMH5j7P9oPeXDE,11111111111111111111111111111111,SOL,0.002887781,2887781,9,1744882885
4WMiEWAuTYsBfHbNZVZNztyVymPiASpQ4aGHrZczEt4s,11111111111111111111111111111111,SOL,0.001345686,1345686,9,1744882885
Dhn556mKa1M33SqZTkbk1R8ueAMqY7ujHdYVKGfVVDDx,11111111111111111111111111111111,SOL,36.684171205,36684171205,9,1744882885
2Eu8BwtNh2TNj7uHbhwMvXv4Xye12xwj3pbQXUrYa1qR,11111111111111111111111111111111,SOL,164.791531176,164791531176,9,1744882885
2Eu8BwtNh2TNj7uHbhwMvXv4Xye12xwj3pbQXUrYa1qR,So11111111111111111111111111111111111111112,WSOL,164.789491896,164789491896,9,1744882885
BX5GJrpgSBW1bc9Y8vuQCKDUR91fyXsmZQivsLfFpTSu,11111111111111111111111111111111,SOL,0.00203928,2039280,9,1744882885
BX5GJrpgSBW1bc9Y8vuQCKDUR91fyXsmZQivsLfFpTSu,SENDdRQtYMWaQrBroBrJ2Q53fgVuq95CV9UPGEvpCxa,SEND,0.0,0,6,1744882885
6pzDfENqhYX62dyhFtmj1MUtzbLUGEnYr1vamh1PJh1e,11111111111111111111111111111111,SOL,0.07143744,71437440,9,1744882885
DmqzNQ8qvWALnXRBLG9csCGiCoPKMa5WHpX9yNcTFcU3,11111111111111111111111111111111,SOL,0.07143744,71437440,9,1744882885
4bXXaBg94Qr8EPVQvLsGtM529Dmviihy5fWqrzzjVwmy,11111111111111111111111111111111,SOL,0.07143744,71437440,9,1744882885
B4cUJzpPVNKdnjnN7x7MhhXzJT5Z9SpteFp3JK3Y7bow,11111111111111111111111111111111,SOL,0.00114144,1141440,9,1744882885
ESr8SbVGgbMRCgCDDfL9x8DwPGLdAtgLLKKGx3UUKoaq,11111111111111111111111111111111,SOL,1.220585842,1220585842,9,1744882885
CuuprUhUWgMTtoAPFrNC7Qp3a4Q9Ctt5vepGprS6KiFf,11111111111111111111111111111111,SOL,0.0094656,9465600,9,1744882885
GNRfqBARxFhnMh7WH6GmAT8oP9VxEMPuCb3HaVFDYcx8,11111111111111111111111111111111,SOL,0.00204428,2044280,9,1744882885
GNRfqBARxFhnMh7WH6GmAT8oP9VxEMPuCb3HaVFDYcx8,SENDdRQtYMWaQrBroBrJ2Q53fgVuq95CV9UPGEvpCxa,SEND,19731760.648431,19731760648431,6,1744882885
HDXPE9JDLNUzr6VvxQ5UPYrUnS7ndA4dcjUPaSD3VUpJ,11111111111111111111111111111111,SOL,0.0014616,1461600,9,1744882885
DTsi2te1j6X89ZbU8ySgrixCLQYNiFkXNDyAxZodD5qN,11111111111111111111111111111111,SOL,0.00203928,2039280,9,1744882885
DTsi2te1j6X89ZbU8ySgrixCLQYNiFkXNDyAxZodD5qN,HDXPE9JDLNUzr6VvxQ5UPYrUnS7ndA4dcjUPaSD3VUpJ,UNKNOWN,19718823.954174,19718823954174,6,1744882885
EhfiQtU6STfPifPbyMTiQ9xxwgm4jMZcCLajjdAwuUM2,11111111111111111111111111111111,SOL,0.00203928,2039280,9,1744882885
EhfiQtU6STfPifPbyMTiQ9xxwgm4jMZcCLajjdAwuUM2,FZN7QZ8ZUUAxMPfxYEYkH3cXUASzH8EqA6B4tyCL8f1j,UNKNOWN,1917.65572235,1917655722350,9,1744882885
ESxoW2DES5j1VPfPxGEX1Uf6ygjX2sDwTX43QNJfCt3L,11111111111111111111111111111111,SOL,196.462791217,196462791217,9,1744882885
ESxoW2DES5j1VPfPxGEX1Uf6ygjX2sDwTX43QNJfCt3L,So11111111111111111111111111111111111111112,WSOL,196.460751937,196460751937,9,1744882885
CSNxTgUvoNuxxAwbD91uoSAeJwYwzfvrcgLmhgWiMHrv,11111111111111111111111111111111,SOL,0.00719022,7190220,9,1744882885
2LDUUWC3V6zhKMp6ydy3UNzq39T5J71NRYa9oQphTqEd,11111111111111111111111111111111,SOL,0.00203928,2039280,9,1744882885
2LDUUWC3V6zhKMp6ydy3UNzq39T5J71NRYa9oQphTqEd,SENDdRQtYMWaQrBroBrJ2Q53fgVuq95CV9UPGEvpCxa,SEND,6147980.845418,6147980845418,6,1744882885
82oLZLhFan28NdUrLijHcva2Zgau9bigBvzvAm6vXVvp,11111111111111111111111111111111,SOL,545.803225268,545803225268,9,1744882885
82oLZLhFan28NdUrLijHcva2Zgau9bigBvzvAm6vXVvp,So11111111111111111111111111111111111111112,WSOL,545.801185987,545801185987,9,1744882885
SENDdRQtYMWaQrBroBrJ2Q53fgVuq95CV9UPGEvpCxa,11111111111111111111111111111111,SOL,5.043237199,5043237199,9,1744882885
5Lp3FBdLV2FQ2ssTpMSYt6fBXLjUvVhXQZmqUXvPSejV,11111111111111111111111111111111,SOL,0.0233856,23385600,9,1744882885
uAngRgGLdeemerpmLampgLJ4ENFMygHPuKdU2nKwBNg,11111111111111111111111111111111,SOL,31.77352643,31773526430,9,1744882885
95LinXN5k1xTbeTjHDWnDj7mpYGKjTX7RDk4tC66u9hj,11111111111111111111111111111111,SOL,0.00114144,1141440,9,1744882885
4UNQ9Ts62vGWBsiWVbAsr9pF4xTT64MfmMURumyzPavp,11111111111111111111111111111111,SOL,0.00203928,2039280,9,1744882885
4UNQ9Ts62vGWBsiWVbAsr9pF4xTT64MfmMURumyzPavp,FtUEW73K6vEYHfbkfpdBZfWpxgQar2HipGdbutEhpump,titcoin,0.0,0,6,1744882885
4qQM2x2pfhU3ToscAqkQxTfhTm7DmJe8LGWU9kvqeNH4,11111111111111111111111111111111,SOL,0.0061248,6124800,9,1744882885
5JkRhfrWUXVqqVw4fxA7ZfxKfrkAxjw9LwrbRRYBUqKw,11111111111111111111111111111111,SOL,4255.892777058,4255892777058,9,1744882885
5JkRhfrWUXVqqVw4fxA7ZfxKfrkAxjw9LwrbRRYBUqKw,So11111111111111111111111111111111111111112,WSOL,4255.890737778,4255890737778,9,1744882885
4ApBcHpVHmUhzFAdRaNNvrdPxsZ5pGWojpezb4oomj5g,11111111111111111111111111111111,SOL,0.00203928,2039280,9,1744882885
4ApBcHpVHmUhzFAdRaNNvrdPxsZ5pGWojpezb4oomj5g,FtUEW73K6vEYHfbkfpdBZfWpxgQar2HipGdbutEhpump,titcoin,34169216.348968,34169216348968,6,1744882885
6GaSinNQ2EmRUJpD4Y9Z7dWHKJibBpvVAADnjcSNZXjb,11111111111111111111111111111111,SOL,0.00718272,7182720,9,1744882885
5BEYvrWgiaFJRAhMvETpZiXAvjeAs6uM3ZuAVXHKVdh9,11111111111111111111111111111111,SOL,0.00203928,2039280,9,1744882885
5BEYvrWgiaFJRAhMvETpZiXAvjeAs6uM3ZuAVXHKVdh9,FtUEW73K6vEYHfbkfpdBZfWpxgQar2HipGdbutEhpump,titcoin,255761.704012,255761704012,6,1744882885
BDV9wmrPxmHgBofGnFr2tLRi6v25dBbtcyhoZppXU5AL,11111111111111111111111111111111,SOL,40.310322998,40310322998,9,1744882885
BDV9wmrPxmHgBofGnFr2tLRi6v25dBbtcyhoZppXU5AL,So11111111111111111111111111111111111111112,WSOL,40.308283718,40308283718,9,1744882885
BsUnaqtLh9gzfNkz8RrUX4qTJ4R7FrKSs3ugg2f9w3Hq,11111111111111111111111111111111,SOL,0.0233856,23385600,9,1744882885
F2tYLXdz5KTKFWf69UWxkoy3ySKgatkjmEAjKjp2gDzY,11111111111111111111111111111111,SOL,0.07143744,71437440,9,1744882885
Db6RwVuR8KMngkURVo5MnFgEbetiTAHTbvPmwfVthXQ,11111111111111111111111111111111,SOL,0.07143744,71437440,9,1744882885
7iGThQG6Tv8RZgj5QjZpzhWaypxPzhMm1ZwTLjKsos6L,11111111111111111111111111111111,SOL,0.07143744,71437440,9,1744882885
E8T1gHL1EbspAWLusfiFaaHsRSoPBfKJqxLVxWAQyqqc,11111111111111111111111111111111,SOL,0.00203928,2039280,9,1744882885
E8T1gHL1EbspAWLusfiFaaHsRSoPBfKJqxLVxWAQyqqc,9DHe3pycTuymFk4H4bbPoAJ4hQrr2kaLDF6J6aAKpump,BUZZ,0.0,0,6,1744882885
J2p6tgZDkvtHQ3VfbGRjzHJNLrqFgGfvjJsp2K7HX5cH,11111111111111111111111111111111,SOL,0.025760365,25760365,9,1744882885
FXtsqFXmd5K7sbbRbcis9G5fbeYExqGbnG3aJqCaVzZb,11111111111111111111111111111111,SOL,4996.110902669,4996110902669,9,1744882885
FXtsqFXmd5K7sbbRbcis9G5fbeYExqGbnG3aJqCaVzZb,So11111111111111111111111111111111111111112,WSOL,4996.108843389,4996108843389,9,1744882885
6sRFYcSh3uyfakXcZx96ArBH7xxzkcpRj2RyFP93dmbH,11111111111111111111111111111111,SOL,0.00203928,2039280,9,1744882885
6sRFYcSh3uyfakXcZx96ArBH7xxzkcpRj2RyFP93dmbH,9DHe3pycTuymFk4H4bbPoAJ4hQrr2kaLDF6J6aAKpump,BUZZ,86245093.433812,86245093433812,6,1744882885
fYjiYSL5Xqd6Dv3WNNEDKb25LmZUmMhsa1kVNLHURkt,11111111111111111111111111111111,SOL,336.344581522,336344581522,9,1744882885
fYjiYSL5Xqd6Dv3WNNEDKb25LmZUmMhsa1kVNLHURkt,So11111111111111111111111111111111111111112,WSOL,336.342542242,336342542242,9,1744882885
A3LgUSDE9cHDDLtk474E79nhUYW3wcsPFV1FSrrtkYmM,11111111111111111111111111111111,SOL,0.00543576,5435760,9,1744882885
71Hwsvt14nKxqcQorgM2bKEkym57bE3s4XYF277jihKR,11111111111111111111111111111111,SOL,9.989687276,9989687276,9,1744882885
71Hwsvt14nKxqcQorgM2bKEkym57bE3s4XYF277jihKR,So11111111111111111111111111111111111111112,WSOL,9.987647996,9987647996,9,1744882885
HyprsTfXj1gfwpvECR1TNz9zX8CG4gEURqaRNbnuD7wj,11111111111111111111111111111111,SOL,0.00203928,2039280,9,1744882885
HyprsTfXj1gfwpvECR1TNz9zX8CG4gEURqaRNbnuD7wj,9DHe3pycTuymFk4H4bbPoAJ4hQrr2kaLDF6J6aAKpump,BUZZ,636298.635523,636298635523,6,1744882885
FFDRo2hriThg3qGXQk7fqxNAyhFr7JjmEDorjoY61c7M,11111111111111111111111111111111,SOL,0.07040736,70407360,9,1744882885
3v3DvD1CmoqiiPWhULtSHaPAi4EAZS8y24d5CNEvfsPd,11111111111111111111111111111111,SOL,0.07040736,70407360,9,1744882885
53jVWTX5iDBBMXFDTVMpTSTUAngL2J8vz9LbbSEzzknz,11111111111111111111111111111111,SOL,0.07040736,70407360,9,1744882885
Fmqbdj1yqSxW1poYYhv3nJ2kfssXH8NDGoP634WNpxne,11111111111111111111111111111111,SOL,0.00203928,2039280,9,1744882885
Fmqbdj1yqSxW1poYYhv3nJ2kfssXH8NDGoP634WNpxne,BQX1cjcRHXmrqNtoFWwmE5bZj7RPneTmqXB979b2pump,Italianrot,0.0,0,6,1744882885
DPJaNVwa7BZddQmkFEnTkWUVA6ECcGgKbH1JPNvLijgu,11111111111111111111111111111111,SOL,0.00718272,7182720,9,1744882885
9SihHAGSkLek6PBwoVvHyAkSHGSr4jDeHtEjD3QTRGsM,11111111111111111111111111111111,SOL,0.00203928,2039280,9,1744882885
9SihHAGSkLek6PBwoVvHyAkSHGSr4jDeHtEjD3QTRGsM,BQX1cjcRHXmrqNtoFWwmE5bZj7RPneTmqXB979b2pump,Italianrot,566993.6031,566993603100,6,1744882885
Dg8rPuWb6mocoLmNgqkvavEf8sfAzPPnczccPRq12yRy,11111111111111111111111111111111,SOL,87.658624133,87658624133,9,1744882885
Dg8rPuWb6mocoLmNgqkvavEf8sfAzPPnczccPRq12yRy,So11111111111111111111111111111111111111112,WSOL,87.656584853,87656584853,9,1744882885
3rPz68tV7x4ufS5MRkPu2hLaA7hfT15EMZHgJEPPcYJT,11111111111111111111111111111111,SOL,0.0233856,23385600,9,1744882885
54VotsC5bCRE1A5sQVMyN5375vkaVWKUnaK1bHpjNEUA,11111111111111111111111111111111,SOL,0.07143744,71437440,9,1744882885
2eCBWEaQpKnVrfNDjZMHkxWGzDNP9mvPBrsMabMavMW7,11111111111111111111111111111111,SOL,0.07143744,71437440,9,1744882885
GgvqFBchFeeUfhf9DJX2NrXNxuatsnBwi8zXMuwPoVJ1,11111111111111111111111111111111,SOL,0.00095352,953520,9,1744882885
4uNKHAfK3wGYFRTtPS5Uksh8K6ZUPA1qCNuk62XbeqUk,11111111111111111111111111111111,SOL,0.07143744,71437440,9,1744882885
FtUEW73K6vEYHfbkfpdBZfWpxgQar2HipGdbutEhpump,11111111111111111111111111111111,SOL,49.115403943,49115403943,9,1744882885
3xz3kbf9EEYNDknWLZ3Hfn73AADSAG5YHf63J7jzUuvX,11111111111111111111111111111111,SOL,0.0,0,9,1744882885
BQX1cjcRHXmrqNtoFWwmE5bZj7RPneTmqXB979b2pump,11111111111111111111111111111111,SOL,0.0014616,1461600,9,1744882885
9Fn2Naeq1cUBphQVWFm1xhPMQtNRQmTpAa1Na1KYSjQ9,11111111111111111111111111111111,SOL,23.426186807,23426186807,9,1744882885
Dp2uqNYvB6b57QMoq23vwtSsrNyueiQ3Xra5YYC22UgC,11111111111111111111111111111111,SOL,0.0475716,47571600,9,1744882885
J4Rd9DLyfVe4ZT9i7qRYFoejjdYSFHwPBcVszkwgUmBV,11111111111111111111111111111111,SOL,0.0,0,9,1744882885
7tgsxeqHqMMFy5kS7VKQ1daMcHY33VzYWGhM25MkUvor,11111111111111111111111111111111,SOL,0.02207016,22070160,9,1744882885
AovSmf2sHPxdWMVnd1oU1pibtBpktSR6kd2y5qj2buqi,11111111111111111111111111111111,SOL,0.00595776,5957760,9,1744882885
7Gt4jGQiy2KfLL7zaLCDvzWRsyLwuXZbDUHm4Nss4Pxn,11111111111111111111111111111111,SOL,0.00203928,2039280,9,1744882885
7Gt4jGQiy2KfLL7zaLCDvzWRsyLwuXZbDUHm4Nss4Pxn,EPjFWdd5AufqSSqeM2qN1xzybapC8G4wEGGkZwyTDt1v,USDC,958.64,958640000,6,1744882885
48eUTWjUBX1xTrjMwbiXyJbtR8tsjcuxdXddNzw88fae,11111111111111111111111111111111,SOL,0.00877656,8776560,9,1744882885
GGBay2i5Kut37XVNfVLSDuoCyyAELLtNHqMxU2YhRRUK,11111111111111111111111111111111,SOL,0.0188616,18861600,9,1744882885
Lz3QM28JxYw1KmeV24u6b9XWmonWpT2hYCrEoFi9AJs,11111111111111111111111111111111,SOL,15.476179633,15476179633,9,1744882885
2BxfCUJ7f7XpaohSDdYginPsictZeGC5zhVkjfEHPMVu,11111111111111111111111111111111,SOL,0.00203928,2039280,9,1744882885
2BxfCUJ7f7XpaohSDdYginPsictZeGC5zhVkjfEHPMVu,EyEseL4X2KJxD2rTuTauKR4qC3a9FMFx2PShsrovpump,cow,997384955.789312,997384955789312,6,1744882885
5kPDWgknVChj3FJc4ujz8y5t52xdSgiRwjAbPchuVvFb,11111111111111111111111111111111,SOL,0.00203928,2039280,9,1744882885
5kPDWgknVChj3FJc4ujz8y5t52xdSgiRwjAbPchuVvFb,EyEseL4X2KJxD2rTuTauKR4qC3a9FMFx2PShsrovpump,cow,0.0,0,6,1744882885
GPtWoCY9fc66SqPVpVq7MFy7Gpj2JirsC5mXRJjg4n66,11111111111111111111111111111111,SOL,0.074524552,74524552,9,1744882885
EyEseL4X2KJxD2rTuTauKR4qC3a9FMFx2PShsrovpump,11111111111111111111111111111111,SOL,0.0014616,1461600,9,1744882885
Gc4t8foKVMQRv2pAqCU2b9uiNDmdvUBidxv9etHnztSh,11111111111111111111111111111111,SOL,0.0475716,47571600,9,1744882885
5gjX16kukRvSJgysACQEQCh73dLDqywpLNn9wVMLvdaT,11111111111111111111111111111111,SOL,0.0,0,9,1744882885
A2RncV4y8vUf7rE5VuJbMir6QGapQ1WRYkFrGbRPoFGJ,11111111111111111111111111111111,SOL,0.02207016,22070160,9,1744882885
5vT9BUBBtK2Ja7u8ZQKBz3M1UhgbABLBRpLqrG7vWBVT,11111111111111111111111111111111,SOL,0.00595776,5957760,9,1744882885
6vJ4xeaD4hM3yXYU86noyS5UeGbVCUVtSjCXfUm7do81,11111111111111111111111111111111,SOL,0.00203928,2039280,9,1744882885
6vJ4xeaD4hM3yXYU86noyS5UeGbVCUVtSjCXfUm7do81,EPjFWdd5AufqSSqeM2qN1xzybapC8G4wEGGkZwyTDt1v,USDC,887.64,887640000,6,1744882885
7eHEDZm1cNduEpxcKsk71oT9XVab27UvZjqSXhNo8Fkz,11111111111111111111111111111111,SOL,0.00877656,8776560,9,1744882885
8X35rQUK2u9hfn8rMPwwr6ZSEUhbmfDPEapp589XyoM1,11111111111111111111111111111111,SOL,2.884073211,2884073211,9,1744882885
Ed25519SigVerify111111111111111111111111111,11111111111111111111111111111111,SOL,1e-09,1,9,1744882885
fqPfDa6uQr9ndMvwaFp4mUBeUrHmLop8Jxfb1XJNmVm,11111111111111111111111111111111,SOL,0.00122496,1224960,9,1744882885
JDKJSkxjasBGL3ce1pkrN6tqDzuVUZPWzzkGuyX8m9yN,11111111111111111111111111111111,SOL,0.00122496,1224960,9,1744882885
6Sfx8ZAt6xaEgMXTahR6GrT7oYB6nFBMoVyCmMyHmeJV,11111111111111111111111111111111,SOL,0.00122496,1224960,9,1744882885
CGCz4mB8NsDddCq6BZToRUDUuktzsAfpKYh6ATgyyCGF,11111111111111111111111111111111,SOL,0.00122496,1224960,9,1744882885
DXqKSHyhTBKEW4qgnL7ycbf3Jca5hCvUgWHFYWsh4KJa,11111111111111111111111111111111,SOL,0.00122496,1224960,9,1744882885
97EqsAGbTnShB7oYWAFFCVVAx8PWXgDYDhcpm99izNQ4,11111111111111111111111111111111,SOL,0.00122496,1224960,9,1744882885
CsFUXiA5dM4eCKjVBBy8tXhXzDkDRNoYjU5rjpHyfNEZ,11111111111111111111111111111111,SOL,0.00122496,1224960,9,1744882885
EX6r1GdfsgcUsY6cQ6YsToV4RGsb4HKpjrkokK2DrmsS,11111111111111111111111111111111,SOL,0.00122496,1224960,9,1744882885
3rdJbqfnagQ4yx9HXJViD4zc4xpiSqmFsKpPuSCQVyQL,11111111111111111111111111111111,SOL,0.00354264,3542640,9,1744882885
DRiPPP2LytGjNZ5fVpdZS7Xi1oANSY3Df1gSxvUKpzny,11111111111111111111111111111111,SOL,61.88054424,61880544240,9,1744882885
5DxBhoHkyojRiwrQbs4iXqrSvrRFJSLWsUTbo521nD5L,11111111111111111111111111111111,SOL,3.041854082,3041854082,9,1744882885
CQMdPMXVzACz88RaCnZPnJbwAoaRUr5X1LyZa1BK2KP7,11111111111111111111111111111111,SOL,0.00155904,1559040,9,1744882885
mwpqvnnkLe34agSUP9H9AegNS5ZTNGvdXPeTJJht2Lg,11111111111111111111111111111111,SOL,0.00561672,5616720,9,1744882885
4ewWZC5gT6TGpm5LZNDs9wVonfUT2q5PP5sc9kVbwMAK,11111111111111111111111111111111,SOL,0.0,0,9,1744882885
8eZNJHgACTe5ioKxxfPM36VadD4ekYb8FRSz6sSh47JH,11111111111111111111111111111111,SOL,0.0014616,1461600,9,1744882885
8xwcXEtq1qMsGLosCtEgRQfdqy2RDgw65ApZHVbPwFx6,11111111111111111111111111111111,SOL,0.00106862,1068620,9,1744882885
99ipuapKBkTHQc7e4veNg6v4wD8TNPcjqtGUkTjiCnzA,11111111111111111111111111111111,SOL,0.0,0,9,1744882885
BGUMAp9Gq7iTEuizy4pqaxsTyUCBK68MDfK752saRPUY,11111111111111111111111111111111,SOL,0.00114144,1141440,9,1744882885
cmtDvXumGCrqC1Age74AVPhSRVXJMd8PJS91L8KbNCK,11111111111111111111111111111111,SOL,0.00114144,1141440,9,1744882885
ErohKxiGRgUo1xJ3zdv9CBHrAYzzTbou57UfY1typ3yW,11111111111111111111111111111111,SOL,0.0028536,2853600,9,1744882885
metaqbxxUerdq28cj1RbAWkYQm3ybzjb6a8bt518x1s,11111111111111111111111111111111,SOL,0.00114144,1141440,9,1744882885
noopb9bkMVfRPU8AsbpTUg8AQkHtKwMYZiFUjNRtMmV,11111111111111111111111111111111,SOL,0.00114144,1141440,9,1744882885
Ac442xcU276nb6gJFUCsNYAwAo6KWuw4xocxmG3nvDym,11111111111111111111111111111111,SOL,0.00122496,1224960,9,1744882885
92VexDMsSzYvVq7eiEoodEzZxCLqYnfGKpVTqpkX12FY,11111111111111111111111111111111,SOL,0.00122496,1224960,9,1744882885
AEPgc6qUTCT8AwdckPcGbJXtcM9bj8mGYAyHE4BscJtm,11111111111111111111111111111111,SOL,0.00122496,1224960,9,1744882885
rwyPmfH5xsHdjPf6XsVxvyQEZogX2k4pmhaKEVvgseW,11111111111111111111111111111111,SOL,0.00122496,1224960,9,1744882885
2rDfWydvqvMQjDuf7vQsgfpa6dLMZehrWrpoXitn6gPx,11111111111111111111111111111111,SOL,0.00122496,1224960,9,1744882885
Edk1TWipQtsaD8nnBXYQV1CEAiQb1GFtEAKeFZCi2A4C,11111111111111111111111111111111,SOL,0.00122496,1224960,9,1744882885
5ASZLwk3GFCwZiDQ3XpmduRqNPEUGHXjELMX85u8McK3,11111111111111111111111111111111,SOL,0.00122496,1224960,9,1744882885
HWDqaKbbNrEsgWPLMeKG39AguefMbHsWcvNSthToXG2t,11111111111111111111111111111111,SOL,0.00122496,1224960,9,1744882885
44fqbLqAkKK5kEj1FFvuEPYq56XoQQL3ABzCPrqsW3Cv,11111111111111111111111111111111,SOL,0.00122496,1224960,9,1744882885
8x84eFZVGD9C8vmQqnB9P8UDPMdDWduFaULspKUYGthP,11111111111111111111111111111111,SOL,0.00122496,1224960,9,1744882885
Cbhiaky9kxDsviokcQaS9qc4HmpAzLaGjfmdSah1qakL,11111111111111111111111111111111,SOL,0.00122496,1224960,9,1744882885
AN6QvWXGick9fNuaisFGZNwbDQPbSVtnDBQwRYABv5Dr,8T7RjdERSeQNqUhthUgEEUr33g6xdVVxND5YmgjSpump,Kekels,0.0,0,6,1744882885
AN6QvWXGick9fNuaisFGZNwbDQPbSVtnDBQwRYABv5Dr,11111111111111111111111111111111,SOL,0.00203928,2039280,9,1744882885
8pzBGC9KkyssMFuckrcZTN52rhMng5ikpqkmQNoKn45V,11111111111111111111111111111111,SOL,151.375966265,151375966265,9,1744882885
4fRXrdUBzh3vmHbkYcQP91gAmStEjXughZvVShvVDjdW,11111111111111111111111111111111,SOL,0.00144768,1447680,9,1744882885
BfoVAqrP2WGSAc7LAQ7aFnSt84za8WirezFbgf2WYunw,11111111111111111111111111111111,SOL,0.0,0,9,1744882885
BNvJuX3hHwd6nEKqTVrJRr7FvMt73EvitPzgVxtJxfiP,11111111111111111111111111111111,SOL,0.00114144,1141440,9,1744882885
CxAd47245r2k2buWwjdMGTQSmzZprruaPdkp9hPTtNiJ,11111111111111111111111111111111,SOL,0.07143744,71437440,9,1744882885
2gX8aTS2L9kFLzsB3CiQ3BvrF74XYA8icsF7Di94XVm7,11111111111111111111111111111111,SOL,1108.733794354,1108733794354,9,1744882885
2gX8aTS2L9kFLzsB3CiQ3BvrF74XYA8icsF7Di94XVm7,So11111111111111111111111111111111111111112,WSOL,1108.731755073,1108731755073,9,1744882885
2attpN8gguKYHJVYuz33JwHawXTDf98G5cr1zMds79Yj,11111111111111111111111111111111,SOL,0.047215125,47215125,9,1744882885
21hUqEEgkT7h4Hm55DsGnLtynkQzVFHUXqMVPCw8uAHE,11111111111111111111111111111111,SOL,0.0,0,9,1744882885
21hUqEEgkT7h4Hm55DsGnLtynkQzVFHUXqMVPCw8uAHE,82WMnNM4Ft3SuPBLd5vJoMxspoKTHhkXazREwdpzpump,Monster,0.0,0,6,1744882885
3Bn7KodtYKSgMJK3ChnKMhBwKUtiKVnSh8au63uk3b3R,11111111111111111111111111111111,SOL,0.0,0,9,1744882885
3Bn7KodtYKSgMJK3ChnKMhBwKUtiKVnSh8au63uk3b3R,7GNwxFjvUMSNE6Y5GoMSB4GvfCnEMeTBc3KeCENipump,5kekels,0.0,0,6,1744882885
3jFVHGLxB33oDwxLEdpnduqcspAWe4gWmLtrwFpY2J1x,11111111111111111111111111111111,SOL,0.0,0,9,1744882885
3jFVHGLxB33oDwxLEdpnduqcspAWe4gWmLtrwFpY2J1x,6h689nPM8SNqaujsJyEpXSP67T1R2vVH9KaGZ1RYpump,meta,0.0,0,6,1744882885
6E7Aggb2HQEmdzxKeAP34usP6t3LLMHDec7ShfmWn3YT,11111111111111111111111111111111,SOL,0.0,0,9,1744882885
6E7Aggb2HQEmdzxKeAP34usP6t3LLMHDec7ShfmWn3YT,CKcxARHLk6gLt3wugu3jeyAe3gvFaeG8Z5aft1L3pump,Cumelon,0.0,0,6,1744882885
ATqvuAJNr3e895QvCpBoWgVuttzFinXahttNHJL2DkYf,11111111111111111111111111111111,SOL,0.0,0,9,1744882885
ATqvuAJNr3e895QvCpBoWgVuttzFinXahttNHJL2DkYf,E16JxMmC4MKRWUkn1sbUnXCg6TTJi8N68ELkeJXipump,GYAT,0.0,0,6,1744882885
FbfPKfQU6RfTMUMf8BaiZVWA2Qz3r4RbMv3VsZzNAsdb,11111111111111111111111111111111,SOL,0.0,0,9,1744882885
FbfPKfQU6RfTMUMf8BaiZVWA2Qz3r4RbMv3VsZzNAsdb,HyWDWLsih7pbC5CfEXuJ6RzSeCt6S7EAbhGCCiYXpump,ANUBIS,0.0,0,6,1744882885
GqXFYmNPULYwE9UNHNqvuDbNsGqQhNGqkMLkoMmNfge3,11111111111111111111111111111111,SOL,0.0,0,9,1744882885
GqXFYmNPULYwE9UNHNqvuDbNsGqQhNGqkMLkoMmNfge3,E1FvNSSzPASU2NjE7KZrLcpf4iCtkxg3fj1hKnAupump,BYOR,0.0,0,6,1744882885
HUpFwBwaCw4mdFXcEPjGGrZe3Cc6udK5Jsj7TYVpfmNA,11111111111111111111111111111111,SOL,0.0,0,9,1744882885
HUpFwBwaCw4mdFXcEPjGGrZe3Cc6udK5Jsj7TYVpfmNA,JAvtnTiQhg8AXDKvUzLcUnCWR33SFTGjBBLnRCRrpump,Solknows,0.0,0,6,1744882885
burn68h9dS2tvZwtCFMt79SyaEgvqtcZZWJphizQxgt,11111111111111111111111111111111,SOL,94.068343118,94068343118,9,1744882885
F6fmDVCQfvnEq2KR8hhfZSEczfM9JK9fWbCsYJNbTGn7,11111111111111111111111111111111,SOL,0.00114144,1141440,9,1744882885
6NqvoPpSYCPEtLEukQaSNs7mS3yK6k285saH9o3vgC96,EPjFWdd5AufqSSqeM2qN1xzybapC8G4wEGGkZwyTDt1v,USDC,151.631485,151631485,6,1744882885
6NqvoPpSYCPEtLEukQaSNs7mS3yK6k285saH9o3vgC96,11111111111111111111111111111111,SOL,0.00203928,2039280,9,1744882885
9PeQs7co3NtYnkV2CuWCSC6MXxwrMgHBX1E2qNEUj7MY,EPjFWdd5AufqSSqeM2qN1xzybapC8G4wEGGkZwyTDt1v,USDC,204.411126,204411126,6,1744882885
9PeQs7co3NtYnkV2CuWCSC6MXxwrMgHBX1E2qNEUj7MY,11111111111111111111111111111111,SOL,0.00203928,2039280,9,1744882885
6ZBdJ8cNsQ5nVDZDcieQ4Luy6uoRPT2K4Dne6Z9hYdVS,11111111111111111111111111111111,SOL,0.002816376,2816376,9,1744882885
AiCPb6QnRxSXz5qhvo4YgkvpzCjGNPbmAskXTSmwqCWQ,11111111111111111111111111111111,SOL,0.0,0,9,1744882885
CGH318xG12D4wnVXCJygivz8PdvKYBnRiFNFeMko8ccx,11111111111111111111111111111111,SOL,0.00203928,2039280,9,1744882885
CGH318xG12D4wnVXCJygivz8PdvKYBnRiFNFeMko8ccx,EPjFWdd5AufqSSqeM2qN1xzybapC8G4wEGGkZwyTDt1v,USDC,10.972582,10972582,6,1744882885
8ZwGS7KJJUjpBbYJ1SZdEh7Cgs7ZfWzhvYpaRkr1koD4,11111111111111111111111111111111,SOL,0.07216128,72161280,9,1744882885
8TWGnTwWTqXrHXBsDCegMUe9vu2weCVksSAwffNfFeLV,11111111111111111111111111111111,SOL,0.07216128,72161280,9,1744882885
4PzyE2fCJgSS7QNYqnrxw72aXV9ragRdQLAgrq6gDudx,11111111111111111111111111111111,SOL,0.07216128,72161280,9,1744882885
EXHyQxMSttcvLPwjENnXCPZ8GmLjJYHtNBnAkcFeFKMn,11111111111111111111111111111111,SOL,0.01224562,12245620,9,1744882885
G5uMMdPTeaafVVEnp3SLNLARarJXjHd5JaKuG3ojMPig,11111111111111111111111111111111,SOL,117.14813746,117148137460,9,1744882885
G5uMMdPTeaafVVEnp3SLNLARarJXjHd5JaKuG3ojMPig,So11111111111111111111111111111111111111112,WSOL,117.14309818,117143098180,9,1744882885
BidNmgznWp3ERbuemvdPANYmF2ePMHzGvbqjhMpRZYrn,11111111111111111111111111111111,SOL,0.03209256,32092560,9,1744882885
BD13Hf2ZThRL3v6wUDcVwhmsK5Eg5qJPR3CRtwkp5o6e,11111111111111111111111111111111,SOL,0.0136416,13641600,9,1744882885
4BLNHtVe942GSs4teSZqGX24xwKNkqU7bGgNn3iUiUpw,11111111111111111111111111111111,SOL,0.0017052,1705200,9,1744882885
GKHmDYWPE8Bf74xDntnpx4hi4H7pRp3HK5QYvPyXGEiU,3JgFwoYV74f6LwWjQWnr3YDPFnmBdwQfNyubv99jqUoq,wPOND,551228268.485,551228268485,3,1744882885
GKHmDYWPE8Bf74xDntnpx4hi4H7pRp3HK5QYvPyXGEiU,11111111111111111111111111111111,SOL,0.00203928,2039280,9,1744882885
2hYLtEqeqKoh8GJou1jZGNGtvFhMhJPC5iHcXpSSMney,3JgFwoYV74f6LwWjQWnr3YDPFnmBdwQfNyubv99jqUoq,wPOND,218331546.994,218331546994,3,1744882885
2hYLtEqeqKoh8GJou1jZGNGtvFhMhJPC5iHcXpSSMney,11111111111111111111111111111111,SOL,0.00203928,2039280,9,1744882885
awtsRzrVqG5JKUCwYDQR7MiaNZhKMxZiw9haAaA8Kbr,11111111111111111111111111111111,SOL,0.035093026,35093026,9,1744882885
AV342E9FJqNasse8v1xbFsXj1Pw3vzsEx1LM9xfvqbFd,11111111111111111111111111111111,SOL,0.0,0,9,1744882885
ERx5G9wQN4UeA9JeDNBtuzi6cqHm3MiK6LmEGcSwnGgy,11111111111111111111111111111111,SOL,0.00203928,2039280,9,1744882885
ERx5G9wQN4UeA9JeDNBtuzi6cqHm3MiK6LmEGcSwnGgy,3JgFwoYV74f6LwWjQWnr3YDPFnmBdwQfNyubv99jqUoq,wPOND,4320678752.858,4320678752858,3,1744882885
DHeR77srzsRUnyq8bawhZusEayWNghMjxiKCCkSoxWPc,11111111111111111111111111111111,SOL,0.01163712,11637120,9,1744882885
3sKQuDK2y6bbUvqiZD2MhpTVW7xo9tCT6x5MipEz91zm,11111111111111111111111111111111,SOL,0.144644771,144644771,9,1744882885
3sKQuDK2y6bbUvqiZD2MhpTVW7xo9tCT6x5MipEz91zm,So11111111111111111111111111111111111111112,WSOL,0.142605491,142605491,9,1744882885
69VwCzX1xSgFRXMh2T8KvUccsNfWpTx74japwCvvibSk,11111111111111111111111111111111,SOL,0.03209256,32092560,9,1744882885
8aNH2zQp5BTnbrMKKSCnjTBMKUfuncqSUwqqVPx9fiqr,11111111111111111111111111111111,SOL,0.07216128,72161280,9,1744882885
G3b3LFmy8uL8W8vb7aqpt2qGHm9fdg9coQnzN7S8KYV1,11111111111111111111111111111111,SOL,0.0136416,13641600,9,1744882885
DeGb25cLaKR5P8SUCobhCnBhT9MGmgk8qSYL6FR6GuJ4,11111111111111111111111111111111,SOL,0.195445991,195445991,9,1744882885
3w4eCkB1abULRm1d2eNNxxgNpJ949s9SvYb838zDyc4c,11111111111111111111111111111111,SOL,0.0,0,9,1744882885
22hCsdgCA6eWCSagEat7t3ihpi4omu37rtsQmQhhN3Se,11111111111111111111111111111111,SOL,0.0053244,5324400,9,1744882885
Y19WdZdMaaBHJLTnA78xKwXoMozQGmmcvstRVp3uPgx,11111111111111111111111111111111,SOL,0.00203928,2039280,9,1744882885
Y19WdZdMaaBHJLTnA78xKwXoMozQGmmcvstRVp3uPgx,HF6Ktagtk1Ud3P2f9zApVnJfsUfugZt4WTqxLEUF1ray,4phan,0.0,0,6,1744882885
2JKtEtPvuktsG1aCipMDTHzxqwBnTaviZxxavJGz65T1,11111111111111111111111111111111,SOL,164.73873529,164738735290,9,1744882885
2JKtEtPvuktsG1aCipMDTHzxqwBnTaviZxxavJGz65T1,So11111111111111111111111111111111111111112,WSOL,164.73669601,164736696010,9,1744882885
4HfkTnCLxaknRdYEUbw2YN959zuNUn6rtUsNxqewnxPa,11111111111111111111111111111111,SOL,0.00203928,2039280,9,1744882885
4HfkTnCLxaknRdYEUbw2YN959zuNUn6rtUsNxqewnxPa,HF6Ktagtk1Ud3P2f9zApVnJfsUfugZt4WTqxLEUF1ray,4phan,105412373.566021,105412373566021,6,1744882885
BmwDDjyzQumZgVe1aZ2qoRivTRzjSDMFdLzsiM86d6vR,11111111111111111111111111111111,SOL,0.02925288,29252880,9,1744882885
HF6Ktagtk1Ud3P2f9zApVnJfsUfugZt4WTqxLEUF1ray,11111111111111111111111111111111,SOL,0.0014616,1461600,9,1744882885
g7dD1FHSemkUQrX1Eak37wzvDjscgBW2pFCENwjLdMX,So11111111111111111111111111111111111111112,WSOL,0.23616678,236166780,9,1744882885
g7dD1FHSemkUQrX1Eak37wzvDjscgBW2pFCENwjLdMX,11111111111111111111111111111111,SOL,0.238206451,238206451,9,1744882885
FpEzVYQ5MjuSut61Ka18tzYhQKLqndefubV7K2U1mrTz,So11111111111111111111111111111111111111112,WSOL,199.134254267,199134254267,9,1744882885
FpEzVYQ5MjuSut61Ka18tzYhQKLqndefubV7K2U1mrTz,11111111111111111111111111111111,SOL,199.136293548,199136293548,9,1744882885
3ecmFWiD4qj5CNvn1sueKvdrE1dFJLGkHoeePiTYNje3,11111111111111111111111111111111,SOL,0.542073665,542073665,9,1744882885
E8q1ytzWqZat6k2sUxWGEBwroQSs4G2jEDk36vMB5uAY,11111111111111111111111111111111,SOL,0.0,0,9,1744882885
Cr6QLyjFPbLXb2wePWZ6ux8eUwmer6CLbgU2qvm3VxmV,11111111111111111111111111111111,SOL,0.00203928,2039280,9,1744882885
Cr6QLyjFPbLXb2wePWZ6ux8eUwmer6CLbgU2qvm3VxmV,he1iusmfkpAdwvxLNGV8Y1iSbj4rUy6yMhEA3fotn9A,hSOL,0.020636532,20636532,9,1744882885
DZvS2jQZuxj2PcwbqiU5AUT1tyDQdjAEmhWi6UkdL51y,11111111111111111111111111111111,SOL,0.00203928,2039280,9,1744882885
DZvS2jQZuxj2PcwbqiU5AUT1tyDQdjAEmhWi6UkdL51y,he1iusmfkpAdwvxLNGV8Y1iSbj4rUy6yMhEA3fotn9A,hSOL,1.934178742,1934178742,9,1744882885
9hCLuXrQrHCU9i7y648Nh7uuWKHUsKDiZ5zyBHdZPWtG,11111111111111111111111111111111,SOL,3.975178586,3975178586,9,1744882885
9hCLuXrQrHCU9i7y648Nh7uuWKHUsKDiZ5zyBHdZPWtG,So11111111111111111111111111111111111111112,WSOL,3.972139306,3972139306,9,1744882885
DVCeozFGbe6ew3eWTnZByjHeYqTq1cvbrB7JJhkLxaRJ,11111111111111111111111111111111,SOL,0.00203998,2039980,9,1744882885
DVCeozFGbe6ew3eWTnZByjHeYqTq1cvbrB7JJhkLxaRJ,EPjFWdd5AufqSSqeM2qN1xzybapC8G4wEGGkZwyTDt1v,USDC,146.748557,146748557,6,1744882885
BkmphoAmUwEBE5Ynnpi44sbNxDTkKR9h4aa6HtMNhBrW,11111111111111111111111111111111,SOL,0.00203928,2039280,9,1744882885
BkmphoAmUwEBE5Ynnpi44sbNxDTkKR9h4aa6HtMNhBrW,mSoLzYCxHdYgdzU16g5QSh3i5K3z3KZK7ytfqcJm7So,mSOL,0.419473348,419473348,9,1744882885
H7vGfjx351dE7dEDBtbMCxgUcvLeWRuuGLZoQtkCkt97,11111111111111111111111111111111,SOL,0.07216128,72161280,9,1744882885
FtnzYGMttTg4Yk4ApJfvyn5EiCzBFn8ykkcwKgLvATWp,11111111111111111111111111111111,SOL,0.07216128,72161280,9,1744882885
HMCsXVKku9rkRca7gHqqEZnqu3oDbvuG1YeBA8SZWpcF,11111111111111111111111111111111,SOL,0.07216128,72161280,9,1744882885
GGztQqQ6pCPaJQnNpXBgELr5cs3WwDakRbh1iEMzjgSJ,11111111111111111111111111111111,SOL,1.860525981,1860525981,9,1744882885
GZsNmWKbqhMYtdSkkvMdEyQF9k5mLmP7tTKYWZjcHVPE,11111111111111111111111111111111,SOL,0.00874176,8741760,9,1744882885
6YawcNeZ74tRyCv4UfGydYMr7eho7vbUR6ScVffxKAb3,11111111111111111111111111111111,SOL,0.02990016,29900160,9,1744882885
GNfeVT5vSWgLYtzveexZJ2Ki9NBtTTzoHAd9oGvoJKW8,11111111111111111111111111111111,SOL,0.01464462,14644620,9,1744882885
6XvtJ8wLAjQLUXoXDHztEJKnDspwJpKreRn3h5vbN97K,11111111111111111111111111111111,SOL,0.00203928,2039280,9,1744882885
6XvtJ8wLAjQLUXoXDHztEJKnDspwJpKreRn3h5vbN97K,EPjFWdd5AufqSSqeM2qN1xzybapC8G4wEGGkZwyTDt1v,USDC,70035.472046,70035472046,6,1744882885
Cw2Mv1d7yMEmJ9363Ls7uMj8nUD6suZdCMmyYuckAh4d,11111111111111111111111111111111,SOL,0.00203928,2039280,9,1744882885
Cw2Mv1d7yMEmJ9363Ls7uMj8nUD6suZdCMmyYuckAh4d,mSoLzYCxHdYgdzU16g5QSh3i5K3z3KZK7ytfqcJm7So,mSOL,2456.70545014,2456705450140,9,1744882885
CHawdSFGMh8f45VAKD3iyJ1Pf5TmJVnkbFFaJWQpaVbf,11111111111111111111111111111111,SOL,0.03209256,32092560,9,1744882885
3X643awMdryRJrx8yr2W2QXvgSNgfNbhSGtazLHHyheB,11111111111111111111111111111111,SOL,0.0136416,13641600,9,1744882885
AvBSC1KmFNceHpD6jyyXBV6gMXFxZ8BJJ3HVUN8kCurJ,11111111111111111111111111111111,SOL,0.005570241,5570241,9,1744882885
74tjvZXuW2C7bsBxRYxmwTrqF8BrYr3VDgusj8DwRd9a,11111111111111111111111111111111,SOL,0.00203928,2039280,9,1744882885
74tjvZXuW2C7bsBxRYxmwTrqF8BrYr3VDgusj8DwRd9a,EPjFWdd5AufqSSqeM2qN1xzybapC8G4wEGGkZwyTDt1v,USDC,60128.108829,60128108829,6,1744882885
FpCMFDFGYotvufJ7HrFHsWEiiQCGbkLCtwHiDnh7o28Q,11111111111111111111111111111111,SOL,3.167032033,3167032033,9,1744882885
8SWwNBmhr7ECtPvjXg61w3taWBM3gG7e54FEVpA6tebc,11111111111111111111111111111111,SOL,0.00718272,7182720,9,1744882885
3Sj2D46ai68nSqzMUHwuLcLmRz4DbyjcyLxGzuL7itd1,11111111111111111111111111111111,SOL,0.00203928,2039280,9,1744882885
3Sj2D46ai68nSqzMUHwuLcLmRz4DbyjcyLxGzuL7itd1,mSoLzYCxHdYgdzU16g5QSh3i5K3z3KZK7ytfqcJm7So,mSOL,29.152433103,29152433103,9,1744882885
DWjrzUWQ9bfEJjgGMKEVxYcka7WxfUvrJYpQ6CBou8L7,11111111111111111111111111111111,SOL,0.00203928,2039280,9,1744882885
DWjrzUWQ9bfEJjgGMKEVxYcka7WxfUvrJYpQ6CBou8L7,he1iusmfkpAdwvxLNGV8Y1iSbj4rUy6yMhEA3fotn9A,hSOL,66.833253219,66833253219,9,1744882885
D4pFR3pVK9nQPdVfysqrq5tWVG2tjG3edLQgENnyYhHw,11111111111111111111111111111111,SOL,0.0233856,23385600,9,1744882885
8cxDcfMRDBWZvcaz9AfSRrGWiGkKSgsaXzttny72gWw4,11111111111111111111111111111111,SOL,0.07143744,71437440,9,1744882885
3osbHYTRnfSJGzfM15xx9W6UHoWUW9FnhmjSu4SpyEjw,11111111111111111111111111111111,SOL,0.07143744,71437440,9,1744882885
obriQD1zbpyLz95G5n7nJe6a4DPjpFwa5XYPoNm113y,11111111111111111111111111111111,SOL,0.00114144,1141440,9,1744882885
J4HJYz4p7TRP96WVFky3vh7XryxoFehHjoRySUTeSeXw,11111111111111111111111111111111,SOL,0.00256128,2561280,9,1744882885
he1iusmfkpAdwvxLNGV8Y1iSbj4rUy6yMhEA3fotn9A,11111111111111111111111111111111,SOL,0.1014617,101461700,9,1744882885
mSoLzYCxHdYgdzU16g5QSh3i5K3z3KZK7ytfqcJm7So,11111111111111111111111111111111,SOL,7.945023603,7945023603,9,1744882885
CiLTwQuL1GKwz5P4CnPTh23ZjeypLUFfFBGNzTLGzARX,Es9vMFrzaCERmJfrF4H2FYD4KCoNkY11McCe8BenwNYB,USDT,0.0,0,6,1744882885
CiLTwQuL1GKwz5P4CnPTh23ZjeypLUFfFBGNzTLGzARX,11111111111111111111111111111111,SOL,0.0,0,9,1744882885
ABJdUn8JCGQKFLYkNMMb2ozgo8QtRgHn97HuUEX7VA8P,11111111111111111111111111111111,SOL,0.002912398,2912398,9,1744882885
BogSVQeQzTK2FfqS1JYwvhqWi4DsLNHBfPkYaJ5KazUs,11111111111111111111111111111111,SOL,0.00203928,2039280,9,1744882885
BogSVQeQzTK2FfqS1JYwvhqWi4DsLNHBfPkYaJ5KazUs,Es9vMFrzaCERmJfrF4H2FYD4KCoNkY11McCe8BenwNYB,USDT,10.848809,10848809,6,1744882885
3T6Zw1r7ZLUqnPipbT6iarEuXsMELGYDw91LccQzpJAV,11111111111111111111111111111111,SOL,0.0,0,9,1744882885
2sZomfWMDuQLcFak3nuharXorHrZ3hK8iaML6ZGSHtso,11111111111111111111111111111111,SOL,0.00122496,1224960,9,1744882885
CXZhzKePYajrZgZyrzgvHYFKK3c5tNgDrRobAgySo8Nb,11111111111111111111111111111111,SOL,0.00122496,1224960,9,1744882885
HDveCibToLf157NtUqShCEWX3GcF4Aq8Ngt2bst1s1cc,11111111111111111111111111111111,SOL,0.00122496,1224960,9,1744882885
5DYEjGpr28q3EsLKAnLXiDq6UeaFgDFZ5Gdwgp5RmPAp,11111111111111111111111111111111,SOL,0.00122496,1224960,9,1744882885
GqjDJZu9bNCebq5PTUbjRrgw1LK84GEexVjrfYJ76YXc,11111111111111111111111111111111,SOL,0.00122496,1224960,9,1744882885
A9J2j1pRB2aPqAbjUTtKy94niSCTuPUrpimfzvpZHKG1,11111111111111111111111111111111,SOL,0.00122496,1224960,9,1744882885
HmeJeBKgceqvSBd5XBXZUYECLabnbS1SefLkeJKH8ERK,11111111111111111111111111111111,SOL,0.00122496,1224960,9,1744882885
Eo8x9Y1289GvsuYVwRS2R8HfiWRXxYofL1KYvHK2ZM2o,11111111111111111111111111111111,SOL,0.00122496,1224960,9,1744882885
7GPbmQee2T4jMsJg99GuzWyMuzr8c2Uk7rAR9qvvQkzf,11111111111111111111111111111111,SOL,0.00122496,1224960,9,1744882885
7MTjmteQHhthwwTZhUzsc2dP4NBvGNRqj8jzdqNxHFGE,11111111111111111111111111111111,SOL,9.363440821,9363440821,9,1744882885
ENVaKoD7ytn58xJ8s5htFfQ8hqQt1G9dcPUDqbSwVcgB,11111111111111111111111111111111,SOL,98.13274565,98132745650,9,1744882885
EBk678aQvc3cUkfGyoehfw21JQfJXjmWuBeopYc89RSV,11111111111111111111111111111111,SOL,51.247979983,51247979983,9,1744882885
EtMSc3MvcDXUr6ChK5GxyFVwTxYA3zqP5XzjE9jwKvSV,11111111111111111111111111111111,SOL,41.743201813,41743201813,9,1744882885
AxH9Kq4TiwdXQFsuzNLCuxsEqK6SnG2NuZnBeQwSfXQ3,11111111111111111111111111111111,SOL,369.155929084,369155929084,9,1744882885
obQwgLA6huSxbsD4e3Uwn9eFQBoqy1rdt9XArTJVUqf,11111111111111111111111111111111,SOL,4.0015,4001500000,9,1744882885
ASP51HJJBsBNRMtzbatckVEShQMgmY2oa9VPHj4bYZ67,11111111111111111111111111111111,SOL,4.0015,4001500000,9,1744882885
6NJvJKZdBLGRN4xNR6EtsGHUYPigsvXMJ7VNnyBTqgKd,11111111111111111111111111111111,SOL,4.001500001,4001500001,9,1744882885
EDzTdSDx9zjoghpJ8AZwhnxer1eo74B1BiFp8NDTfDoP,11111111111111111111111111111111,SOL,4.0015,4001500000,9,1744882885
4RE3Ja1TCF1cbyUpQndjvA22ZZbZfoGbyopLF8YnPDiv,11111111111111111111111111111111,SOL,4.0015,4001500000,9,1744882885
6jyoAwbbizq3wgws8iXdFzwWmFitEVwSPgYGQDmMBrtF,11111111111111111111111111111111,SOL,4.0015,4001500000,9,1744882885
31acRxsX3Rqw5uRy4gt2xhhNqnUXcaex9GkRDiQSYoXc,11111111111111111111111111111111,SOL,4.0015,4001500000,9,1744882885
4CxaD13RHBqyuChDGmhN1WE4LToufYL5TX7oKEdPXFDM,11111111111111111111111111111111,SOL,4.0015,4001500000,9,1744882885
9djhQx8gR4TsxhqNDG5KEfYjp2Jxdi7yhzjNnF99Ys8k,11111111111111111111111111111111,SOL,4.0015,4001500000,9,1744882885
D6KDYmgat1ovSbbYguFeLcoP7E6mFDicKiea6xpWLh6J,11111111111111111111111111111111,SOL,4.0015,4001500000,9,1744882885
5e1Gbqw19SkoEtAWGHzS4dUH3VRpM3XrKziPEDgDcmwr,11111111111111111111111111111111,SOL,4.0015,4001500000,9,1744882885
AAvEw3cWPwECVFkyiJeFrK7ZAsvkERGYcrbyiuxdKJa1,11111111111111111111111111111111,SOL,4.0015,4001500000,9,1744882885
Dv5mzPh26MCmzx5rpF5HudWpoQPmXrZtKn5D18VRRkeu,11111111111111111111111111111111,SOL,4.0015,4001500000,9,1744882885
4N1P6LDE7ufGBL4QS4Z6LDW16WssMsCFqxhojVqC69vi,11111111111111111111111111111111,SOL,4.0015,4001500000,9,1744882885
J3tHgt4VgTyrhQBGnB9YVyLa2EYDZfEXeUU4zH1oSxDm,11111111111111111111111111111111,SOL,4.0015,4001500000,9,1744882885
H8F3bR7UCxNT1J6v9GN5TaGHJHYRVTYyFvBPfgTu7eJe,11111111111111111111111111111111,SOL,4.0015,4001500000,9,1744882885
28m4tDEjMVuBeDDUp8EPzzNRb1p6XBhGuZCAezpm9qK5,11111111111111111111111111111111,SOL,4.0015,4001500000,9,1744882885
CLjoH4i9iiPV2vogsDmNZjJ3s7xwRNVQkhJowZdm7Sw8,11111111111111111111111111111111,SOL,4.0015,4001500000,9,1744882885
6Qkx1YjWxsyFnYaRg2BtaZdrb2ayac1Nh72axrt7uYVN,11111111111111111111111111111111,SOL,4.0015,4001500000,9,1744882885
7cjjv6QyLEpXBEkgsy8KxWtASvpC5ytm6kTDexkCgCyK,11111111111111111111111111111111,SOL,4.0015,4001500000,9,1744882885
F7p4RxcK38b1BCohdMfCzZ3LooAqBUXEXMxnBR6URipG,11111111111111111111111111111111,SOL,4.0015,4001500000,9,1744882885
9AYJwDsMV5TYjpX84jUZ28THMTAS4EVCdvwLL24LTdAd,11111111111111111111111111111111,SOL,4.0015,4001500000,9,1744882885
9CAEjVhpcNAkhRseMnRj8kxGfZe9w8AJJEktLbMWNgPd,11111111111111111111111111111111,SOL,4.001500001,4001500001,9,1744882885
HakcpputBQgtdoBgh9EWgb5R1eR1Xmknd98uoZQbWuH1,11111111111111111111111111111111,SOL,4.0015,4001500000,9,1744882885
DuxLrPBQcnLJiiaBdcNsZKAdKVFMQAejpqc9XkWMRj7N,11111111111111111111111111111111,SOL,4.0015,4001500000,9,1744882885
F5yh6jTrD2Ky9S4PUmkWMycy67fmRRXwe5ozJqHwRp64,11111111111111111111111111111111,SOL,4.0015,4001500000,9,1744882885
5M5sAJjvjVPSm1P32vsEDBwRto9gRWrHr7biXuUxv6V2,11111111111111111111111111111111,SOL,4.0015,4001500000,9,1744882885
2wvyTYLPXY7xKn61bKbxQysam5i3a1nMZXdvV1WuUmfC,11111111111111111111111111111111,SOL,4.0015,4001500000,9,1744882885
KuWQCjQb8miHh1XYQ2aMeBP4gGtiKvskDTwN7Eg2gyS,11111111111111111111111111111111,SOL,4.001500001,4001500001,9,1744882885
FZfXu1byWPZ2SoRjKDwxnVcXHFc6tNxRhUgoNuY878WF,11111111111111111111111111111111,SOL,4.0015,4001500000,9,1744882885
6gbhdXvhfWG9iL7sZmuY9HxrsSC5k6hAhpxrjgCXxrLy,11111111111111111111111111111111,SOL,4.0015,4001500000,9,1744882885
HV97UawVnW7oakGxWbvoj3Hyw4EyQLTtXc8r2hwMQW71,11111111111111111111111111111111,SOL,4.001500001,4001500001,9,1744882885
8Dx4zobXUpFmCpKuEpxc7xGN1KVkdyzKRo2MCQyj3qbf,11111111111111111111111111111111,SOL,4.0015,4001500000,9,1744882885
E1kshfYCBB4tgxaQsWabWaS8cv6nDQv3Fio93AorsDRE,11111111111111111111111111111111,SOL,4.0015,4001500000,9,1744882885
AKYfhH8t5SrGTsj7FkQzTZo1qUTuZe3Mugm6F9bMbG1P,11111111111111111111111111111111,SOL,4.0015,4001500000,9,1744882885
F6yaEk47DRd7C2DjcKCj8RSeGKZVCWq8Jy7UsbNEVizi,11111111111111111111111111111111,SOL,4.0015,4001500000,9,1744882885
8MShZgLVC5Ggk4nVgQSGGNz5BAvWv6GB4Ne2JLDuWhm1,11111111111111111111111111111111,SOL,4.0015,4001500000,9,1744882885
5HMQFvJjzSBoM4JJ9p9irsAcTuppsj421q5Tn6aKY8A4,11111111111111111111111111111111,SOL,4.0015,4001500000,9,1744882885
DuCTQQR7RhjURzA7x5PPZbh9qrtkeeJbYtUTyPX7AfGV,11111111111111111111111111111111,SOL,4.0015,4001500000,9,1744882885
8gksRa4ci19QXxUCdTHRYhYjmVH3ehdDzsCFWXYGZvFe,11111111111111111111111111111111,SOL,4.001500001,4001500001,9,1744882885
34JpEhNnHshpm2E3Gtvz5hkXXc7ZVqi2diYQweqSDZjz,11111111111111111111111111111111,SOL,0.0,0,9,1744882885
DWM4pTTdkvWc82ZPCPVv6ZY1TdHJRkyTxfNf5S1GZpCG,11111111111111111111111111111111,SOL,2.744001345,2744001345,9,1744882885
Ck84EAobQ68bR5hCemL13koUrXWrae6KpzKbByzPUJjg,11111111111111111111111111111111,SOL,1361.597249553,1361597249553,9,1744882885
2Cm2yFN6NjjcxaNriT1HkbFV9D2Xafq9iKm3hKDVhjmj,11111111111111111111111111111111,SOL,0.02,20000000,9,1744882885
2e35eVTDrvYS6EK65A5FkKBDbuCig2B1CP5rdQbYsV5D,11111111111111111111111111111111,SOL,0.02,20000000,9,1744882885
6Sd2MGEjPxUqzr9iqCM1ZfRUp9C21d4di59eJAj7vEWf,11111111111111111111111111111111,SOL,0.02,20000000,9,1744882885
6zAKGsv26rHEiR5fnRMZ1HTGWtxcfn1y4WPLbc1CaJyw,11111111111111111111111111111111,SOL,0.02,20000000,9,1744882885
7HrV1vSHXHKrPUfzwSdTpfUFrhvDHXhwgbhwbsB336i3,11111111111111111111111111111111,SOL,0.02,20000000,9,1744882885
949dmFLvSTPt9kt5LqmuEDiYJuQBvS2b7CU9kBTpgqgx,11111111111111111111111111111111,SOL,0.02,20000000,9,1744882885
AMQcRvFyJeAX6Y5W2tivzeYM3vQDc46QbYC94FSR6N7x,11111111111111111111111111111111,SOL,0.02,20000000,9,1744882885
Ek6Vm5hcZwfDrJx4k4p7ngtubLeiAPvqGxn9MHzePBz,11111111111111111111111111111111,SOL,0.02,20000000,9,1744882885
Gq5NXe4W4G1p8fp8bv51THArQcqXYvaWJqQtx8YySfSj,11111111111111111111111111111111,SOL,0.02,20000000,9,1744882885
9PgHM68FNGDK6nHb29ERDBcFrV6gNMD8LyUqwxbyyeb2,11111111111111111111111111111111,SOL,0.00122496,1224960,9,1744882885
C5fiAmQyjdfDR4EGepZqnEL3fJwMBav5yoAk6XyKMF6u,11111111111111111111111111111111,SOL,0.00122496,1224960,9,1744882885
5QZMnsyndmphvZF4BNgoMHwVZaREXeE2rpBoCPMxgCCd,11111111111111111111111111111111,SOL,0.00122496,1224960,9,1744882885
5uR6oza6teuMRpjsbMi9fDhCDid2hoYdRBiLW7WzcK54,11111111111111111111111111111111,SOL,0.00122496,1224960,9,1744882885
BboTg1yT114FQkqT6MM3P3G3CcCktuM2RePgU8Gr3K4A,11111111111111111111111111111111,SOL,0.00122496,1224960,9,1744882885
4A3KroGPjZxPAeBNF287V3NyRwV2q8iBi1vX7kHxTCh7,11111111111111111111111111111111,SOL,0.00122496,1224960,9,1744882885
BERaNi6cpEresbq6HC1EQGaB1H1UjvEo4NGnmYSSJof4,11111111111111111111111111111111,SOL,0.00122496,1224960,9,1744882885
3BGheQVvYtBNpBKSUXSTjpyKQc3dh8iiwT91Aiq7KYCU,11111111111111111111111111111111,SOL,0.00122496,1224960,9,1744882885
FPQjZYvHRGy51guJ77p7n9u9b8eo1ktKRc2D2g5Vysth,11111111111111111111111111111111,SOL,0.00122496,1224960,9,1744882885
3RgNWYYcZCKf5uZfriK8ASUbGQErhH6YbpdvZQ7ZKDCf,11111111111111111111111111111111,SOL,0.00122496,1224960,9,1744882885
138RQdT1frDTnEp989V7gUWoQ5yg382ns4ihjvgJLcz7,11111111111111111111111111111111,SOL,0.00122496,1224960,9,1744882885
Fbd2hz8Uz26gLm2Jrj7WSrhxusrh9VuSEWVpLBPJgMYX,11111111111111111111111111111111,SOL,0.00122496,1224960,9,1744882885
6VXU2P9BJkuPkfA7FJVonBtAo1c2pGnHoV9rxsdZKZyb,11111111111111111111111111111111,SOL,0.00122496,1224960,9,1744882885
3ivZ5AnnUhocgmjiWjT8kDV87S6PpEL3CEHcd3vn2itM,11111111111111111111111111111111,SOL,0.00122496,1224960,9,1744882885
CrW8rga5bEZP1KBnqoQmPUcnYjrCPYQFbrMja99QKxsK,11111111111111111111111111111111,SOL,0.00122496,1224960,9,1744882885
r8eNLQ8jysUyk9rrWXuicwAoKZ7V3YngAB6737zfxmv,11111111111111111111111111111111,SOL,0.00122496,1224960,9,1744882885
8M8mjNJ42k2Xi12Q1zRnQRC3xhggu3WGuftiu5VZZmsF,11111111111111111111111111111111,SOL,0.00122496,1224960,9,1744882885
AZVVDFve8ijzLAm9z6W53GFsoWbcycFsdxCL7WUjMz8S,11111111111111111111111111111111,SOL,0.00122496,1224960,9,1744882885
55722FS8VeAxRghz5h2ARJvNjkFiHyzkZ9BF7CEQWN6E,11111111111111111111111111111111,SOL,0.00122496,1224960,9,1744882885
8FauFNbX2gvjkPLH8w2kntXCcSGCwZL2prZjHBpvq6aE,11111111111111111111111111111111,SOL,0.00122496,1224960,9,1744882885
FyLVPAKkgdAy8Gn9jnFYN5yjC1ubQWRkw2EHt2UnC8uA,11111111111111111111111111111111,SOL,136.123354273,136123354273,9,1744882885
DKeL7T5t7XXKSbWpM3i9mkV9hRhqrEDbVVyL63AJ7TqE,11111111111111111111111111111111,SOL,0.35463984,354639840,9,1744882885
8augxYLUge2iWmitQMwbcBL5VQEpsM6aJdRofhwpnzyw,11111111111111111111111111111111,SOL,54.685348705,54685348705,9,1744882885
o27rnqfNHPwHsRp2xPXXwWzn2q2dGxn6UD4Rt5KMU5h,11111111111111111111111111111111,SOL,10.433555872,10433555872,9,1744882885
43Am3PKFeo9cACpqYL5Sk95rpVdxLw3Mc22PqRqZXEW2,11111111111111111111111111111111,SOL,104.60609652,104606096520,9,1744882885
EBVj3uwSKZpqEb1K267JaPxDQhULVqCy6hYeQqjsPh81,11111111111111111111111111111111,SOL,14.087335843,14087335843,9,1744882885
ark1hdnnfmusE24wGHkyVG1gdRCqfmXs9drasDAdABZ,11111111111111111111111111111111,SOL,4.33685728,4336857280,9,1744882885
reyYoUdFgtDLxAWW1hyn5xk2PHstA3j8zUrerQi9Ayq,11111111111111111111111111111111,SOL,15.564281324,15564281324,9,1744882885
7kwZc68XSEs3bgPcHjh6XKUG2t5ocWKEZtnVJYcEjvPs,11111111111111111111111111111111,SOL,185.92409966,185924099660,9,1744882885
4k4op6epymSYQkuJoX31azW2bdXh3exmEsj7wLCRKaPB,11111111111111111111111111111111,SOL,0.432514086,432514086,9,1744882885
H3n2gVjzxhMWTXgqnrTfi8WdqAcQFuoHy5SqvAdqkMF4,11111111111111111111111111111111,SOL,0.850537282,850537282,9,1744882885
4jx1b7HCN9nCxygP3hruC85BxcYndhxby4hkNexuHvxT,11111111111111111111111111111111,SOL,0.338763354,338763354,9,1744882885
8Zh5A5Hs6bJFAyWrLGMaF2VEUVbXFANtfuw7824Hd5XV,11111111111111111111111111111111,SOL,4.061812457,4061812457,9,1744882885
3P2Fq9v1NwtrVTnwPGj2qVdVwnSvuNovZJWGS7nRvoin,11111111111111111111111111111111,SOL,4.555500626,4555500626,9,1744882885
TrUtH9WTw1jBVuuExpm3MnC5XF7mW6J3x6oXXA9yX4U,11111111111111111111111111111111,SOL,8.404450824,8404450824,9,1744882885
TrutHUEykD2UsmAq7W3hA4r3XiQxGLqhENAwo9522xa,11111111111111111111111111111111,SOL,0.46309137,463091370,9,1744882885
BxkAkLR2W3agWtjMXBNvhxmB8vsn7zhjNQcyfost99KY,11111111111111111111111111111111,SOL,7.663061825,7663061825,9,1744882885
FSDKGroWxgBf7VmV6X1NLDhnncrWW2ekztwRWiJrPf3k,11111111111111111111111111111111,SOL,17.422891447,17422891447,9,1744882885
92VEPQZ6VK9x5rSxw6c3nNiVb3H32nF1ZeaeqkaFXTwK,11111111111111111111111111111111,SOL,9.711248349,9711248349,9,1744882885
4VgntoyhaZ9TFXCJ73xNSon3sL4ieV2yrACRFSCnzf6i,11111111111111111111111111111111,SOL,0.0270744,27074400,9,1744882885
9gFxqsXbFyrKXUkqpAatonn47uYZ7sEZSnMxhzQoXrUJ,11111111111111111111111111111111,SOL,29.195653605,29195653605,9,1744882885
48oxpSHQkM4sdXUY9NQ8KnEtebzZbyk8uUT7JRdVQNuf,11111111111111111111111111111111,SOL,4.700621843,4700621843,9,1744882885
AWZhUiQjrjtxL8MEMWsCFbMausFQKkdTnDsFW2i411hN,11111111111111111111111111111111,SOL,143.76927373,143769273730,9,1744882885
41HgiTYQ3qDWFW8jSDkecH2mEHUqZsmwFGDPndtmyLDR,11111111111111111111111111111111,SOL,0.913081646,913081646,9,1744882885
BCeczqpTRPigndHVJu1KEzno1Uhb4hjrE7ttmAndrV1p,11111111111111111111111111111111,SOL,52.719083535,52719083535,9,1744882885
FdGcvmbpebUwYA3vSywnagsaC3Tq3pAVmcR6VoxVcdV9,11111111111111111111111111111111,SOL,58.008322954,58008322954,9,1744882885
7CR3Jq4ny2tsr3DX3DvyjoU8TYs776MGkU6nLMWjAqCT,11111111111111111111111111111111,SOL,36.009086378,36009086378,9,1744882885
EcLPNfLFgCkbcTuvdeQ85pnQMgAfBDqi2dkoNVPrSyr5,11111111111111111111111111111111,SOL,0.792657957,792657957,9,1744882885
3VV7jhspRhapnvCHTNxJeUzEXCpAJGSYbhHeCvTndHHa,11111111111111111111111111111111,SOL,36.953043233,36953043233,9,1744882885
EwtnPXAgJsN8GVpX4GiJc1pSKcMGnCVmwwDiXrjuC3fP,11111111111111111111111111111111,SOL,4.717905737,4717905737,9,1744882885
Awes4Tr6TX8JDzEhCZY2QVNimT6iD1zWHzf1vNyGvpLM,11111111111111111111111111111111,SOL,246.639208543,246639208543,9,1744882885
DumiCKHVqoCQKD8roLApzR5Fit8qGV5fVQsJV9sTZk4a,11111111111111111111111111111111,SOL,2299.224513873,2299224513873,9,1744882885
axy3tCRL3wmFMVG4c69rYurcf4fXhBo2RcuBj9ADnJ4,11111111111111111111111111111111,SOL,10.687891298,10687891298,9,1744882885
axyQeKp44XqUnvC1jVHoeuAJ3j8wVnGeWtddeAcNYcF,11111111111111111111111111111111,SOL,6.362990944,6362990944,9,1744882885
PhanqzjXBf2w2ctxCmTUaspqPmFrQLn8svP6svBm5dQ,11111111111111111111111111111111,SOL,16.23278884,16232788840,9,1744882885
PhanYoJW5cNR5fdkj4b7XKFpECYJRom3RP8WoYoK4eN,11111111111111111111111111111111,SOL,0.0270744,27074400,9,1744882885
C64HQzVeuUakYPTFAbKsrhmzSiQYJDKtE8B3A1bDGrqG,11111111111111111111111111111111,SOL,0.030000002,30000002,9,1744882885
5WF1VwByGfW31Nmk1xcfz9k5YyZLskX4659JXyAA3rpb,11111111111111111111111111111111,SOL,0.032396803,32396803,9,1744882885
EuFGYR8gvg5SknEnYj8iGneaHWNkGvhYrE5ydvXvLpfX,11111111111111111111111111111111,SOL,94.801640581,94801640581,9,1744882885
7F6Q6C9sthb4DPaM3gnncwopgJmuFFTu1jYjhBUdvqhj,11111111111111111111111111111111,SOL,0.624048726,624048726,9,1744882885
mythxvB89eT3C1TKwwhsvdHfYq2aoCt2es8vLoDFYyk,11111111111111111111111111111111,SOL,7.166076102,7166076102,9,1744882885
mythxna3hpzXSbaseyR12vu5Vvym1HxS92eCgXLvY7w,11111111111111111111111111111111,SOL,1.718449416,1718449416,9,1744882885
HwN6eoEe9N3kwHi66hpQDBMFPk6ASQGthWKPX5MZmisp,11111111111111111111111111111111,SOL,9.878712718,9878712718,9,1744882885
HwcVgFSgmfeeF7zGFUBLoVA8Hpx8rtwyfCrJ1npBaSVC,11111111111111111111111111111111,SOL,0.0270744,27074400,9,1744882885
7cJB452VqXe5pM9f6YKcTziWmoHE9Tg4jNWTCpohFiAH,11111111111111111111111111111111,SOL,12.082009508,12082009508,9,1744882885
9Lp7PzvKVMhjqyQfJwxyha5P6thNWMmVDuVVyqqSaK7b,11111111111111111111111111111111,SOL,0.489422791,489422791,9,1744882885
UZBmptMjMSQEPKm4WyUkJeAuvZSqTuNK3cQCKFqJcXT,11111111111111111111111111111111,SOL,11.643972274,11643972274,9,1744882885
QodirbUG8AZQBWpHhPJPfjj1xg4AaQUZCVVtwT8YfPi,11111111111111111111111111111111,SOL,7.954240705,7954240705,9,1744882885
HFTcVVrX93SJwYHAiiHAssb3c4zXqSsF4mNjg5arGPEj,11111111111111111111111111111111,SOL,74.629075077,74629075077,9,1744882885
qjUuLxWo29QCBr7ZQw4EPLkAtmjHS2ZdZpZcH9g7fRb,11111111111111111111111111111111,SOL,16.408202503,16408202503,9,1744882885
FwnWx7x99rGwLmipzz8ii15NqcHkKRo2oS1Y7j6LivgZ,11111111111111111111111111111111,SOL,39.973356295,39973356295,9,1744882885
9f7dqiYNBZbgPesAnLeWnKCtxYHSfMg5x1EMZCJwVwG7,11111111111111111111111111111111,SOL,1.496513371,1496513371,9,1744882885
7G4RfctwLLgqG4ZWfCirU8dfJd87mKQWgB4EHQRv8i7v,11111111111111111111111111111111,SOL,82.055525026,82055525026,9,1744882885
42XzJdJvr1qE7zdEnPQhV5PsN9eyAcR45SWpTrifW1JB,11111111111111111111111111111111,SOL,16.020105917,16020105917,9,1744882885
bxrAptB5ZpZBhoLedJpoGWY5hBjjt3zvVBr2323Rrq6,11111111111111111111111111111111,SOL,119.720298208,119720298208,9,1744882885
bXr9MyoUAaGusQZ4gaUPmSZByHAV7RRGr1FhCW5tFh8,11111111111111111111111111111111,SOL,9.23849959,9238499590,9,1744882885
9oJWvtDMLLM5U5hQ8iZ5LjbZLtHHzys91hvQC6esmsrJ,11111111111111111111111111111111,SOL,2.687943215,2687943215,9,1744882885
8gGA1SZZ4ASou3mHm61T6vM4jskkjYzXFmbCLwtU3x3j,11111111111111111111111111111111,SOL,0.0270744,27074400,9,1744882885
spcti6GQVvinbtHU9UAkbXhjTcBJaba1NVx4tmK4M5F,11111111111111111111111111111111,SOL,30.375013296,30375013296,9,1744882885
49DJjUX3cwFvaZD5rCAwubiz7qdRWDez9xmB381XdHru,11111111111111111111111111111111,SOL,4.236410208,4236410208,9,1744882885
2dfgsiSaZ51QYPsECMYMG247PXxyKdwkV9wTHoQb8YEC,11111111111111111111111111111111,SOL,162.012469541,162012469541,9,1744882885
NDf9Pv6TAxTDPR6ud3djsd2Ux1WS2m2YfTw4qEmSnQH,11111111111111111111111111111111,SOL,86.377572156,86377572156,9,1744882885
9Z2TswRKvvS1d8YZVdgnJAZyqwwVUhk3QLp74J8pEmXs,11111111111111111111111111111111,SOL,46.834637942,46834637942,9,1744882885
GVQEm6h2UjDKhSU54kf7kFumJ5NDWddyYUtgy5eLCtBn,11111111111111111111111111111111,SOL,8.277398582,8277398582,9,1744882885
CTwsruptUccEtZGNxBDbuusHYxkBX3P6ndrxVjSG213y,11111111111111111111111111111111,SOL,2.830663047,2830663047,9,1744882885
Fhks5gukimP6vxKYbRY4V1aw888EgHhpdDSscD9V6bub,11111111111111111111111111111111,SOL,0.849160075,849160075,9,1744882885
AMukCLCr52XxsEjXoDxKKxjNg4FpnsReXNaQx8aR6DJF,11111111111111111111111111111111,SOL,20.044749834,20044749834,9,1744882885
71nnaeTyVeA4pTozAPjRuQyMydQTZCrFUkz7Pzy5tiDJ,11111111111111111111111111111111,SOL,2.588361259,2588361259,9,1744882885
67joanjyAoVmb9nZLyX8p3Gx9tAxzXaUgHDe3kaUH4wf,11111111111111111111111111111111,SOL,88.731449764,88731449764,9,1744882885
9vNLTLdwAdHw8EdiZrLzDtUpm3hp7E2MGaNi6SmdfBGz,11111111111111111111111111111111,SOL,10.792551782,10792551782,9,1744882885
HM1KjNaXa4w8K4gCXbieoMh5gUTNeUhg9fvdXMKeBW3L,11111111111111111111111111111111,SOL,355.130884041,355130884041,9,1744882885
HMV14UAuULSwqmZhsKHzaVkYAd94iWpEeURgbUegfQLc,11111111111111111111111111111111,SOL,0.0785784,78578400,9,1744882885
C1WasioKLnB2D9xiTQ2aDLS2cWKzaHLCVdDNMvgYtNMT,11111111111111111111111111111111,SOL,114.533203615,114533203615,9,1744882885
39xF5qkfK5HBaG4Hkq6bjumUB2k4B5ozEAmfZoobhUVw,11111111111111111111111111111111,SOL,9.747855768,9747855768,9,1744882885
2nhGaJvR17TeytzJVajPfABHQcAwinKoCG8F69gRdQot,11111111111111111111111111111111,SOL,2.568693127,2568693127,9,1744882885
mNyQrNRYAuL2CwNCGmCsmwj9EcG88Sf8hs5rCirZaUr,11111111111111111111111111111111,SOL,0.0270744,27074400,9,1744882885
DXPk4iAzYboXAy2nqg475hMycGXJACoga5LqmfJXM2hB,11111111111111111111111111111111,SOL,32.38358268,32383582680,9,1744882885
5hxHdAJAJrJ8UYkDU2BboECxJdosCYcQqGYjkqJFuCJi,11111111111111111111111111111111,SOL,0.093962798,93962798,9,1744882885
6xUK9Nbonr4eoJNtHGoUEMmYKoPz5mipKzyDBv6deX4d,11111111111111111111111111111111,SOL,13.349648283,13349648283,9,1744882885
8vyuJTHSDkx7k1zymea4TMsgvixf3rCYBXHPDQajePkE,11111111111111111111111111111111,SOL,0.03019045,30190450,9,1744882885
Ee8dX3qtwrDRnxYK6NGQfmMeKT3Qpp2QZHpxiAiw23W9,11111111111111111111111111111111,SOL,44.199586094,44199586094,9,1744882885
5szskKdH8nfnUuHTvn9hnhH3Xuvo7RVmcDDvD5WD7yNh,11111111111111111111111111111111,SOL,4.920953213,4920953213,9,1744882885
8JpfpVyew5Y9cLQCHkt5gqT4vDZLL46ZknMbSThVjzrg,11111111111111111111111111111111,SOL,2.395888984,2395888984,9,1744882885
DUCKsGEPEdNv9QeskPNwoJdWgAXjxUFrkNDEKjAnLWyY,11111111111111111111111111111111,SOL,1.720844137,1720844137,9,1744882885
